row_index,beta1,beta2,beta3,beta4,lambd1,lambd2,rmse
0,3.016021986192324,-2.8991770389368083,-561.2899688202191,556.4142396214526,1.5314814814814814,1.5214714714714714,0.03797264922841175
1,2.9418729470306935,-2.515456672543802,-1997.9381739957682,1997.2910590118636,3.8638138138138136,3.8738238238238236,0.06420924411956808
2,3.0026255327887714,-2.9030630970347495,1137.0415750581692,-1141.943806774238,1.5164664664664664,1.5214714714714714,0.03726024748925934
3,2.951714817675687,-2.860568074716938,551.1429200755097,-555.9420650232865,1.4313813813813814,1.4413913913913914,0.03805986383941417
4,3.1638043725070273,-1.7104590386675724,-6.612061457157749,-3.21537275914461,2.162112112112112,0.12507507507507507,0.02657576912621656
5,2.857671741422688,-2.4905527768249915,-2.0262614270360686,-7.572449429908417,0.29024024024024025,1.911861861861862,0.054809477629670394
6,3.016021986192324,-2.8991770389368083,-561.2899688202191,556.4142396214526,1.5314814814814814,1.5214714714714714,0.03797264922841175
7,3.068996162140944,-2.98233769917829,599.237279669887,-604.3003651238025,1.4714214214214214,1.4814314314314314,0.050907487500670784
8,3.2743562455547717,-3.0861816185292485,-0.8570895690664224,-8.188046861113243,0.5154654654654655,2.162112112112112,0.025478818299162147
9,2.953805547200577,-2.859237089983939,-564.1720434514141,559.3055814742826,1.4514014014014014,1.4413913913913914,0.03797580271929878
10,3.0151637102859072,-2.874989172718842,543.771861866908,-548.6734049413262,1.5515015015015015,1.5615115115115115,0.03327961220099923
11,3.485551392131739,-3.362638462139054,-1221.1370810248636,1215.3656891005094,1.4664164164164164,1.4614114114114114,0.04006758702856397
12,3.1680113418999367,-3.091777484087497,-1277.9928678905937,1272.7228601825248,1.5064564564564564,1.5014514514514514,0.048670457869525154
13,3.495988456692454,-3.377963488401934,1242.637930023725,-1248.4474091723348,1.4814314314314314,1.4864364364364364,0.04547349744203493
14,2.72560444361901,-2.271409384997905,-4494.6997277306655,4494.408592982765,3.9238738738738737,3.9288788788788787,0.07979779786821901
15,3.4688848625725877,-3.072091981048263,-3335.1137408369823,3333.841097327772,3.5635135135135134,3.5685185185185184,0.06414862198830193
16,3.147191569682191,-1.866011434087017,-6.313252150378339,-2.755019982923995,2.247197197197197,0.12007007007007008,0.02915487864265417
17,3.0188131499220554,-2.5932754693131015,-4080.615204447523,4080.016845842555,3.8437937937937936,3.8487987987987986,0.05990538773029301
18,3.4095299005481623,-3.306771553166103,-1282.019433446426,1276.1483353953006,1.4313813813813814,1.4263763763763764,0.036942080310233646
19,2.8543128672585416,-2.5356826067577733,-1.8673226950292385,-7.595034153541308,0.29524524524524526,1.921871871871872,0.050622734458470486
20,2.7067078190671787,-2.2515310429098583,-2153.8151984277156,2153.5309169328552,3.7737237237237236,3.7837337337337336,0.07352397945357848
21,3.175753110668205,-2.8362958734146124,-2161.7913372951434,2160.2012980067207,3.5034534534534534,3.5084584584584584,0.028928366929113717
22,3.1606508107431166,-3.017234633855756,1090.6378903609973,-1095.9115341134034,1.3513013013013013,1.3563063063063063,0.0434469607368957
23,3.0683326377494717,-2.928575922118439,1112.0183581212498,-1117.0338983861259,1.4213713713713714,1.4263763763763764,0.04590833546128697
24,3.4620275210988907,-3.372607250201261,1318.281520860401,-1324.3001938966286,1.3763263263263263,1.3813313313313313,0.03736824702720628
25,3.140604073471509,-1.722333332162028,-6.492983377853696,-3.128319991488289,2.177127127127127,0.12507507507507507,0.02818863962271804
26,2.9418729470306935,-2.515456672543802,-1997.9381739957682,1997.2910590118636,3.8638138138138136,3.8738238238238236,0.06420924411956808
27,3.163882455697981,-1.6920478774412493,-6.645310435911015,-3.265045326452656,2.152102102102102,0.12507507507507507,0.02814492716600811
28,3.462262396059468,-3.3771272474261846,1325.4986574362583,-1331.5204905644296,1.3813313313313313,1.3863363363363364,0.03952266481659968
29,3.115964466020275,-2.9722852874710677,1078.1435029903482,-1083.3118338488746,1.3713213213213213,1.3763263263263263,0.04457737666882905
30,3.0611223622344172,-2.9121845911518554,-552.8637030309178,547.7533385469555,1.3913413413413414,1.3813313313313313,0.038378900396962255
31,2.85030486984702,-2.3943980210397737,2814.639357814193,-2815.7902642464364,3.103053053053053,3.098048048048048,0.059799339981373614
32,3.1680113418999367,-3.091777484087497,-1277.9928678905937,1272.7228601825248,1.5064564564564564,1.5014514514514514,0.048670457869525154
33,3.1651513412993433,-3.079804340810485,-1253.1682143418127,1247.920823173387,1.5164664664664664,1.5114614614614614,0.04817951148157747
34,2.857671741422688,-2.4905527768249915,-2.0262614270360686,-7.572449429908417,0.29024024024024025,1.911861861861862,0.054809477629670394
35,3.4456429061196694,-3.363649544371825,1310.783686389746,-1316.6944420743687,1.3963463463463464,1.4013513513513514,0.037020882088440614
36,3.079910660573762,-2.6643378076927497,-3732.100504515992,3731.22180698304,3.8237737737737736,3.8287787787787786,0.05688266573023494
37,2.9647836520691206,-2.87347055321533,1125.9258268203548,-1130.827035857062,1.4363863863863864,1.4413913913913914,0.03853835954263114
38,2.719607899969317,-2.258294767924918,-2.3427481985699683,-7.3675817535683255,0.25520520520520523,1.896846846846847,0.05511979151801032
39,2.9561468436012266,-2.5221885052370205,2661.5045009889664,-2662.3981254049445,2.907857857857858,2.902852852852853,0.04790398436679833
40,2.9194343813288954,-2.4787640285497203,-4317.239056187342,4316.6853418515375,3.9388888888888887,3.9438938938938937,0.07891975390622626
41,3.096602354947763,-2.938756219481816,539.181898120156,-544.3821947291119,1.3813313313313313,1.3913413413413414,0.03751865427387473
42,2.9713615443004824,-2.877723015545043,-570.0044537924288,565.1301933044023,1.4664164164164164,1.4564064064064064,0.037735006288400846
43,2.8876062416813633,-2.443429656794473,4417.835146037627,-4418.260392319229,3.9238738738738737,3.9188688688688686,0.07996786358159116
44,2.967819748463694,-2.604160392953621,-1.9833200698454279,-7.822653986996144,0.31526526526526527,2.021971971971972,0.04936376810848979
45,3.163712071024962,-2.80919072347707,-2.101704787399522,-8.314758128200017,0.31026026026026027,1.951901901901902,0.03148403046823327
46,2.9626560958554586,-2.8655716210487086,-1112.1974526503213,1107.3447460820598,1.4413913913913914,1.4363863863863864,0.03818363456217459
47,3.101419522379324,-2.9536791586378413,534.1652778510824,-539.3371394503483,1.3663163163163163,1.3763263263263263,0.04215886201092937
48,2.9275739302057375,-2.3573667197928074,-2.659826325271804,-8.076751045357357,0.2401901901901902,1.896846846846847,0.06086245570793119
49,3.0611223622344172,-2.9121845911518554,-552.8637030309178,547.7533385469555,1.3913413413413414,1.3813313313313313,0.038378900396962255
50,2.9858606717831995,-2.8723496739650685,-558.4993246489954,553.6776194667435,1.5364864864864864,1.5264764764764764,0.037805134726252264
51,2.8034140320121717,-2.3504719850703437,4395.918831537323,-4396.416177844149,3.9539039039039037,3.9488988988988987,0.08140646473173373
52,3.13205005238992,-1.7618260084658877,-6.422871971034401,-2.994265410652922,2.212162162162162,0.12507507507507507,0.027769550594101283
53,3.4123519247311935,-3.205381515068042,919.9866943757825,-925.3098822951177,1.6966466466466466,1.7016516516516516,0.02319915791108856
54,2.9873642194981134,-2.8312449589995863,-522.9619188208758,517.9376780611693,1.4764264264264264,1.4664164164164164,0.03694329517046226
55,3.4053601332698125,-3.304336236423759,1274.6337803546935,-1280.5085510611598,1.4213713713713714,1.4263763763763764,0.03492467005488464
56,3.133221071804693,-2.8868315715204287,-1.479547138092673,-8.009903022910322,0.3953453453453453,2.082032032032032,0.029526732674680173
57,2.9513922759813727,-2.5181386122367195,4075.7726605703742,-4076.3659191773113,3.8588088088088086,3.8538038038038036,0.06468283610454297
58,2.9418729470306935,-2.515456672543802,-1997.9381739957682,1997.2910590118636,3.8638138138138136,3.8738238238238236,0.06420924411956808
59,3.2743562455547717,-3.0861816185292485,-0.8570895690664224,-8.188046861113243,0.5154654654654655,2.162112112112112,0.025478818299162147
60,2.722066132747821,-2.26922042921123,4068.981407584647,-4069.326057688434,3.6536036036036035,3.6485985985985985,0.06818397566558124
61,3.163882455697981,-1.6920478774412493,-6.645310435911015,-3.265045326452656,2.152102102102102,0.12507507507507507,0.02814492716600811
62,3.312483958598037,-2.917034034392754,-1769.0348180751291,1767.955819388445,3.7286786786786785,3.7386886886886885,0.06577108416148486
63,3.4099615634658784,-3.204760483827016,-1.087737936659145,-8.564370667177824,0.48543543543543544,2.132082082082082,0.02639440925987578
64,3.199521946362388,-2.8505197859655675,-2.09350414567649,-8.35860143762484,0.3202702702702703,1.981931931931932,0.030150421535324556
65,3.1330956384949307,-2.794471890768878,-2142.659115640658,2141.0931259512877,3.5184684684684684,3.5234734734734734,0.028597786688291067
66,3.096602354947763,-2.938756219481816,539.181898120156,-544.3821947291119,1.3813313313313313,1.3913413413413414,0.03751865427387473
67,3.06330809422694,-2.6308727872234177,-3912.371601402185,3911.698461538101,3.6886386386386385,3.6936436436436435,0.06963392019954635
68,3.407935047822221,-3.1884874412435202,-1.1946622326126637,-8.273387466059493,0.49044044044044044,2.112062062062062,0.022509044419323776
69,2.722066132747821,-2.26922042921123,4068.981407584647,-4069.326057688434,3.6536036036036035,3.6485985985985985,0.06818397566558124
70,3.140604073471509,-1.722333332162028,-6.492983377853696,-3.128319991488289,2.177127127127127,0.12507507507507507,0.02818863962271804
71,2.9199931298601864,-2.754034164378103,1007.0193079087188,-1011.9546164866485,1.5014514514514514,1.5064564564564564,0.03009340086484367
72,3.3738466823938458,-3.259941202868817,1261.6172432423086,-1267.566141707457,1.3713213213213213,1.3763263263263263,0.030047462598297804
73,2.749820426191956,-2.3536343991548025,-2.0707806650301057,-7.342720043826909,0.28023023023023025,1.911861861861862,0.05627086001796813
74,2.971560282770037,-2.822960363008432,1063.9372767116868,-1068.7836089326493,1.4564064064064064,1.4614114114114114,0.04172307963170786
75,2.7653950445451234,-2.3765469660324916,-2.0096201925078714,-7.388179292822267,0.28523523523523525,1.926876876876877,0.05319135951796339
76,3.2210757422519256,-3.1356303562727,1267.692490692769,-1273.0636226500808,1.4714214214214214,1.4764264264264264,0.051048771521571314
77,3.236728363446506,-3.157307882972327,-639.0839210677688,633.7430556491582,1.5164664664664664,1.5064564564564564,0.05103877580602996
78,2.9777549148511713,-2.8223314723769866,-540.0306695713223,535.1980039303251,1.4614114114114114,1.4514014014014014,0.04256531915119306
79,3.3074350296480657,-3.2085722563102634,-1303.4563557754173,1298.0090903704374,1.5765265265265265,1.5715215215215215,0.04666576101912551
80,2.9626560958554586,-2.8655716210487086,-1112.1974526503213,1107.3447460820598,1.4413913913913914,1.4363863863863864,0.03818363456217459
81,3.3748674941145294,-3.263028006107085,638.5576186191721,-644.378736242557,1.4313813813813814,1.4413913913913914,0.034735530391155664
82,3.6358239359756466,-3.232083770588014,1579.7851565911133,-1581.4425483520272,3.5484984984984984,3.5384884884884884,0.060003901711048274
83,2.8438403341502685,-2.3891844314318247,-2175.8056876741725,2175.2154061009546,3.9288788788788787,3.9388888888888887,0.08286418892478799
84,3.627849953644362,-3.492013076826358,0.0038004292610438655,-8.760522092747113,0.47542542542542543,1.4764264264264264,0.03012325983187373
85,2.9199931298601864,-2.754034164378103,1007.0193079087188,-1011.9546164866485,1.5014514514514514,1.5064564564564564,0.03009340086484367
86,3.006632724012717,-2.5532361994660295,-2.362413694727562,-7.941320210284435,0.29024024024024025,1.996946946946947,0.05117087970657161
87,3.1651513412993433,-3.079804340810485,-1253.1682143418127,1247.920823173387,1.5164664664664664,1.5114614614614614,0.04817951148157747
88,3.1368884766119414,-2.8877704485071307,-1.4516402120364411,-7.988571914303675,0.4003503503503503,2.062012012012012,0.030848436173154227
89,2.981269400910719,-2.547562184978568,-4269.928981417396,4269.352165271406,3.9338838838838837,3.9388888888888887,0.07056449953009002
90,2.995927420900605,-2.6114533775908253,-2.0930712987847446,-7.847158418257419,0.31526526526526527,2.046996996996997,0.05168447470331319
91,3.1085215834524584,-2.9972547062062276,1067.52350078203,-1072.6726298177678,1.3663163163163163,1.3713213213213213,0.04447120858573253
92,2.989934274089268,-2.8246010870900573,1067.519403175332,-1072.402922993719,1.4764264264264264,1.4814314314314314,0.04208399211974493
93,3.3464299811961005,-3.1707648680225913,-6.111326443875872,1.7331949379323435,2.312262262262262,0.8758258258258258,0.023062719774893325
94,3.5086853060796543,-3.1156223274571477,-3193.7103752468747,3192.3083501318015,3.5334834834834834,3.5384884884884884,0.06057195015342511
95,2.9912774708203034,-2.863901068450828,543.1602053744127,-548.0605388277247,1.4914414414414414,1.5014514514514514,0.03497207961131638
96,3.486870280358343,-3.4292278776799523,-679.5012101604713,673.4817709515576,1.3563063063063063,1.3462962962962963,0.04266194622177477
97,3.341313744734576,-3.150618051135792,-0.9464237814539204,-8.381145032269897,0.5004504504504504,2.147097097097097,0.025036678372379342
98,2.967819748463694,-2.604160392953621,-1.9833200698454279,-7.822653986996144,0.31526526526526527,2.021971971971972,0.04936376810848979
99,3.3890506506589584,-2.1217270592804374,-6.35516720262306,-2.657761768965429,1.8668168168168169,0.11006006006006006,0.027555180860445255
100,3.0210005792872376,-2.8786972573700913,1094.2100200807643,-1099.1154952208626,1.5665165165165165,1.5715215215215215,0.03343708894385275
101,3.1680113418999367,-3.091777484087497,-1277.9928678905937,1272.7228601825248,1.5064564564564564,1.5014514514514514,0.048670457869525154
102,2.7976201206664393,-2.3456482279634017,-4543.179201317176,4542.940343046443,3.9088588588588586,3.9138638638638636,0.08136188800172087
103,2.7805708979694765,-2.3995476273773217,-1.8927522121995684,-7.4999611915926625,0.29524524524524526,1.976926926926927,0.05713748979969035
104,3.4123519247311935,-3.205381515068042,919.9866943757825,-925.3098822951177,1.6966466466466466,1.7016516516516516,0.02319915791108856
105,2.7825832810975735,-2.3373675021336013,2145.761190549947,-2146.080791802259,3.8588088088088086,3.8487987987987986,0.07524410191155777
106,3.0410949338376785,-2.6116352560860405,2014.7557811353806,-2015.2704216695247,3.6836336336336335,3.6736236236236235,0.07051506332963663
107,3.17866621555859,-2.8321359427488257,-2.072664561745474,-8.343914172081217,0.31526526526526527,1.961911911911912,0.030171838669164733
108,2.749820426191956,-2.3536343991548025,-2.0707806650301057,-7.342720043826909,0.28023023023023025,1.911861861861862,0.05627086001796813
109,2.9358176272781256,-2.7819927246153635,1018.7491327646264,-1023.7194789583684,1.4614114114114114,1.4664164164164164,0.03287052740337019
110,3.4599465030328784,-3.2754719227361195,1039.6057066274136,-1045.2723886264066,1.5515015015015015,1.5565065065065065,0.02533728786308673
111,2.9777549148511713,-2.8223314723769866,-540.0306695713223,535.1980039303251,1.4614114114114114,1.4514014014014014,0.04256531915119306
112,3.627849953644362,-3.492013076826358,0.0038004292610438655,-8.760522092747113,0.47542542542542543,1.4764264264264264,0.03012325983187373
113,3.1730749130563902,-2.8121213761785726,-1216.4749193265832,1215.674313690963,3.022972972972973,3.032982982982983,0.026746318444126584
114,3.0737478535504366,-2.9366140902393223,-1092.6920965420568,1087.5735281190969,1.3813313313313313,1.3763263263263263,0.039643414685877724
115,3.0081069266670384,-2.9219062507147253,-559.455879520003,554.5946440648213,1.4614114114114114,1.4514014014014014,0.03747784589908093
116,3.59598255019415,-4.1706181046119015,-1.180895011511238,2.451807703738413,3.5885385385385384,0.17512512512512513,0.0375781823973785
117,3.627849953644362,-3.492013076826358,0.0038004292610438655,-8.760522092747113,0.47542542542542543,1.4764264264264264,0.03012325983187373
118,3.1330956384949307,-2.794471890768878,-2142.659115640658,2141.0931259512877,3.5184684684684684,3.5234734734734734,0.028597786688291067
119,3.3917576785725094,-3.282302737882803,-643.9444458804671,638.3851810250237,1.5665165165165165,1.5565065065065065,0.05232288376723108
120,3.4812788155363945,-3.41854006380026,-667.155652403739,661.1599375645656,1.3513013013013013,1.3412912912912913,0.04039547800881162
121,3.0116323239673335,-2.615143923693294,-2.152953325677028,-7.9567198375696435,0.30025025025025026,1.991941941941942,0.04898582507027269
122,2.9747794932902143,-2.849289515837177,515.3621349970321,-520.3814888540415,1.3813313313313313,1.3913413413413414,0.038185650361497535
123,2.700019415053167,-2.360035790766599,-1.9087421978272008,-7.265400460938973,0.28523523523523525,1.936886886886887,0.05568874695698865
124,3.3869685879468063,-3.2945523722061205,637.6562830051489,-643.5552541526192,1.4113613613613614,1.4213713713713714,0.03138476290711298
125,3.121272159199391,-2.8765751403169997,-1.5058082173914065,-8.097594133276361,0.3653153153153153,1.986936936936937,0.02715116123919876
126,2.822973144179038,-2.375946624667408,1384.5989251758483,-1385.4511034094976,3.007957957957958,2.997947947947948,0.053722011973884244
127,2.949822794093202,-2.851550951837708,554.1066629671847,-558.9830401503607,1.4313813813813814,1.4413913913913914,0.03513206965155368
128,3.08181978701532,-2.649532800105507,4019.7732366600035,-4020.354719125459,3.6736236236236235,3.6686186186186185,0.07672025904538944
129,2.9821244753000387,-2.858923326366336,1089.1341581978488,-1093.9616270265838,1.4313813813813814,1.4363863863863864,0.04254587146997525
130,3.4620275210988907,-3.372607250201261,1318.281520860401,-1324.3001938966286,1.3763263263263263,1.3813313313313313,0.03736824702720628
131,3.0147852840606775,-2.881853081570767,-1056.888611541617,1051.8631067255399,1.4463963963963964,1.4413913913913914,0.03834800925047235
132,2.989934274089268,-2.8246010870900573,1067.519403175332,-1072.402922993719,1.4764264264264264,1.4814314314314314,0.04208399211974493
133,3.1721840844671836,-3.1052949394691023,-1277.0824005562802,1271.8365225828647,1.5064564564564564,1.5014514514514514,0.047015604291833775
134,3.08181978701532,-2.649532800105507,4019.7732366600035,-4020.354719125459,3.6736236236236235,3.6686186186186185,0.07672025904538944
135,3.006632724012717,-2.5532361994660295,-2.362413694727562,-7.941320210284435,0.29024024024024025,1.996946946946947,0.05117087970657161
136,2.996662314413385,-2.9062962010807802,-583.1074424211397,578.2119482404439,1.5114614614614614,1.5014514514514514,0.04079712030048327
137,2.9873642194981134,-2.8312449589995863,-522.9619188208758,517.9376780611693,1.4764264264264264,1.4664164164164164,0.03694329517046226
138,3.333782919399454,-2.918276520424702,-3845.6393659776445,3844.74704211879,3.6936436436436435,3.6986486486486485,0.06527144880323102
139,3.211215140087614,-3.1323534203890326,-1283.7401617046978,1278.4375723601074,1.4814314314314314,1.4764264264264264,0.05085253723745234
140,3.627849953644362,-3.492013076826358,0.0038004292610438655,-8.760522092747113,0.47542542542542543,1.4764264264264264,0.03012325983187373
141,3.163882455697981,-1.6920478774412493,-6.645310435911015,-3.265045326452656,2.152102102102102,0.12507507507507507,0.02814492716600811
142,3.468218838418448,-3.386126503496028,-4.014755010776947,0.7625277407951428,2.267217217217217,0.28023023023023025,0.02893095420151133
143,3.0410949338376785,-2.6116352560860405,2014.7557811353806,-2015.2704216695247,3.6836336336336335,3.6736236236236235,0.07051506332963663
144,3.0309666142245564,-2.93171682852015,1207.8768640020646,-1212.915771122282,1.4864364364364364,1.4914414414414414,0.04605578900071016
145,3.0231923737363267,-2.9621754674697107,1197.1257448809763,-1202.0505479302235,1.4614114114114114,1.4664164164164164,0.04837817170910491
146,3.2509836955566467,-2.9025556402720616,1953.8750942923325,-1955.733616363483,3.3232732732732733,3.3182682682682683,0.03336122556719191
147,2.7810885834716155,-2.328154121818153,-4488.904013106131,4488.5624295330845,3.9338838838838837,3.9388888888888887,0.08198642567405953
148,3.1102940054606223,-2.8281509835647567,-1.7281426505989104,-8.090800093062109,0.3452952952952953,1.996946946946947,0.029707805229344124
149,3.2381909507264446,-3.1604168352088298,-643.2350947497409,637.8903029460671,1.5364864864864864,1.5264764764764764,0.046545748583511716
150,3.431922755947269,-3.3329582153242674,1290.8656716745063,-1296.7720437105418,1.4113613613613614,1.4163663663663664,0.039398866160582906
151,3.468218838418448,-3.386126503496028,-4.014755010776947,0.7625277407951428,2.267217217217217,0.28023023023023025,0.02893095420151133
152,3.1678432982846267,-2.8189845175290014,1023.6247216540361,-1025.4328411251142,3.4483983983983983,3.4383883883883883,0.032189031894290544
153,3.486870280358343,-3.4292278776799523,-679.5012101604713,673.4817709515576,1.3563063063063063,1.3462962962962963,0.04266194622177477
154,3.485551392131739,-3.362638462139054,-1221.1370810248636,1215.3656891005094,1.4664164164164164,1.4614114114114114,0.04006758702856397
155,3.3869685879468063,-3.2945523722061205,637.6562830051489,-643.5552541526192,1.4113613613613614,1.4213713713713714,0.03138476290711298
156,3.0081069266670384,-2.9219062507147253,-559.455879520003,554.5946440648213,1.4614114114114114,1.4514014014014014,0.03747784589908093
157,3.2509836955566467,-2.9025556402720616,1953.8750942923325,-1955.733616363483,3.3232732732732733,3.3182682682682683,0.03336122556719191
158,3.433287969669505,-3.2527372796695184,-1056.0271724777451,1050.4269405659152,1.5615115115115115,1.5565065065065065,0.024264899162758393
159,3.0579642276873877,-2.991695251103168,1182.6323363397198,-1187.5725702713864,1.4714214214214214,1.4764264264264264,0.049567138383650206
160,3.0737478535504366,-2.9366140902393223,-1092.6920965420568,1087.5735281190969,1.3813313313313313,1.3763263263263263,0.039643414685877724
161,2.981269400910719,-2.547562184978568,-4269.928981417396,4269.352165271406,3.9338838838838837,3.9388888888888887,0.07056449953009002
162,3.404383482166147,-3.0014340285984913,-3364.4336140750447,3363.168842840695,3.5735235235235234,3.5785285285285284,0.06904616796906213
163,3.0579642276873877,-2.991695251103168,1182.6323363397198,-1187.5725702713864,1.4714214214214214,1.4764264264264264,0.049567138383650206
164,3.0210005792872376,-2.8786972573700913,1094.2100200807643,-1099.1154952208626,1.5665165165165165,1.5715215215215215,0.03343708894385275
165,3.0579642276873877,-2.991695251103168,1182.6323363397198,-1187.5725702713864,1.4714214214214214,1.4764264264264264,0.049567138383650206
166,2.9626560958554586,-2.8655716210487086,-1112.1974526503213,1107.3447460820598,1.4413913913913914,1.4363863863863864,0.03818363456217459
167,3.121272159199391,-2.8765751403169997,-1.5058082173914065,-8.097594133276361,0.3653153153153153,1.986936936936937,0.02715116123919876
168,3.0579642276873877,-2.991695251103168,1182.6323363397198,-1187.5725702713864,1.4714214214214214,1.4764264264264264,0.049567138383650206
169,2.9275739302057375,-2.3573667197928074,-2.659826325271804,-8.076751045357357,0.2401901901901902,1.896846846846847,0.06086245570793119
170,3.1779978839914453,-3.0979768122504474,-635.7478288934288,630.4730344672826,1.5114614614614614,1.5014514514514514,0.04808206236725005
171,3.5315209667998464,-3.2968997304574343,-754.4131091720966,749.2929808998787,1.7917417417417418,1.7867367367367368,0.0260316053366976
172,3.0611223622344172,-2.9121845911518554,-552.8637030309178,547.7533385469555,1.3913413413413414,1.3813313313313313,0.038378900396962255
173,3.4482733244075243,-3.443551805725228,-3.8439961449127225,0.992195837857854,2.347297297297297,0.26521521521521524,0.028414086491565647
174,3.468218838418448,-3.386126503496028,-4.014755010776947,0.7625277407951428,2.267217217217217,0.28023023023023025,0.02893095420151133
175,3.2012058443189892,-3.124867627835414,1264.607153960709,-1269.8679829748908,1.4714214214214214,1.4764264264264264,0.050405965648754686
176,3.1779978839914453,-3.0979768122504474,-635.7478288934288,630.4730344672826,1.5114614614614614,1.5014514514514514,0.04808206236725005
177,3.096602354947763,-2.938756219481816,539.181898120156,-544.3821947291119,1.3813313313313313,1.3913413413413414,0.03751865427387473
178,3.486870280358343,-3.4292278776799523,-679.5012101604713,673.4817709515576,1.3563063063063063,1.3462962962962963,0.04266194622177477
179,3.4123519247311935,-3.205381515068042,919.9866943757825,-925.3098822951177,1.6966466466466466,1.7016516516516516,0.02319915791108856
180,3.3869685879468063,-3.2945523722061205,637.6562830051489,-643.5552541526192,1.4113613613613614,1.4213713713713714,0.03138476290711298
181,3.1102940054606223,-2.8281509835647567,-1.7281426505989104,-8.090800093062109,0.3452952952952953,1.996946946946947,0.029707805229344124
182,2.8942379012099306,-2.4580889162689545,3262.800790032015,-3263.7199251688235,3.4083583583583583,3.4033533533533533,0.0548945395132306
183,3.1121543456874448,-2.853585859399857,-1.567780724251587,-8.002949363182164,0.3803303303303303,2.077027027027027,0.027018764566329984
184,3.3289163441276575,-2.948763160802986,-2.2279194659947277,-8.647893774928654,0.3202702702702703,1.966916916916917,0.021209192159329794
185,3.0951935643213706,-3.004320915758628,-1218.4314705202335,1213.334477466417,1.4964464464464464,1.4914414414414414,0.04921039213924326
186,2.7825832810975735,-2.3373675021336013,2145.761190549947,-2146.080791802259,3.8588088088088086,3.8487987987987986,0.07524410191155777
187,3.4688848625725877,-3.072091981048263,-3335.1137408369823,3333.841097327772,3.5635135135135134,3.5685185185185184,0.06414862198830193
188,3.06330809422694,-2.6308727872234177,-3912.371601402185,3911.698461538101,3.6886386386386385,3.6936436436436435,0.06963392019954635
189,3.0078617022185608,-2.888917896276019,-1099.884327684949,1094.9656549557405,1.4714214214214214,1.4664164164164164,0.03625184203779897
190,3.1102940054606223,-2.8281509835647567,-1.7281426505989104,-8.090800093062109,0.3452952952952953,1.996946946946947,0.029707805229344124
191,3.4748407393901415,-3.118282909010029,-9.160627892634448,7.103278388388381,2.277227227227227,3.6636136136136135,0.027906448067418568
192,3.4230986772377765,-3.3180240767748184,-631.5351785938586,625.9397174177072,1.5264764764764764,1.5164664664664664,0.05371126619465407
193,3.0134250564239946,-2.8913559803060447,547.8157641069616,-552.7587018913222,1.4764264264264264,1.4864364364364364,0.03602844592465016
194,3.1368884766119414,-2.8877704485071307,-1.4516402120364411,-7.988571914303675,0.4003503503503503,2.062012012012012,0.030848436173154227
195,3.246941880619747,-3.1720559740842416,620.8674358787426,-626.2110735395651,1.4514014014014014,1.4614114114114114,0.0547701349574979
196,3.121272159199391,-2.8765751403169997,-1.5058082173914065,-8.097594133276361,0.3653153153153153,1.986936936936937,0.02715116123919876
197,2.7810885834716155,-2.328154121818153,-4488.904013106131,4488.5624295330845,3.9338838838838837,3.9388888888888887,0.08198642567405953
198,3.4748222735131002,-3.349827388194994,612.7556461116716,-618.5019198519368,1.4914414414414414,1.5014514514514514,0.04865295440182466
199,2.722066132747821,-2.26922042921123,4068.981407584647,-4069.326057688434,3.6536036036036035,3.6485985985985985,0.06818397566558124
200,3.471357570545161,-3.3472005415157726,-618.610208461574,612.9200043722443,1.5114614614614614,1.5014514514514514,0.04924200739619087
201,3.4748222735131002,-3.349827388194994,612.7556461116716,-618.5019198519368,1.4914414414414414,1.5014514514514514,0.04865295440182466
202,3.1204165929464343,-2.8208600617892747,-1.839342353422128,-8.166000727529223,0.3302802802802803,1.976926926926927,0.03086289791594967
203,3.211215140087614,-3.1323534203890326,-1283.7401617046978,1278.4375723601074,1.4814314314314314,1.4764264264264264,0.05085253723745234
204,2.959211140027806,-2.8084775095012247,-1045.7836154098343,1040.7718813284687,1.4714214214214214,1.4664164164164164,0.029943965104288935
205,3.2210757422519256,-3.1356303562727,1267.692490692769,-1273.0636226500808,1.4714214214214214,1.4764264264264264,0.051048771521571314
206,2.9675436213748165,-2.5323629859780654,-4264.176930992086,4263.610312583746,3.9188688688688686,3.9238738738738737,0.07226480913748339
207,3.51445913333335,-3.4021002975234516,-620.430312942144,614.6081792701143,1.4463963963963964,1.4363863863863864,0.043991606964144565
208,3.1665178090825585,-2.785090808210177,1998.1524507285878,-1998.7231795685475,4.038988988988989,4.028978978978979,0.06527193777737514
209,2.9912774708203034,-2.863901068450828,543.1602053744127,-548.0605388277247,1.4914414414414414,1.5014514514514514,0.03497207961131638
210,2.9478793084637034,-2.5027131298065,4331.396792600648,-4331.928920384109,3.8788288288288286,3.8738238238238236,0.07985041690979319
211,2.722066132747821,-2.26922042921123,4068.981407584647,-4069.326057688434,3.6536036036036035,3.6485985985985985,0.06818397566558124
212,3.4230986772377765,-3.3180240767748184,-631.5351785938586,625.9397174177072,1.5264764764764764,1.5164664664664664,0.05371126619465407
213,3.0350743791690227,-2.95561446983662,-1180.7303483749288,1175.7587111546952,1.4814314314314314,1.4764264264264264,0.0429068189966061
214,3.0484659899014135,-2.898786774475537,552.9537958219227,-557.9433577316148,1.4363863863863864,1.4463963963963964,0.04344729343215558
215,2.9275739302057375,-2.3573667197928074,-2.659826325271804,-8.076751045357357,0.2401901901901902,1.896846846846847,0.06086245570793119
216,2.7059709910642624,-2.2614379500950297,4337.687107100589,-4337.905439747346,3.8838338338338336,3.8788288288288286,0.0759599274988312
217,3.41453718618149,-3.318642320074047,-1329.7870209049083,1324.2505322373931,1.6065565565565565,1.6015515515515515,0.050898469369854524
218,2.9806111920132765,-2.8427733492886205,-1037.4803623308405,1032.4664971849736,1.4263763763763764,1.4213713713713714,0.03170799875559109
219,3.3869685879468063,-3.2945523722061205,637.6562830051489,-643.5552541526192,1.4113613613613614,1.4213713713713714,0.03138476290711298
220,2.7653950445451234,-2.3765469660324916,-2.0096201925078714,-7.388179292822267,0.28523523523523525,1.926876876876877,0.05319135951796339
221,3.2509836955566467,-2.9025556402720616,1953.8750942923325,-1955.733616363483,3.3232732732732733,3.3182682682682683,0.03336122556719191
222,2.9912774708203034,-2.863901068450828,543.1602053744127,-548.0605388277247,1.4914414414414414,1.5014514514514514,0.03497207961131638
223,3.471357570545161,-3.3472005415157726,-618.610208461574,612.9200043722443,1.5114614614614614,1.5014514514514514,0.04924200739619087
224,3.199521946362388,-2.8505197859655675,-2.09350414567649,-8.35860143762484,0.3202702702702703,1.981931931931932,0.030150421535324556
225,3.1680113418999367,-3.091777484087497,-1277.9928678905937,1272.7228601825248,1.5064564564564564,1.5014514514514514,0.048670457869525154
226,3.485551392131739,-3.362638462139054,-1221.1370810248636,1215.3656891005094,1.4664164164164164,1.4614114114114114,0.04006758702856397
227,3.0611223622344172,-2.9121845911518554,-552.8637030309178,547.7533385469555,1.3913413413413414,1.3813313313313313,0.038378900396962255
228,3.0358527495760677,-2.977588543259307,-1221.6445382418808,1216.697836704837,1.4714214214214214,1.4664164164164164,0.04807671095299235
229,3.4095299005481623,-3.306771553166103,-1282.019433446426,1276.1483353953006,1.4313813813813814,1.4263763763763764,0.036942080310233646
230,3.0231923737363267,-2.9621754674697107,1197.1257448809763,-1202.0505479302235,1.4614114114114114,1.4664164164164164,0.04837817170910491
231,2.9592792498746845,-2.8920172688377814,553.6697813162666,-558.4695171547593,1.4213713713713714,1.4313813813813814,0.035226650737642175
232,3.0579642276873877,-2.991695251103168,1182.6323363397198,-1187.5725702713864,1.4714214214214214,1.4764264264264264,0.049567138383650206
233,3.0077310561648134,-2.892154442506366,550.6984457792148,-555.5974289063281,1.5114614614614614,1.5214714714714714,0.034787431408767513
234,2.7059709910642624,-2.2614379500950297,4337.687107100589,-4337.905439747346,3.8838338338338336,3.8788288288288286,0.0759599274988312
235,3.3890506506589584,-2.1217270592804374,-6.35516720262306,-2.657761768965429,1.8668168168168169,0.11006006006006006,0.027555180860445255
236,3.0350743791690227,-2.95561446983662,-1180.7303483749288,1175.7587111546952,1.4814314314314314,1.4764264264264264,0.0429068189966061
237,2.9912774708203034,-2.863901068450828,543.1602053744127,-548.0605388277247,1.4914414414414414,1.5014514514514514,0.03497207961131638
238,3.488225506636503,-3.3742608868479915,612.879198552361,-618.659341824071,1.4463963963963964,1.4564064064064064,0.03939420649788997
239,3.1203375934411164,-2.9131263685823208,-1.2491004782146367,-8.086648016169745,0.3903403403403403,1.996946946946947,0.02889881612070757
240,3.3748674941145294,-3.263028006107085,638.5576186191721,-644.378736242557,1.4313813813813814,1.4413913913913914,0.034735530391155664
241,3.199521946362388,-2.8505197859655675,-2.09350414567649,-8.35860143762484,0.3202702702702703,1.981931931931932,0.030150421535324556
242,3.4652331837123653,-3.3764802605360296,-664.6685878966529,658.6857079038487,1.3913413413413414,1.3813313313313313,0.03879680356501242
243,3.4095299005481623,-3.306771553166103,-1282.019433446426,1276.1483353953006,1.4313813813813814,1.4263763763763764,0.036942080310233646
244,2.974993371046012,-2.842997582409677,-1102.5142137664866,1097.676630393738,1.4614114114114114,1.4564064064064064,0.03962050485880893
245,3.6358239359756466,-3.232083770588014,1579.7851565911133,-1581.4425483520272,3.5484984984984984,3.5384884884884884,0.060003901711048274
246,3.0188131499220554,-2.5932754693131015,-4080.615204447523,4080.016845842555,3.8437937937937936,3.8487987987987986,0.05990538773029301
247,3.1651513412993433,-3.079804340810485,-1253.1682143418127,1247.920823173387,1.5164664664664664,1.5114614614614614,0.04817951148157747
248,3.1139043870606997,-2.8763923944850793,-1.480137131467033,-8.099759183621925,0.3653153153153153,2.001951951951952,0.03386672304056892
249,3.211215140087614,-3.1323534203890326,-1283.7401617046978,1278.4375723601074,1.4814314314314314,1.4764264264264264,0.05085253723745234
250,2.995927420900605,-2.6114533775908253,-2.0930712987847446,-7.847158418257419,0.31526526526526527,2.046996996996997,0.05168447470331319
251,3.466772077015369,-3.4011099405124154,667.1970455296273,-673.2055916291207,1.3663163163163163,1.3763263263263263,0.040661880065139856
252,2.8543128672585416,-2.5356826067577733,-1.8673226950292385,-7.595034153541308,0.29524524524524526,1.921871871871872,0.050622734458470486
253,3.2669987854468943,-2.936008870277128,2100.7859222505294,-2102.222153890377,3.3132632632632633,3.3082582582582583,0.025512909055571235
254,3.3658868800454296,-3.2779228893913084,-640.5703702276257,634.684743386908,1.3813313313313313,1.3713213213213213,0.030354291921646133
255,2.9630017157736206,-2.8232496114646337,515.1859884457011,-520.2147887794564,1.4163663663663664,1.4263763763763764,0.03122064057306963
256,3.512123095770446,-3.367371831876535,-6.40488726253181,1.9387185488984084,1.7366866866866866,0.6405905905905905,0.03006956644043921
257,3.115964466020275,-2.9722852874710677,1078.1435029903482,-1083.3118338488746,1.3713213213213213,1.3763263263263263,0.04457737666882905
258,2.8876062416813633,-2.443429656794473,4417.835146037627,-4418.260392319229,3.9238738738738737,3.9188688688688686,0.07996786358159116
259,3.0410949338376785,-2.6116352560860405,2014.7557811353806,-2015.2704216695247,3.6836336336336335,3.6736236236236235,0.07051506332963663
260,2.970257900477164,-2.575393430975223,-2.190043094888526,-7.832014535022243,0.30025025025025026,2.021971971971972,0.04744595918178137
261,3.4328572659966046,-2.6139029763960706,-5.335824218689308,-1.4992860458811343,2.057007007007007,0.10505505505505505,0.027952764310504922
262,3.0188131499220554,-2.5932754693131015,-4080.615204447523,4080.016845842555,3.8437937937937936,3.8487987987987986,0.05990538773029301
263,3.333782919399454,-2.918276520424702,-3845.6393659776445,3844.74704211879,3.6936436436436435,3.6986486486486485,0.06527144880323102
264,3.0134250564239946,-2.8913559803060447,547.8157641069616,-552.7587018913222,1.4764264264264264,1.4864364364364364,0.03602844592465016
265,3.08181978701532,-2.649532800105507,4019.7732366600035,-4020.354719125459,3.6736236236236235,3.6686186186186185,0.07672025904538944
266,3.471357570545161,-3.3472005415157726,-618.610208461574,612.9200043722443,1.5114614614614614,1.5014514514514514,0.04924200739619087
267,2.8209622106507175,-2.4135002845197775,-2.0264926882931005,-7.6875444365928125,0.28023023023023025,1.946896896896897,0.05936801044560566
268,2.967819748463694,-2.604160392953621,-1.9833200698454279,-7.822653986996144,0.31526526526526527,2.021971971971972,0.04936376810848979
269,3.147191569682191,-1.866011434087017,-6.313252150378339,-2.755019982923995,2.247197197197197,0.12007007007007008,0.02915487864265417
270,3.1606508107431166,-3.017234633855756,1090.6378903609973,-1095.9115341134034,1.3513013013013013,1.3563063063063063,0.0434469607368957
271,2.7874623252834385,-2.3646221232439935,-2.2479488504882026,-7.415188913637721,0.27022022022022024,1.891841841841842,0.05160702878462284
272,3.486870280358343,-3.4292278776799523,-679.5012101604713,673.4817709515576,1.3563063063063063,1.3462962962962963,0.04266194622177477
273,3.5315209667998464,-3.2968997304574343,-754.4131091720966,749.2929808998787,1.7917417417417418,1.7867367367367368,0.0260316053366976
274,3.3658868800454296,-3.2779228893913084,-640.5703702276257,634.684743386908,1.3813313313313313,1.3713213213213213,0.030354291921646133
275,3.0378177075661648,-2.8990874053974944,520.1271442260095,-525.2293125805083,1.4113613613613614,1.4213713713713714,0.038496516220132025
276,2.772019779151901,-2.384164439576314,-1.9956733664699315,-7.520529113562729,0.27522522522522525,1.926876876876877,0.059198813600951
277,2.9912774708203034,-2.863901068450828,543.1602053744127,-548.0605388277247,1.4914414414414414,1.5014514514514514,0.03497207961131638
278,3.2509836955566467,-2.9025556402720616,1953.8750942923325,-1955.733616363483,3.3232732732732733,3.3182682682682683,0.03336122556719191
279,2.9806111920132765,-2.8427733492886205,-1037.4803623308405,1032.4664971849736,1.4263763763763764,1.4213713713713714,0.03170799875559109
280,3.06330809422694,-2.6308727872234177,-3912.371601402185,3911.698461538101,3.6886386386386385,3.6936436436436435,0.06963392019954635
281,3.390680597427245,-3.219036489743047,534.163142696573,-539.7656699323741,1.5264764764764764,1.5364864864864864,0.02556750465612515
282,3.0081069266670384,-2.9219062507147253,-559.455879520003,554.5946440648213,1.4614114114114114,1.4514014014014014,0.03747784589908093
283,2.9912774708203034,-2.863901068450828,543.1602053744127,-548.0605388277247,1.4914414414414414,1.5014514514514514,0.03497207961131638
284,3.140604073471509,-1.722333332162028,-6.492983377853696,-3.128319991488289,2.177127127127127,0.12507507507507507,0.02818863962271804
285,3.0231923737363267,-2.9621754674697107,1197.1257448809763,-1202.0505479302235,1.4614114114114114,1.4664164164164164,0.04837817170910491
286,3.13205005238992,-1.7618260084658877,-6.422871971034401,-2.994265410652922,2.212162162162162,0.12507507507507507,0.027769550594101283
287,2.7067078190671787,-2.2515310429098583,-2153.8151984277156,2153.5309169328552,3.7737237237237236,3.7837337337337336,0.07352397945357848
288,3.4095299005481623,-3.306771553166103,-1282.019433446426,1276.1483353953006,1.4313813813813814,1.4263763763763764,0.036942080310233646
289,2.7651475591440735,-2.322422406791338,2187.6728627391262,-2187.9228167557703,3.9088588588588586,3.8988488488488486,0.07342840060511852
290,3.211215140087614,-3.1323534203890326,-1283.7401617046978,1278.4375723601074,1.4814314314314314,1.4764264264264264,0.05085253723745234
291,2.795715821490875,-2.3605542511784057,-2.297737692963928,-7.44870070778217,0.27022022022022024,1.911861861861862,0.05241404566004914
292,3.1210974923814896,-2.6918746825874855,-1975.6354282999016,1975.0226185312754,3.6335835835835835,3.6435935935935935,0.0693049655028135
293,3.523325829571855,-3.921929995280828,-2.3120960756999014,1.9844658534667576,2.917867867867868,0.18513513513513513,0.034985311337788386
294,3.0611223622344172,-2.9121845911518554,-552.8637030309178,547.7533385469555,1.3913413413413414,1.3813313313313313,0.038378900396962255
295,3.0855834408342804,-2.9583229393647614,558.7719002253109,-563.7757342090423,1.4013513513513514,1.4113613613613614,0.047273490970820176
296,3.462262396059468,-3.3771272474261846,1325.4986574362583,-1331.5204905644296,1.3813313313313313,1.3863363363363364,0.03952266481659968
297,3.06330809422694,-2.6308727872234177,-3912.371601402185,3911.698461538101,3.6886386386386385,3.6936436436436435,0.06963392019954635
298,3.062573493780237,-2.983728362579563,1187.5091180907903,-1192.4668431085236,1.4864364364364364,1.4914414414414414,0.0469561284505203
299,3.577986448884585,-3.1757277251028437,-1710.3618539587276,1708.9801761792617,3.5785285285285284,3.5885385385385384,0.0653946100915259
300,3.51445913333335,-3.4021002975234516,-620.430312942144,614.6081792701143,1.4463963963963964,1.4363863863863864,0.043991606964144565
301,3.2126458412408985,-3.1379668943646295,637.4065261029085,-642.7269019567685,1.4614114114114114,1.4714214214214214,0.051590468307714826
302,3.480544442515532,-3.364514780780774,605.1574369811466,-610.9161564045193,1.4413913913913914,1.4514014014014014,0.03861481459068764
303,2.960495377113458,-2.538949652126992,3864.8443413562964,-3865.5944374896867,3.8788288288288286,3.8738238238238236,0.06131048440205351
304,3.0077310561648134,-2.892154442506366,550.6984457792148,-555.5974289063281,1.5114614614614614,1.5214714714714714,0.034787431408767513
305,3.051995572912816,-2.6724270603974207,4179.70576029889,-4180.039870103612,4.139089089089089,4.134084084084084,0.06677319493451556
306,2.853197872592853,-2.41815226566015,2869.4708274073714,-2870.584978001237,3.243193193193193,3.238188188188188,0.05529366603577962
307,3.466772077015369,-3.4011099405124154,667.1970455296273,-673.2055916291207,1.3663163163163163,1.3763263263263263,0.040661880065139856
308,2.959211140027806,-2.8084775095012247,-1045.7836154098343,1040.7718813284687,1.4714214214214214,1.4664164164164164,0.029943965104288935
309,3.4620275210988907,-3.372607250201261,1318.281520860401,-1324.3001938966286,1.3763263263263263,1.3813313313313313,0.03736824702720628
310,2.8942379012099306,-2.4580889162689545,3262.800790032015,-3263.7199251688235,3.4083583583583583,3.4033533533533533,0.0548945395132306
311,2.9192101498702794,-2.5590011220776443,-1.986812787882071,-7.61921870429762,0.3202702702702703,2.036986986986987,0.047687512503729046
312,2.700019415053167,-2.360035790766599,-1.9087421978272008,-7.265400460938973,0.28523523523523525,1.936886886886887,0.05568874695698865
313,2.9747794932902143,-2.849289515837177,515.3621349970321,-520.3814888540415,1.3813313313313313,1.3913413413413414,0.038185650361497535
314,3.447678824025225,-3.368956556062745,-669.0122432820183,663.0088125956001,1.3713213213213213,1.3613113113113113,0.041150262779997476
315,2.8344831476566017,-2.3489907039198967,-2.448375191143201,-7.611444632241235,0.25520520520520523,1.8768268268268269,0.055690125341950024
316,2.8876062416813633,-2.443429656794473,4417.835146037627,-4418.260392319229,3.9238738738738737,3.9188688688688686,0.07996786358159116
317,3.4404500196666925,-3.3426549030844592,1281.5078497718912,-1287.107717063898,1.5364864864864864,1.5414914914914915,0.054941737549414234
318,3.3917576785725094,-3.282302737882803,-643.9444458804671,638.3851810250237,1.5665165165165165,1.5565065065065065,0.05232288376723108
319,2.9713615443004824,-2.877723015545043,-570.0044537924288,565.1301933044023,1.4664164164164164,1.4564064064064064,0.037735006288400846
320,3.577986448884585,-3.1757277251028437,-1710.3618539587276,1708.9801761792617,3.5785285285285284,3.5885385385385384,0.0653946100915259
321,3.2743562455547717,-3.0861816185292485,-0.8570895690664224,-8.188046861113243,0.5154654654654655,2.162112112112112,0.025478818299162147
322,3.115964466020275,-2.9722852874710677,1078.1435029903482,-1083.3118338488746,1.3713213213213213,1.3763263263263263,0.04457737666882905
323,3.488225506636503,-3.3742608868479915,612.879198552361,-618.659341824071,1.4463963963963964,1.4564064064064064,0.03939420649788997
324,3.1964592894978,-2.941350084551323,-1.4989303785634787,-8.300790069281698,0.3703203203203203,1.981931931931932,0.02131906051785189
325,2.9777549148511713,-2.8223314723769866,-540.0306695713223,535.1980039303251,1.4614114114114114,1.4514014014014014,0.04256531915119306
326,3.163882455697981,-1.6920478774412493,-6.645310435911015,-3.265045326452656,2.152102102102102,0.12507507507507507,0.02814492716600811
327,3.224629813142601,-3.152430021248234,-1277.6699233489153,1272.3769164942971,1.4664164164164164,1.4614114114114114,0.051793220732358834
328,3.495988456692454,-3.377963488401934,1242.637930023725,-1248.4474091723348,1.4814314314314314,1.4864364364364364,0.04547349744203493
329,3.0855834408342804,-2.9583229393647614,558.7719002253109,-563.7757342090423,1.4013513513513514,1.4113613613613614,0.047273490970820176
330,3.433287969669505,-3.2527372796695184,-1056.0271724777451,1050.4269405659152,1.5615115115115115,1.5565065065065065,0.024264899162758393
331,3.4620275210988907,-3.372607250201261,1318.281520860401,-1324.3001938966286,1.3763263263263263,1.3813313313313313,0.03736824702720628
332,2.9418729470306935,-2.515456672543802,-1997.9381739957682,1997.2910590118636,3.8638138138138136,3.8738238238238236,0.06420924411956808
333,3.0611223622344172,-2.9121845911518554,-552.8637030309178,547.7533385469555,1.3913413413413414,1.3813313313313313,0.038378900396962255
334,3.0210005792872376,-2.8786972573700913,1094.2100200807643,-1099.1154952208626,1.5665165165165165,1.5715215215215215,0.03343708894385275
335,2.8876062416813633,-2.443429656794473,4417.835146037627,-4418.260392319229,3.9238738738738737,3.9188688688688686,0.07996786358159116
336,3.096602354947763,-2.938756219481816,539.181898120156,-544.3821947291119,1.3813313313313313,1.3913413413413414,0.03751865427387473
337,3.0484659899014135,-2.898786774475537,552.9537958219227,-557.9433577316148,1.4363863863863864,1.4463963963963964,0.04344729343215558
338,2.996662314413385,-2.9062962010807802,-583.1074424211397,578.2119482404439,1.5114614614614614,1.5014514514514514,0.04079712030048327
339,2.7805708979694765,-2.3995476273773217,-1.8927522121995684,-7.4999611915926625,0.29524524524524526,1.976926926926927,0.05713748979969035
340,3.016021986192324,-2.8991770389368083,-561.2899688202191,556.4142396214526,1.5314814814814814,1.5214714714714714,0.03797264922841175
341,3.146340120785132,-2.878317862797859,-1.7073818672633037,-8.259276024481236,0.3352852852852853,1.961911911911912,0.0320483103377335
342,2.9195120025366443,-2.4687498080478436,4230.106922802234,-4230.737991516262,3.8638138138138136,3.8588088088088086,0.07924653755588933
343,3.020522183998635,-2.8892272892258033,-1051.4216612816315,1046.3823184286803,1.4063563563563564,1.4013513513513514,0.037463377723324844
344,3.4230986772377765,-3.3180240767748184,-631.5351785938586,625.9397174177072,1.5264764764764764,1.5164664664664664,0.05371126619465407
345,3.0471807683144148,-2.6104628654856565,4065.689696779903,-4066.389054637242,3.7887387387387386,3.7837337337337336,0.06927466145354032
346,3.246941880619747,-3.1720559740842416,620.8674358787426,-626.2110735395651,1.4514014014014014,1.4614114114114114,0.0547701349574979
347,2.9858606717831995,-2.8723496739650685,-558.4993246489954,553.6776194667435,1.5364864864864864,1.5264764764764764,0.037805134726252264
348,3.3658868800454296,-3.2779228893913084,-640.5703702276257,634.684743386908,1.3813313313313313,1.3713213213213213,0.030354291921646133
349,3.471357570545161,-3.3472005415157726,-618.610208461574,612.9200043722443,1.5114614614614614,1.5014514514514514,0.04924200739619087
350,3.4618542086887536,-3.3412714550672016,-1231.3749401345217,1225.6941456008778,1.4964464464464464,1.4914414414414414,0.051548068020625774
351,3.0358527495760677,-2.977588543259307,-1221.6445382418808,1216.697836704837,1.4714214214214214,1.4664164164164164,0.04807671095299235
352,3.0390152669057335,-2.622441238703452,-3984.2670459969577,3983.636953839021,3.8688188188188186,3.8738238238238236,0.05575002397556983
353,2.9713615443004824,-2.877723015545043,-570.0044537924288,565.1301933044023,1.4664164164164164,1.4564064064064064,0.037735006288400846
354,3.0855834408342804,-2.9583229393647614,558.7719002253109,-563.7757342090423,1.4013513513513514,1.4113613613613614,0.047273490970820176
355,3.437914443529278,-2.0955755441993684,-6.513613534528503,-2.806921244133015,1.8417917917917919,0.11506506506506507,0.02725783815126272
356,3.013557739040155,-3.0324596975694265,-1256.9049132543842,1252.141926812937,1.4213713713713714,1.4163663663663664,0.04628040888428378
357,3.0658832673414844,-2.636404213145611,-1995.468096643105,1994.8770645323157,3.7236736736736735,3.7336836836836835,0.0696549842398198
358,3.2126458412408985,-3.1379668943646295,637.4065261029085,-642.7269019567685,1.4614114114114114,1.4714214214214214,0.051590468307714826
359,3.2210757422519256,-3.1356303562727,1267.692490692769,-1273.0636226500808,1.4714214214214214,1.4764264264264264,0.051048771521571314
360,3.0855834408342804,-2.9583229393647614,558.7719002253109,-563.7757342090423,1.4013513513513514,1.4113613613613614,0.047273490970820176
361,3.068996162140944,-2.98233769917829,599.237279669887,-604.3003651238025,1.4714214214214214,1.4814314314314314,0.050907487500670784
362,2.9423202229832537,-2.395044045613744,-2.6008129899666814,-8.107055389321637,0.2451951951951952,1.906856856856857,0.06128872888581967
363,3.3218391246010373,-2.997629552627599,1943.4146964322904,-1944.8844807288394,3.143093093093093,3.138088088088088,0.02181908050007396
364,4.259944350997872,-4.254578478430159,-1091.6265169054975,1084.7154228995532,1.040990990990991,1.035985985985986,0.05923745754735099
365,3.0081069266670384,-2.9219062507147253,-559.455879520003,554.5946440648213,1.4614114114114114,1.4514014014014014,0.03747784589908093
366,3.2012058443189892,-3.124867627835414,1264.607153960709,-1269.8679829748908,1.4714214214214214,1.4764264264264264,0.050405965648754686
367,3.0396612038525253,-2.9809248197138523,605.2860286331288,-610.2791415967876,1.4514014014014014,1.4614114114114114,0.048317427640322506
368,3.1085215834524584,-2.9972547062062276,1067.52350078203,-1072.6726298177678,1.3663163163163163,1.3713213213213213,0.04447120858573253
369,2.9647836520691206,-2.87347055321533,1125.9258268203548,-1130.827035857062,1.4363863863863864,1.4413913913913914,0.03853835954263114
370,3.1330956384949307,-2.794471890768878,-2142.659115640658,2141.0931259512877,3.5184684684684684,3.5234734734734734,0.028597786688291067
371,2.8946219118472016,-2.4683122498174535,-1968.1606746822597,1967.4592449968004,3.8988488488488486,3.9088588588588586,0.06725721105816347
372,3.1638043725070273,-1.7104590386675724,-6.612061457157749,-3.21537275914461,2.162112112112112,0.12507507507507507,0.02657576912621656
373,3.147191569682191,-1.866011434087017,-6.313252150378339,-2.755019982923995,2.247197197197197,0.12007007007007008,0.02915487864265417
374,2.9544843099950593,-2.8653339928887362,-1113.198480274451,1108.4340969990874,1.4463963963963964,1.4413913913913914,0.03943317567251586
375,3.134547181129055,-2.7040993722438302,-1996.4576934365818,1995.7880078877147,3.7186686686686685,3.7286786786786785,0.06970251965494495
376,2.8942379012099306,-2.4580889162689545,3262.800790032015,-3263.7199251688235,3.4083583583583583,3.4033533533533533,0.0548945395132306
377,2.9635000724705987,-2.887454335797261,1112.6236492138455,-1117.4267149917068,1.4514014014014014,1.4564064064064064,0.034268585790417555
378,3.4522601475679044,-3.3395149122135415,-608.7148563607079,603.0302483792562,1.4564064064064064,1.4463963963963964,0.03936498554279438
379,3.4230986772377765,-3.3180240767748184,-631.5351785938586,625.9397174177072,1.5264764764764764,1.5164664664664664,0.05371126619465407
380,2.949822794093202,-2.851550951837708,554.1066629671847,-558.9830401503607,1.4313813813813814,1.4413913913913914,0.03513206965155368
381,3.2619720608138043,-2.9722411265111557,-1.8377721785996182,-8.455799525637465,0.3503003003003003,2.011961961961962,0.019893089897324204
382,3.2294524900922426,-2.8030283748394003,4079.8688779807603,-4080.4910767920883,3.6836336336336335,3.6786286286286285,0.07036310211937576
383,3.5315209667998464,-3.2968997304574343,-754.4131091720966,749.2929808998787,1.7917417417417418,1.7867367367367368,0.0260316053366976
384,2.9544843099950593,-2.8653339928887362,-1113.198480274451,1108.4340969990874,1.4463963963963964,1.4413913913913914,0.03943317567251586
385,3.020522183998635,-2.8892272892258033,-1051.4216612816315,1046.3823184286803,1.4063563563563564,1.4013513513513514,0.037463377723324844
386,2.991361956862819,-2.898129025544631,-1134.213692248518,1129.3056234673493,1.4564064064064064,1.4514014014014014,0.03773808903685262
387,3.2669987854468943,-2.936008870277128,2100.7859222505294,-2102.222153890377,3.3132632632632633,3.3082582582582583,0.025512909055571235
388,3.0688135656841524,-2.7613731635709673,-1.8553880619911511,-8.053369478295489,0.3302802802802803,2.011961961961962,0.029245722823485133
389,3.4123519247311935,-3.205381515068042,919.9866943757825,-925.3098822951177,1.6966466466466466,1.7016516516516516,0.02319915791108856
390,2.959211140027806,-2.8084775095012247,-1045.7836154098343,1040.7718813284687,1.4714214214214214,1.4664164164164164,0.029943965104288935
391,3.0151637102859072,-2.874989172718842,543.771861866908,-548.6734049413262,1.5515015015015015,1.5615115115115115,0.03327961220099923
392,3.6358239359756466,-3.232083770588014,1579.7851565911133,-1581.4425483520272,3.5484984984984984,3.5384884884884884,0.060003901711048274
393,2.7059709910642624,-2.2614379500950297,4337.687107100589,-4337.905439747346,3.8838338338338336,3.8788288288288286,0.0759599274988312
394,3.59598255019415,-4.1706181046119015,-1.180895011511238,2.451807703738413,3.5885385385385384,0.17512512512512513,0.0375781823973785
395,2.876666080812117,-2.5592546036083625,-1.7379276151403062,-7.56341828025983,0.3252752752752753,1.966916916916917,0.051660974072581536
396,2.9050134116569497,-2.4489936420438174,-1845.534644470007,1844.8873618312232,3.4333833833833833,3.4433933933933933,0.06494635697069163
397,2.7653950445451234,-2.3765469660324916,-2.0096201925078714,-7.388179292822267,0.28523523523523525,1.926876876876877,0.05319135951796339
398,2.853197872592853,-2.41815226566015,2869.4708274073714,-2870.584978001237,3.243193193193193,3.238188188188188,0.05529366603577962
399,3.0151637102859072,-2.874989172718842,543.771861866908,-548.6734049413262,1.5515015015015015,1.5615115115115115,0.03327961220099923
