t,expiry,tenor,swap_rate
1.0,1M,1Y,0.06811532439668232
1.0,1M,2Y,0.0675752785424908
1.0,1M,3Y,0.06646083852975121
1.0,1M,5Y,0.06386276438081744
1.0,1M,10Y,0.057422154372037806
1.0,1M,20Y,0.049757764052427836
1.0,1M,25Y,0.048126035936144826
1.0,3M,1Y,0.06792724581806373
1.0,3M,2Y,0.06728498959449057
1.0,3M,3Y,0.06608275490961442
1.0,3M,5Y,0.06344141498407788
1.0,3M,10Y,0.05696135302473349
1.0,3M,20Y,0.049417514988418634
1.0,3M,25Y,0.047853874086188346
1.0,6M,1Y,0.06800851730837304
1.0,6M,2Y,0.06698942711449599
1.0,6M,3Y,0.06561002366462598
1.0,6M,5Y,0.06285724402382896
1.0,6M,10Y,0.056295054985635494
1.0,6M,20Y,0.04892218784401765
1.0,6M,25Y,0.04745726888352205
1.0,9M,1Y,0.06738255503552039
1.0,9M,2Y,0.06630592311443594
1.0,9M,3Y,0.06489432824040259
1.0,9M,5Y,0.062131367337852954
1.0,9M,10Y,0.055573426234782335
1.0,9M,20Y,0.04840493450005028
1.0,9M,25Y,0.04704099626816642
1.0,1Y,1Y,0.0671789613767845
1.0,1Y,2Y,0.06577959439109457
1.0,1Y,3Y,0.06428527710348833
1.0,1Y,5Y,0.061458998941239455
1.0,1Y,10Y,0.05488075041085133
1.0,1Y,20Y,0.04790561194948015
1.0,1Y,25Y,0.046638429579940854
1.0,2Y,1Y,0.0642876541185573
1.0,2Y,2Y,0.06269580038610612
1.0,2Y,3Y,0.06122540328981599
1.0,2Y,5Y,0.05839343110830785
1.0,2Y,10Y,0.0520483872357709
1.0,2Y,20Y,0.04594256847576687
1.0,2Y,25Y,0.04504467096653534
1.0,3Y,1Y,0.061004068314415814
1.0,3Y,2Y,0.05955110548088076
1.0,3Y,3Y,0.058114898092484414
1.0,3Y,5Y,0.05529125149682387
1.0,3Y,10Y,0.0494061834156195
1.0,3Y,20Y,0.04419070498627803
1.0,3Y,25Y,0.043607546322107366
1.0,4Y,1Y,0.05801151350620405
1.0,4Y,2Y,0.05654210992804807
1.0,4Y,3Y,0.05508807172973564
1.0,4Y,5Y,0.0522435857014039
1.0,4Y,10Y,0.047017362894032584
1.0,4Y,20Y,0.04268614940974551
1.0,4Y,25Y,0.04235406723200698
1.0,5Y,1Y,0.05498964695748726
1.0,5Y,2Y,0.053503567714194816
1.0,5Y,3Y,0.05204238153350908
1.0,5Y,5Y,0.04918563587119054
1.0,5Y,10Y,0.04485613020987791
1.0,5Y,20Y,0.041411672540776094
1.0,5Y,25Y,0.04126590796036659
1.0,6Y,1Y,0.051938139374801594
1.0,6Y,2Y,0.05045200434051578
1.0,6Y,3Y,0.048989221899952536
1.0,6Y,5Y,0.046334448403195345
1.0,6Y,10Y,0.042935292848203126
1.0,6Y,20Y,0.04035159170019327
1.0,6Y,25Y,0.0403458760096565
1.0,7Y,1Y,0.04889116304434062
1.0,7Y,2Y,0.04740497549722482
1.0,7Y,3Y,0.045940604077340894
1.0,7Y,5Y,0.043922131770533106
1.0,7Y,10Y,0.04126628821670596
1.0,7Y,20Y,0.039488796204281106
1.0,7Y,25Y,0.03959703884029019
1.0,8Y,1Y,0.045848711238184445
1.0,8Y,2Y,0.04436247445698157
1.0,8Y,3Y,0.04326207780459242
1.0,8Y,5Y,0.041968640463590494
1.0,8Y,10Y,0.039855382746608735
1.0,8Y,20Y,0.03882514333160791
1.0,8Y,25Y,0.03902081756736838
1.0,9Y,1Y,0.04281077723840085
1.0,9Y,2Y,0.04188423643231045
1.0,9Y,3Y,0.041339561697134514
1.0,9Y,5Y,0.04049058113350289
1.0,9Y,10Y,0.03870839096241326
1.0,9Y,20Y,0.03836320046926865
1.0,9Y,25Y,0.038619415442346955
1.0,10Y,1Y,0.0409190832753848
1.0,10Y,2Y,0.040557988862264166
1.0,10Y,3Y,0.04020170983833372
1.0,10Y,5Y,0.03950305591448263
1.0,10Y,10Y,0.037831250712886996
1.0,10Y,20Y,0.03810660598610085
1.0,10Y,25Y,0.03839608905356741
1.0,12Y,1Y,0.03944552536254485
1.0,12Y,2Y,0.039084425832618466
1.0,12Y,3Y,0.0387279612994828
1.0,12Y,5Y,0.03802839701071683
1.0,12Y,10Y,0.03669559727270523
1.0,12Y,20Y,0.037897846909014425
1.0,12Y,25Y,0.03821351220748995
1.0,15Y,1Y,0.0372371831007717
1.0,15Y,2Y,0.036876076248589636
1.0,15Y,3Y,0.03651933424317685
1.0,15Y,5Y,0.03581840707254324
1.0,15Y,10Y,0.036365734524958955
1.0,15Y,20Y,0.037965136445587584
1.0,15Y,25Y,0.038270104008427716
1.0,20Y,1Y,0.03456205235874827
1.0,20Y,2Y,0.035188255582946894
1.0,20Y,3Y,0.03580671326482997
1.0,20Y,5Y,0.03701883500880906
1.0,20Y,10Y,0.038503852288905425
1.0,20Y,20Y,0.03922953256658696
1.0,20Y,25Y,0.03936887873451103
1.0,25Y,1Y,0.04030833890142134
1.0,25Y,2Y,0.0403083389014215
1.0,25Y,3Y,0.040308338901421555
1.0,25Y,5Y,0.04030833890142158
1.0,25Y,10Y,0.040308338901421596
1.0,25Y,20Y,0.04030833890142162
1.0,25Y,25Y,0.040308338901421596
1.0,30Y,1Y,0.040308338901421534
1.0,30Y,2Y,0.040308338901421624
1.0,30Y,3Y,0.04030833890142159
1.0,30Y,5Y,0.04030833890142161
1.0,30Y,10Y,0.040308338901421624
1.0,30Y,20Y,0.04030833890142162
1.0,30Y,25Y,0.04030833890142162
2.0,1M,1Y,0.06809063178873624
2.0,1M,2Y,0.06751372343865128
2.0,1M,3Y,0.0663523370639654
2.0,1M,5Y,0.06367455403959707
2.0,1M,10Y,0.05710987337549903
2.0,1M,20Y,0.04936976460158669
2.0,1M,25Y,0.04773399017260189
2.0,3M,1Y,0.06789908776232659
2.0,3M,2Y,0.06721153463247853
2.0,3M,3Y,0.06596136009845868
2.0,3M,5Y,0.0632408961223038
2.0,3M,10Y,0.056639842242953625
2.0,3M,20Y,0.04902507655942047
2.0,3M,25Y,0.047458409100750616
2.0,6M,1Y,0.06796782919177613
2.0,6M,2Y,0.06689492470126643
2.0,6M,3Y,0.06546731985125871
2.0,6M,5Y,0.06263726604501416
2.0,6M,10Y,0.055959321559029766
2.0,6M,20Y,0.04852294060849238
2.0,6M,25Y,0.04705653792906317
2.0,9M,1Y,0.06732188268169259
2.0,9M,2Y,0.06618807562913093
2.0,9M,3Y,0.06472942093103999
2.0,9M,5Y,0.06189198706718913
2.0,9M,10Y,0.05522385748522944
2.0,9M,20Y,0.047999175512223706
2.0,9M,25Y,0.046635247584241354
2.0,1Y,1Y,0.06708876937090606
2.0,1Y,2Y,0.06563426055322213
2.0,1Y,3Y,0.0640956522091245
2.0,1Y,5Y,0.06119898178172986
2.0,1Y,10Y,0.054516907450558205
2.0,1Y,20Y,0.04749316753609829
2.0,1Y,25Y,0.04622750285224613
2.0,2Y,1Y,0.06408379770550791
2.0,2Y,2Y,0.06245204727421083
2.0,2Y,3Y,0.06094629753884856
2.0,2Y,5Y,0.05806213384351878
2.0,2Y,10Y,0.051636919578340164
2.0,2Y,20Y,0.04550951934162361
2.0,2Y,25Y,0.04461816778394009
2.0,3Y,1Y,0.060718364045920174
2.0,3Y,2Y,0.05923157391856634
2.0,3Y,3Y,0.057768453251608995
2.0,3Y,5Y,0.054906907994507294
2.0,3Y,10Y,0.048962052290772384
2.0,3Y,20Y,0.043746294868935276
2.0,3Y,25Y,0.043173073868086276
2.0,4Y,1Y,0.05765665441414287
2.0,4Y,2Y,0.05616342518526427
2.0,4Y,3Y,0.0546923500738752
2.0,4Y,5Y,0.051817763891194496
2.0,4Y,10Y,0.04655168448071218
2.0,4Y,20Y,0.04223687823130835
2.0,4Y,25Y,0.04191679346635498
2.0,5Y,1Y,0.05458639409813401
2.0,5Y,2Y,0.053086637006137825
2.0,5Y,3Y,0.05161177146694036
2.0,5Y,5Y,0.04872750028016462
2.0,5Y,10Y,0.04437865597682124
2.0,5Y,20Y,0.040962984941064796
2.0,5Y,25Y,0.040830093735946905
2.0,6Y,1Y,0.05150745282339891
2.0,6Y,2Y,0.05000763938870023
2.0,6Y,3Y,0.04853114918689742
2.0,6Y,5Y,0.045852872745170775
2.0,6Y,10Y,0.04245324540801547
2.0,6Y,20Y,0.039907058092982874
2.0,6Y,25Y,0.03991431320673852
2.0,7Y,1Y,0.04843312554633331
2.0,7Y,2Y,0.046933259138464446
2.0,7Y,3Y,0.04545515176151876
2.0,7Y,5Y,0.043425700781756546
2.0,7Y,10Y,0.04078429622661236
2.0,7Y,20Y,0.03905015998915748
2.0,7Y,25Y,0.03917109066053138
2.0,8Y,1Y,0.04536340535321859
2.0,8Y,2Y,0.043863489342306786
2.0,8Y,3Y,0.042756389429692565
2.0,8Y,5Y,0.04146609151352859
2.0,8Y,10Y,0.039378032536502086
2.0,8Y,20Y,0.03839405131819093
2.0,8Y,25Y,0.038601773878728894
2.0,9Y,1Y,0.042298285340693006
2.0,9Y,2Y,0.04136872401753018
2.0,9Y,3Y,0.040827989946646416
2.0,9Y,5Y,0.03999069567612821
2.0,9Y,10Y,0.03824022712884555
2.0,9Y,20Y,0.03794123086587411
2.0,9Y,25Y,0.0382085171743439
2.0,10Y,1Y,0.04040091720883999
2.0,10Y,2Y,0.040047493276263633
2.0,10Y,3Y,0.039698723594060494
2.0,10Y,5Y,0.03901462799940271
2.0,10Y,10Y,0.03737679963525743
2.0,10Y,20Y,0.03769530260970102
2.0,10Y,25Y,0.03799455679275828
2.0,12Y,1Y,0.03895902052421425
2.0,12Y,2Y,0.038605591749991744
2.0,12Y,3Y,0.03825664449016177
2.0,12Y,5Y,0.03757167724498763
2.0,12Y,10Y,0.03627171268164566
2.0,12Y,20Y,0.03750759177967748
2.0,12Y,25Y,0.03783030978340733
2.0,15Y,1Y,0.036798085802249726
2.0,15Y,2Y,0.03644465009649648
2.0,15Y,3Y,0.036095437212754586
2.0,15Y,5Y,0.035409164995497934
2.0,15Y,10Y,0.03598097921027831
2.0,15Y,20Y,0.03759919266774014
2.0,15Y,25Y,0.03790793396518013
2.0,20Y,1Y,0.03419608968626408
2.0,20Y,2Y,0.03482451459065616
2.0,20Y,3Y,0.035445242823633295
2.0,20Y,5Y,0.03666204055946801
2.0,20Y,10Y,0.03815304861980841
2.0,20Y,20Y,0.038881889673435706
2.0,20Y,25Y,0.03902193494503465
2.0,25Y,1Y,0.03996171278046061
2.0,25Y,2Y,0.039961712780460575
2.0,25Y,3Y,0.03996171278046057
2.0,25Y,5Y,0.03996171278046058
2.0,25Y,10Y,0.0399617127804606
2.0,25Y,20Y,0.03996171278046061
2.0,25Y,25Y,0.03996171278046062
2.0,30Y,1Y,0.039961712780460755
2.0,30Y,2Y,0.03996171278046064
2.0,30Y,3Y,0.03996171278046064
2.0,30Y,5Y,0.03996171278046063
2.0,30Y,10Y,0.03996171278046062
2.0,30Y,20Y,0.03996171278046063
2.0,30Y,25Y,0.03996171278046063
3.0,1M,1Y,0.06805964720495182
3.0,1M,2Y,0.06745807595215667
3.0,1M,3Y,0.06626835121543503
3.0,1M,5Y,0.0635540446095722
3.0,1M,10Y,0.05698345231008868
3.0,1M,20Y,0.04934438272372187
3.0,1M,25Y,0.04774270955985736
3.0,3M,1Y,0.06786583980883033
3.0,3M,2Y,0.0671481766569367
3.0,3M,3Y,0.06586991427900905
3.0,3M,5Y,0.0631148202084538
3.0,3M,10Y,0.05651233140268094
3.0,3M,20Y,0.049001978342272184
3.0,3M,25Y,0.04746812123768382
3.0,6M,1Y,0.06792608042822998
3.0,6M,2Y,0.06681819679716589
3.0,6M,3Y,0.06536384672510956
3.0,6M,5Y,0.06250270057307408
3.0,6M,10Y,0.05583024954633844
3.0,6M,20Y,0.04850323598091588
3.0,6M,25Y,0.047067741835749806
3.0,9M,1Y,0.067266890164688
3.0,9M,2Y,0.06609705651269901
3.0,9M,3Y,0.06461396150169346
3.0,9M,5Y,0.06174949530088727
3.0,9M,10Y,0.05509358391974667
3.0,9M,20Y,0.047982818357489285
3.0,9M,25Y,0.046647958802255356
3.0,1Y,1Y,0.06701391780982953
3.0,1Y,2Y,0.06552662389681439
3.0,1Y,3Y,0.06396714884058396
3.0,1Y,5Y,0.061048411526061656
3.0,1Y,10Y,0.05438553720766434
3.0,1Y,20Y,0.04748011090979322
3.0,1Y,25Y,0.0462417244562715
3.0,2Y,1Y,0.06394140994240285
3.0,2Y,2Y,0.06229442179366443
3.0,2Y,3Y,0.060778355192392323
3.0,2Y,5Y,0.057892729196415964
3.0,2Y,10Y,0.05150960962896238
3.0,2Y,20Y,0.04551251961928964
3.0,2Y,25Y,0.04464151515989317
3.0,3Y,1Y,0.06054483351469003
3.0,3Y,2Y,0.05905009779947352
3.0,3Y,3Y,0.05758606423213276
3.0,3Y,5Y,0.05473895866061193
3.0,3Y,10Y,0.04885154795637293
3.0,3Y,20Y,0.04376935951859416
3.0,3Y,25Y,0.043210128557342145
3.0,4Y,1Y,0.05746704723540924
3.0,4Y,2Y,0.055976649668735425
3.0,4Y,3Y,0.05451536479079202
3.0,4Y,5Y,0.05166392214089011
3.0,4Y,10Y,0.04646619279209567
3.0,4Y,20Y,0.04228098839269954
3.0,4Y,25Y,0.04196968400878027
3.0,5Y,1Y,0.05440289680766805
3.0,5Y,2Y,0.05291690399549879
3.0,5Y,3Y,0.05145550647360941
3.0,5Y,5Y,0.04859745095551266
3.0,5Y,10Y,0.04432458241721773
3.0,5Y,20Y,0.0410278728753251
3.0,5Y,25Y,0.040899995912715745
3.0,6Y,1Y,0.05135246023081127
3.0,6Y,2Y,0.04986641226451683
3.0,6Y,3Y,0.048403420088019906
3.0,6Y,5Y,0.045752605373990056
3.0,6Y,10Y,0.042434266998622454
3.0,6Y,20Y,0.039991631087423034
3.0,6Y,25Y,0.04000103596678074
3.0,7Y,1Y,0.04830655301938139
3.0,7Y,2Y,0.04682045317659518
3.0,7Y,3Y,0.04535587362960931
3.0,7Y,5Y,0.04335734175674782
3.0,7Y,10Y,0.040801365664184
3.0,7Y,20Y,0.039152610539339355
3.0,7Y,25Y,0.03927311169932802
3.0,8Y,1Y,0.04526516844870057
3.0,8Y,2Y,0.04377902000762812
3.0,8Y,3Y,0.04268736345010538
3.0,8Y,5Y,0.041431801879901656
3.0,8Y,10Y,0.03943217193953774
3.0,8Y,20Y,0.03851267643236338
3.0,8Y,25Y,0.03871767202788897
3.0,9Y,1Y,0.04222829980407262
3.0,9Y,2Y,0.041315379720867
3.0,9Y,3Y,0.040792956032503776
3.0,9Y,5Y,0.03999270912571224
3.0,9Y,10Y,0.03833256808647681
3.0,9Y,20Y,0.03807444052713694
3.0,9Y,25Y,0.03833697453353977
3.0,10Y,1Y,0.04036494094124334
3.0,10Y,2Y,0.040031049185516254
3.0,10Y,3Y,0.03970155825646343
3.0,10Y,5Y,0.03905531483882071
3.0,10Y,10Y,0.037508631874019475
3.0,10Y,20Y,0.03784162416535228
3.0,10Y,25Y,0.038134358272821085
3.0,12Y,1Y,0.039002722347596656
3.0,12Y,2Y,0.03866882626688536
3.0,12Y,3Y,0.038339176832231724
3.0,12Y,5Y,0.03769215539139545
3.0,12Y,10Y,0.036468412047070145
3.0,12Y,20Y,0.03767389892680731
3.0,12Y,25Y,0.03798748711865541
3.0,15Y,1Y,0.03696109951263352
3.0,15Y,2Y,0.03662719722349328
3.0,15Y,3Y,0.03629731065645396
3.0,15Y,5Y,0.03564912429052725
3.0,15Y,10Y,0.03621347274333527
3.0,15Y,20Y,0.0377766978832057
3.0,15Y,25Y,0.038074981318880256
3.0,20Y,1Y,0.03451375394723354
3.0,20Y,2Y,0.03511849163113808
3.0,20Y,3Y,0.03571577482067438
3.0,20Y,5Y,0.0368865261736322
3.0,20Y,10Y,0.03832116191972851
3.0,20Y,20Y,0.03902246285294219
3.0,20Y,25Y,0.03915719670720602
3.0,25Y,1Y,0.0400626118654719
3.0,25Y,2Y,0.040062611865471956
3.0,25Y,3Y,0.04006261186547195
3.0,25Y,5Y,0.04006261186547199
3.0,25Y,10Y,0.04006261186547197
3.0,25Y,20Y,0.04006261186547195
3.0,25Y,25Y,0.040062611865471956
3.0,30Y,1Y,0.04006261186547193
3.0,30Y,2Y,0.04006261186547183
3.0,30Y,3Y,0.040062611865471956
3.0,30Y,5Y,0.040062611865471956
3.0,30Y,10Y,0.04006261186547195
3.0,30Y,20Y,0.04006261186547195
3.0,30Y,25Y,0.04006261186547194
4.0,1M,1Y,0.06760797838726999
4.0,1M,2Y,0.06700452266616082
4.0,1M,3Y,0.06581713478695414
4.0,1M,5Y,0.06311625832127853
4.0,1M,10Y,0.05658751494529361
4.0,1M,20Y,0.04900894164028732
4.0,1M,25Y,0.04742024152112087
4.0,3M,1Y,0.06741578394249455
4.0,3M,2Y,0.06669548533776161
4.0,3M,3Y,0.0654203334296029
4.0,3M,5Y,0.06267953823276472
4.0,3M,10Y,0.05611967951411106
4.0,3M,20Y,0.04866972523328339
4.0,3M,25Y,0.04714821380939811
4.0,6M,1Y,0.06747199591599047
4.0,6M,2Y,0.06636419386869702
4.0,6M,3Y,0.0649151442140388
4.0,6M,5Y,0.062070340311431306
4.0,6M,10Y,0.05544217413726533
4.0,6M,20Y,0.04817555050996954
4.0,6M,25Y,0.04675149903691019
4.0,9M,1Y,0.06681615189740904
4.0,9M,2Y,0.065646076867766
4.0,9M,3Y,0.06416906734606706
4.0,9M,5Y,0.06132177140598049
4.0,9M,10Y,0.054710863499094674
4.0,9M,20Y,0.047660029113589235
4.0,9M,25Y,0.046335679108668204
4.0,1Y,1Y,0.06655888631082692
4.0,1Y,2Y,0.06507567012432217
4.0,1Y,3Y,0.06352426649108601
4.0,1Y,5Y,0.06062438024200258
4.0,1Y,10Y,0.054007767875226834
4.0,1Y,20Y,0.04716196322250099
4.0,1Y,25Y,0.04593320194933057
4.0,2Y,1Y,0.06349549083172006
4.0,2Y,2Y,0.06185927122354207
4.0,2Y,3Y,0.06035422187638803
4.0,2Y,5Y,0.05749003030527296
4.0,2Y,10Y,0.05115448370146488
4.0,2Y,20Y,0.04521360738860385
4.0,2Y,25Y,0.04434874916986443
4.0,3Y,1Y,0.06012184566516772
4.0,3Y,2Y,0.058638909636909646
4.0,3Y,3Y,0.05718632849796157
4.0,3Y,5Y,0.05436119093364438
4.0,3Y,10Y,0.04851993739136661
4.0,3Y,20Y,0.04348860972459964
4.0,3Y,25Y,0.04293246805828916
4.0,4Y,1Y,0.057068972873464956
4.0,4Y,2Y,0.05559047570341987
4.0,4Y,3Y,0.05414076870431401
4.0,4Y,5Y,0.05131150201252819
4.0,4Y,10Y,0.046156981912093414
4.0,4Y,20Y,0.04201609608708252
4.0,4Y,25Y,0.041705487792613016
4.0,5Y,1Y,0.05402986503326709
4.0,5Y,2Y,0.05255587422736349
4.0,5Y,3Y,0.05110611465361664
4.0,5Y,5Y,0.048270390245351076
4.0,5Y,10Y,0.04403632229603365
4.0,5Y,20Y,0.04077636513622829
4.0,5Y,25Y,0.04064755184327111
4.0,6Y,1Y,0.051004601660691776
4.0,6Y,2Y,0.0495305569498711
4.0,6Y,3Y,0.04807922916217262
4.0,6Y,5Y,0.04544974332449169
4.0,6Y,10Y,0.04216537598379972
4.0,6Y,20Y,0.03975129464570313
4.0,6Y,25Y,0.03975862577570601
4.0,7Y,1Y,0.04798379401558611
4.0,7Y,2Y,0.04650969859873993
4.0,7Y,3Y,0.04505680970863086
4.0,7Y,5Y,0.04307615905075636
4.0,7Y,10Y,0.0405501508248996
4.0,7Y,20Y,0.03892152264724128
4.0,7Y,25Y,0.039039007501144016
4.0,8Y,1Y,0.04496743553599647
4.0,8Y,2Y,0.04349329261256646
4.0,8Y,3Y,0.042411276241500984
4.0,8Y,5Y,0.04116953168423913
4.0,8Y,10Y,0.0391968698346068
4.0,8Y,20Y,0.038288905714246535
4.0,8Y,25Y,0.038490139906599455
4.0,9Y,1Y,0.041955519669630514
4.0,9Y,2Y,0.041051353291406946
4.0,9Y,3Y,0.040535368350532015
4.0,9Y,5Y,0.03974638412610059
4.0,9Y,10Y,0.038111356095287485
4.0,9Y,20Y,0.03785603635654993
4.0,9Y,25Y,0.038114262054557924
4.0,10Y,1Y,0.04011026629150896
4.0,10Y,2Y,0.039781805999763276
4.0,10Y,3Y,0.03945764872603132
4.0,10Y,5Y,0.03882179420464181
4.0,10Y,10Y,0.03729963254057648
4.0,10Y,20Y,0.037626599479340814
4.0,10Y,25Y,0.0379146768959806
4.0,12Y,1Y,0.038770368446626395
4.0,12Y,2Y,0.038441903994345016
4.0,12Y,3Y,0.03811759338499861
4.0,12Y,5Y,0.0374809861305954
4.0,12Y,10Y,0.03627658020976377
4.0,12Y,20Y,0.03746202627472991
4.0,12Y,25Y,0.037770642848286864
4.0,15Y,1Y,0.03676217152486174
4.0,15Y,2Y,0.03643370109742878
4.0,15Y,3Y,0.036109161080759435
4.0,15Y,5Y,0.035471426736869
4.0,15Y,10Y,0.03602572233556824
4.0,15Y,20Y,0.0375631974182459
4.0,15Y,25Y,0.03785674920011382
4.0,20Y,1Y,0.03435423232515039
4.0,20Y,2Y,0.03494850664001594
4.0,20Y,3Y,0.03553549508964038
4.0,20Y,5Y,0.03668621270405888
4.0,20Y,10Y,0.0380965461555033
4.0,20Y,20Y,0.038786171552366855
4.0,20Y,25Y,0.038918729628113456
4.0,25Y,1Y,0.03980648444319045
4.0,25Y,2Y,0.039806484443190474
4.0,25Y,3Y,0.03980648444319045
4.0,25Y,5Y,0.03980648444319043
4.0,25Y,10Y,0.03980648444319043
4.0,25Y,20Y,0.03980648444319044
4.0,25Y,25Y,0.03980648444319044
4.0,30Y,1Y,0.039806484443190446
4.0,30Y,2Y,0.03980648444319045
4.0,30Y,3Y,0.039806484443190425
4.0,30Y,5Y,0.03980648444319043
4.0,30Y,10Y,0.039806484443190425
4.0,30Y,20Y,0.03980648444319044
4.0,30Y,25Y,0.03980648444319043
5.0,1M,1Y,0.06714926615433585
5.0,1M,2Y,0.06657579045979285
5.0,1M,3Y,0.06543271498799816
5.0,1M,5Y,0.06281478475292328
5.0,1M,10Y,0.05640436049497221
5.0,1M,20Y,0.048859092544114954
5.0,1M,25Y,0.047262345471107185
5.0,3M,1Y,0.06696177985773925
5.0,3M,2Y,0.06627806264159776
5.0,3M,3Y,0.06504910015043747
5.0,3M,5Y,0.062391091941890374
5.0,3M,10Y,0.05594569723660915
5.0,3M,20Y,0.04852393666640738
5.0,3M,25Y,0.04699416955103416
5.0,6M,1Y,0.06702459473423329
5.0,6M,2Y,0.06596390930691677
5.0,6M,3Y,0.06456364456688876
5.0,6M,5Y,0.06180113797717933
5.0,6M,10Y,0.05528170231783473
5.0,6M,20Y,0.04803572301139061
5.0,6M,25Y,0.04660310944124037
5.0,9M,1Y,0.06638960842126214
5.0,9M,2Y,0.06526968941033338
5.0,9M,3Y,0.063841059547403
5.0,9M,5Y,0.061073270593181544
5.0,9M,10Y,0.054564289078315495
5.0,9M,20Y,0.04752640874520375
5.0,9M,25Y,0.04619313174359584
5.0,1Y,1Y,0.06615338246926118
5.0,1Y,2Y,0.06472379574073553
5.0,1Y,3Y,0.06321991523134719
5.0,1Y,5Y,0.06039629675310859
5.0,1Y,10Y,0.053874793277997
5.0,1Y,20Y,0.0470344001561156
5.0,1Y,25Y,0.045796353148338485
5.0,2Y,1Y,0.06320122683543673
5.0,2Y,2Y,0.06161108824749898
5.0,2Y,3Y,0.0601465179957705
5.0,2Y,5Y,0.05733746364652649
5.0,2Y,10Y,0.0510691537611634
5.0,2Y,20Y,0.04510656375078856
5.0,2Y,25Y,0.044231250901944914
5.0,3Y,1Y,0.05992295587779205
5.0,3Y,2Y,0.058478939177744466
5.0,3Y,3Y,0.057055481467265357
5.0,3Y,5Y,0.05426579962660493
5.0,3Y,10Y,0.048467073994087784
5.0,3Y,20Y,0.04339388944558659
5.0,3Y,25Y,0.04282685629263073
5.0,4Y,1Y,0.05695041101103829
5.0,4Y,2Y,0.05549688553311574
5.0,4Y,3Y,0.05406250885648869
5.0,4Y,5Y,0.05125773450795193
5.0,4Y,10Y,0.046122973620203
5.0,4Y,20Y,0.04192684497703258
5.0,4Y,25Y,0.04160544847106648
5.0,5Y,1Y,0.05396274746989628
5.0,5Y,2Y,0.0524995814736141
5.0,5Y,3Y,0.05106045464380196
5.0,5Y,5Y,0.04824554914610414
5.0,5Y,10Y,0.04400915187818995
5.0,5Y,20Y,0.040686972430806656
5.0,5Y,25Y,0.040547830138993185
5.0,6Y,1Y,0.05095977690331777
5.0,6Y,2Y,0.04949655783186272
5.0,6Y,3Y,0.04805588580262523
5.0,6Y,5Y,0.04544293738229863
5.0,6Y,10Y,0.04213642212637659
5.0,6Y,20Y,0.0396581073243892
5.0,6Y,25Y,0.03965584168174371
5.0,7Y,1Y,0.047961196782250685
5.0,7Y,2Y,0.046497927764567924
5.0,7Y,3Y,0.04505571749200062
5.0,7Y,5Y,0.04307822352001488
5.0,7Y,10Y,0.04051424471265455
5.0,7Y,20Y,0.038822771951187905
5.0,7Y,25Y,0.03893160407483096
5.0,8Y,1Y,0.04496700068831362
5.0,8Y,2Y,0.043503684853882466
5.0,8Y,3Y,0.042424724504303894
5.0,8Y,5Y,0.04117091537660965
5.0,8Y,10Y,0.03914873460838409
5.0,8Y,20Y,0.038182787375933835
5.0,8Y,25Y,0.038376519059459276
5.0,9Y,1Y,0.04197718221250615
5.0,9Y,2Y,0.041072151093812424
5.0,9Y,3Y,0.04054760020076942
5.0,9Y,5Y,0.039737232740896355
5.0,9Y,10Y,0.03804558925519364
5.0,9Y,20Y,0.03774067831073682
5.0,9Y,25Y,0.03799275655997498
5.0,10Y,1Y,0.04013014251374106
5.0,10Y,2Y,0.039789016207258755
5.0,10Y,3Y,0.03945235593707908
5.0,10Y,5Y,0.03879194976903416
5.0,10Y,10Y,0.03721066165028137
5.0,10Y,20Y,0.03750002194796969
5.0,10Y,25Y,0.03778351640196546
5.0,12Y,1Y,0.038738584284773885
5.0,12Y,2Y,0.0383974534935941
5.0,12Y,3Y,0.03806062784400549
5.0,12Y,5Y,0.0373994098104288
5.0,12Y,10Y,0.03614226596174845
5.0,12Y,20Y,0.03731379003706278
5.0,12Y,25Y,0.03762075335096188
5.0,15Y,1Y,0.03665302643566879
5.0,15Y,2Y,0.03631188921502584
5.0,15Y,3Y,0.03597481616413542
5.0,15Y,5Y,0.03531238258491181
5.0,15Y,10Y,0.035850265532822535
5.0,15Y,20Y,0.037393420441957724
5.0,15Y,25Y,0.037688129921893264
5.0,20Y,1Y,0.034135221617131846
5.0,20Y,2Y,0.03473539709171199
5.0,20Y,3Y,0.03532825468176246
5.0,20Y,5Y,0.03649058603663156
5.0,20Y,10Y,0.0379152465921674
5.0,20Y,20Y,0.038611966078822155
5.0,20Y,25Y,0.03874592815929421
5.0,25Y,1Y,0.03964108095333784
5.0,25Y,2Y,0.03964108095333785
5.0,25Y,3Y,0.039641080953337855
5.0,25Y,5Y,0.03964108095333786
5.0,25Y,10Y,0.03964108095333789
5.0,25Y,20Y,0.03964108095333791
5.0,25Y,25Y,0.03964108095333791
5.0,30Y,1Y,0.03964108095333821
5.0,30Y,2Y,0.039641080953337994
5.0,30Y,3Y,0.039641080953337966
5.0,30Y,5Y,0.03964108095333792
5.0,30Y,10Y,0.039641080953337945
5.0,30Y,20Y,0.03964108095333792
5.0,30Y,25Y,0.03964108095333792
6.0,1M,1Y,0.06802171917755999
6.0,1M,2Y,0.06742213675400544
6.0,1M,3Y,0.06624426382648117
6.0,1M,5Y,0.06356595272225289
6.0,1M,10Y,0.0570543694358222
6.0,1M,20Y,0.04943427202515551
6.0,1M,25Y,0.047830941058304474
6.0,3M,1Y,0.0678282474807616
6.0,3M,2Y,0.06711363303871626
6.0,3M,3Y,0.0658496474192412
6.0,3M,5Y,0.06313178613908578
6.0,3M,10Y,0.0565869978406788
6.0,3M,20Y,0.04909320894986356
6.0,3M,25Y,0.04755769244577142
6.0,6M,1Y,0.06788884088197775
6.0,6M,2Y,0.06678697238635953
6.0,6M,3Y,0.0653500693638534
6.0,6M,5Y,0.06252751536512208
6.0,6M,10Y,0.055910602844678886
6.0,6M,20Y,0.04859651887283386
6.0,6M,25Y,0.04715934940403028
6.0,9M,1Y,0.0672310664980558
6.0,9M,2Y,0.0660711136489885
6.0,9M,3Y,0.06460769177748654
6.0,9M,5Y,0.06178231882499982
6.0,9M,10Y,0.05517952196430637
6.0,9M,20Y,0.048078120948757734
6.0,9M,25Y,0.04674155521689768
6.0,1Y,1Y,0.06697937895527724
6.0,1Y,2Y,0.06550757396756207
6.0,1Y,3Y,0.06396938056763206
6.0,1Y,5Y,0.061089578295982695
6.0,1Y,10Y,0.054477128799527416
6.0,1Y,20Y,0.04757748226930523
6.0,1Y,25Y,0.046337341068636025
6.0,2Y,1Y,0.06393888942073739
6.0,2Y,2Y,0.06231683446173508
6.0,2Y,3Y,0.06082343497463647
6.0,2Y,5Y,0.057968584098465274
6.0,2Y,10Y,0.051622879623222095
6.0,2Y,20Y,0.04561794014523523
6.0,2Y,25Y,0.04474486366624356
6.0,3Y,1Y,0.0605936711915974
6.0,3Y,2Y,0.05912105857183142
6.0,3Y,3Y,0.057673387971950346
6.0,3Y,5Y,0.05484566518281976
6.0,3Y,10Y,0.04898173635184564
6.0,3Y,20Y,0.043880674030766204
6.0,3Y,25Y,0.043319103819921524
6.0,4Y,1Y,0.05756131255372167
6.0,4Y,2Y,0.05608469142119764
6.0,4Y,3Y,0.054631513544548024
6.0,4Y,5Y,0.05179288070386263
6.0,4Y,10Y,0.046605899834346716
6.0,4Y,20Y,0.04239469279898713
6.0,4Y,25Y,0.042080995619693085
6.0,5Y,1Y,0.054525307128939104
6.0,5Y,2Y,0.05304462379838078
6.0,5Y,3Y,0.051588519074278895
6.0,5Y,5Y,0.048741061991055934
6.0,5Y,10Y,0.04446700281919797
6.0,5Y,20Y,0.0411409818055564
6.0,5Y,25Y,0.04101077970512318
6.0,6Y,1Y,0.05148557164405553
6.0,6Y,2Y,0.05000483340757067
6.0,6Y,3Y,0.048547145063441315
6.0,6Y,5Y,0.04590467519253745
6.0,6Y,10Y,0.04257467976118842
6.0,6Y,20Y,0.04010231791447439
6.0,6Y,25Y,0.040109579396609966
6.0,7Y,1Y,0.048450333533872667
6.0,7Y,2Y,0.04696954363408294
6.0,7Y,3Y,0.045510278875021765
6.0,7Y,5Y,0.04351310055673697
6.0,7Y,10Y,0.040937167345008324
6.0,7Y,20Y,0.039260160651827004
6.0,7Y,25Y,0.03937882546455553
6.0,8Y,1Y,0.04541958614502623
6.0,8Y,2Y,0.043938747825119494
6.0,8Y,3Y,0.042848458925282426
6.0,8Y,5Y,0.04158634722971504
6.0,8Y,10Y,0.039560742619164216
6.0,8Y,20Y,0.03861638668432472
6.0,8Y,25Y,0.03881997396609496
6.0,9Y,1Y,0.042393322833993496
6.0,9Y,2Y,0.04147970310785689
6.0,9Y,3Y,0.0409526575399504
6.0,9Y,5Y,0.04014105365017159
6.0,9Y,10Y,0.038451263628353764
6.0,9Y,20Y,0.038173605513992924
6.0,9Y,25Y,0.038435277896039094
6.0,10Y,1Y,0.04052838177480195
6.0,10Y,2Y,0.040187745726262734
6.0,10Y,3Y,0.03985161550895131
6.0,10Y,5Y,0.03919238972408886
6.0,10Y,10Y,0.03761476258385196
6.0,10Y,20Y,0.03793551956109384
6.0,10Y,25Y,0.03822805785709744
6.0,12Y,1Y,0.03913854600662854
6.0,12Y,2Y,0.03879790544077211
6.0,12Y,3Y,0.038461610215754886
6.0,12Y,5Y,0.03780157454771712
6.0,12Y,10Y,0.036551101389636104
6.0,12Y,20Y,0.03775819563800825
6.0,12Y,25Y,0.03807282247774431
6.0,15Y,1Y,0.03705556709999665
6.0,15Y,2Y,0.03671492005446421
6.0,15Y,3Y,0.03637837798252899
6.0,15Y,5Y,0.03571712972901086
6.0,15Y,10Y,0.036278849826064226
6.0,15Y,20Y,0.03785320735804033
6.0,15Y,25Y,0.03815353940833943
6.0,20Y,1Y,0.03455246789460401
6.0,20Y,2Y,0.03516327049119233
6.0,20Y,3Y,0.035766531348981
6.0,20Y,5Y,0.03694894692543144
6.0,20Y,10Y,0.03839777021197407
6.0,20Y,20Y,0.03910592096105014
6.0,20Y,25Y,0.039241944596839363
6.0,25Y,1Y,0.04015717658498239
6.0,25Y,2Y,0.040157176584982565
6.0,25Y,3Y,0.04015717658498252
6.0,25Y,5Y,0.040157176584982544
6.0,25Y,10Y,0.04015717658498252
6.0,25Y,20Y,0.040157176584982524
6.0,25Y,25Y,0.04015717658498253
6.0,30Y,1Y,0.04015717658498239
6.0,30Y,2Y,0.04015717658498238
6.0,30Y,3Y,0.04015717658498253
6.0,30Y,5Y,0.04015717658498248
6.0,30Y,10Y,0.04015717658498253
6.0,30Y,20Y,0.04015717658498252
6.0,30Y,25Y,0.04015717658498252
7.0,1M,1Y,0.06755228039334761
7.0,1M,2Y,0.06695520375471284
7.0,1M,3Y,0.06578727608730309
7.0,1M,5Y,0.0631438429711309
7.0,1M,10Y,0.05674839866120832
7.0,1M,20Y,0.049318858491196
7.0,1M,25Y,0.04775849640469229
7.0,3M,1Y,0.0673609138439534
7.0,3M,2Y,0.06664917117510787
7.0,3M,3Y,0.0653966316848736
7.0,3M,5Y,0.06271558595873487
7.0,3M,10Y,0.05628934823459088
7.0,3M,20Y,0.04898568416948246
7.0,3M,25Y,0.04749081017174722
7.0,6M,1Y,0.06741881144227496
7.0,6M,2Y,0.0663241357588898
7.0,6M,3Y,0.06490197427104434
7.0,6M,5Y,0.062119846456594977
7.0,6M,10Y,0.05562537274371599
7.0,6M,20Y,0.04850067710974273
7.0,6M,25Y,0.047100719416364664
7.0,9M,1Y,0.06676695186900306
7.0,9M,2Y,0.06561500369429012
7.0,9M,3Y,0.06416807952631086
7.0,9M,5Y,0.06138534039705649
7.0,9M,10Y,0.054907547227235017
7.0,9M,20Y,0.047994072467507407
7.0,9M,25Y,0.04669133897845547
7.0,1Y,1Y,0.06651434556370937
7.0,1Y,2Y,0.06505588441475081
7.0,1Y,3Y,0.06353715236173856
7.0,1Y,5Y,0.06070298569666517
7.0,1Y,10Y,0.05421835726686462
7.0,1Y,20Y,0.0475050384806494
7.0,1Y,25Y,0.04629543209934465
7.0,2Y,1Y,0.0635020930846421
7.0,2Y,2Y,0.06190363044609418
7.0,2Y,3Y,0.060435148094029126
7.0,2Y,5Y,0.057633509035716936
7.0,2Y,10Y,0.05142039512109302
7.0,2Y,20Y,0.04559090153409848
7.0,2Y,25Y,0.0447360744291164
7.0,3Y,1Y,0.06020618996522586
7.0,3Y,2Y,0.05876020343228826
7.0,3Y,3Y,0.05734021723495685
7.0,3Y,5Y,0.05457020563253354
7.0,3Y,10Y,0.048837059270931904
7.0,3Y,20Y,0.043895266053619666
7.0,3Y,25Y,0.043341608337540555
7.0,4Y,1Y,0.05722917374324801
7.0,4Y,2Y,0.05578180283370186
7.0,4Y,3Y,0.05435897417041726
7.0,4Y,5Y,0.05158046738570564
7.0,4Y,10Y,0.046517592514136674
7.0,4Y,20Y,0.04244534368577752
7.0,4Y,25Y,0.042131658105440506
7.0,5Y,1Y,0.05425373561656576
7.0,5Y,2Y,0.05280496435948517
7.0,5Y,3Y,0.05138016447763119
7.0,5Y,5Y,0.04859387723220546
7.0,5Y,10Y,0.04443271908394833
7.0,5Y,20Y,0.04122160877829101
7.0,5Y,25Y,0.04108619465461393
7.0,6Y,1Y,0.05127984356910477
7.0,6Y,2Y,0.0498310199407965
7.0,6Y,3Y,0.04840470432352885
7.0,6Y,5Y,0.045820860691447925
7.0,6Y,10Y,0.04259129422853756
7.0,6Y,20Y,0.040207585871625276
7.0,6Y,25Y,0.04020612693254631
7.0,7Y,1Y,0.04831025674136027
7.0,7Y,2Y,0.04686138377931985
7.0,7Y,3Y,0.04543355917665142
7.0,7Y,5Y,0.043486428976422443
7.0,7Y,10Y,0.04100083721799942
7.0,7Y,20Y,0.03938557234871521
7.0,7Y,25Y,0.03949267093011
7.0,8Y,1Y,0.04534496890136314
7.0,8Y,2Y,0.04389604964360407
7.0,8Y,3Y,0.04283224939379543
7.0,8Y,5Y,0.04161027630404866
7.0,8Y,10Y,0.03966763551471102
7.0,8Y,20Y,0.03875757520272181
7.0,8Y,25Y,0.038947399125893574
7.0,9Y,1Y,0.04238397382616476
7.0,9Y,2Y,0.04149460178638593
7.0,9Y,3Y,0.04098642795035391
7.0,9Y,5Y,0.04020887061476964
7.0,9Y,10Y,0.038597600053263424
7.0,9Y,20Y,0.038326313020661765
7.0,9Y,25Y,0.038572655043582205
7.0,10Y,1Y,0.04056850177300441
7.0,10Y,2Y,0.04024436519350944
7.0,10Y,3Y,0.03992452706190282
7.0,10Y,5Y,0.039297308140012165
7.0,10Y,10Y,0.03779684400710094
7.0,10Y,20Y,0.038095562354524645
7.0,10Y,25Y,0.03837181408798994
7.0,12Y,1Y,0.039245931691463815
7.0,12Y,2Y,0.03892179101145567
7.0,12Y,3Y,0.038601803442865484
7.0,12Y,5Y,0.03797385109539884
7.0,12Y,10Y,0.03678388584523408
7.0,12Y,20Y,0.0379243445216826
7.0,12Y,25Y,0.03822198010564696
7.0,15Y,1Y,0.03726368365986765
7.0,15Y,2Y,0.03693953708438576
7.0,15Y,3Y,0.036619325932874494
7.0,15Y,5Y,0.03599027537479854
7.0,15Y,10Y,0.036519946354132346
7.0,15Y,20Y,0.03801130697170354
7.0,15Y,25Y,0.038295903929113265
7.0,20Y,1Y,0.034879605930762184
7.0,20Y,2Y,0.03545899793073043
7.0,20Y,3Y,0.036031193626238606
7.0,20Y,5Y,0.037152664952884315
7.0,20Y,10Y,0.0385269460652475
7.0,20Y,20Y,0.039198743053827936
7.0,20Y,25Y,0.039327782001784016
7.0,25Y,1Y,0.04019654429584493
7.0,25Y,2Y,0.040196544295844835
7.0,25Y,3Y,0.04019654429584489
7.0,25Y,5Y,0.04019654429584487
7.0,25Y,10Y,0.04019654429584484
7.0,25Y,20Y,0.04019654429584482
7.0,25Y,25Y,0.04019654429584483
7.0,30Y,1Y,0.040196544295844704
7.0,30Y,2Y,0.04019654429584472
7.0,30Y,3Y,0.04019654429584479
7.0,30Y,5Y,0.04019654429584481
7.0,30Y,10Y,0.040196544295844815
7.0,30Y,20Y,0.04019654429584481
7.0,30Y,25Y,0.040196544295844815
8.0,1M,1Y,0.0668944681599704
8.0,1M,2Y,0.06634288308687707
8.0,1M,3Y,0.06524083000455304
8.0,1M,5Y,0.06271970567799214
8.0,1M,10Y,0.056505823548960506
8.0,1M,20Y,0.04914835430244219
8.0,1M,25Y,0.04758220380239952
8.0,3M,1Y,0.06671008953617288
8.0,3M,2Y,0.06605381492767808
8.0,3M,3Y,0.06486970418253069
8.0,3M,5Y,0.06231072589406579
8.0,3M,10Y,0.05606080608392085
8.0,3M,20Y,0.048821901266527794
8.0,3M,25Y,0.04732058780301291
8.0,6M,1Y,0.06677830383180372
8.0,6M,2Y,0.06575456369098896
8.0,6M,3Y,0.06440434636026734
8.0,6M,5Y,0.06174357451967304
8.0,6M,10Y,0.055417583894882036
8.0,6M,20Y,0.048346802987381705
8.0,6M,25Y,0.046939443839235206
8.0,9M,1Y,0.06615771380120643
8.0,9M,2Y,0.06508092798935709
8.0,9M,3Y,0.06370517864714705
8.0,9M,5Y,0.06103980981081574
8.0,9M,10Y,0.054721077585318426
8.0,9M,20Y,0.0478504173492427
8.0,9M,25Y,0.04653925476270553
8.0,1Y,1Y,0.06593727531239908
8.0,1Y,2Y,0.064558301219543
8.0,1Y,3Y,0.06310932593285698
8.0,1Y,5Y,0.060387913346521355
8.0,1Y,10Y,0.05405285294425435
8.0,1Y,20Y,0.047371400868610365
8.0,1Y,25Y,0.0461523542945592
8.0,2Y,1Y,0.06308983687630032
8.0,2Y,2Y,0.061558594383756216
8.0,2Y,3Y,0.06014953055253737
8.0,2Y,5Y,0.05743129656659128
8.0,2Y,10Y,0.051328831588362274
8.0,2Y,20Y,0.045491442493840586
8.0,2Y,25Y,0.04462372453722285
8.0,3Y,1Y,0.059933018183301025
8.0,3Y,2Y,0.05854436238091106
8.0,3Y,3Y,0.05716828777805753
8.0,3Y,5Y,0.05445487772530584
8.0,3Y,10Y,0.048797639155979185
8.0,3Y,20Y,0.04381754464916885
8.0,3Y,25Y,0.04324893706962821
8.0,4Y,1Y,0.057074298732851025
8.0,4Y,2Y,0.05566525936168045
8.0,4Y,3Y,0.05426756246828081
8.0,4Y,5Y,0.051530766631512966
8.0,4Y,10Y,0.04651113381197432
8.0,4Y,20Y,0.04237905152485341
8.0,4Y,25Y,0.04204948283223422
8.0,5Y,1Y,0.054177792178110536
8.0,5Y,2Y,0.052748081321006834
8.0,5Y,3Y,0.051342022712428166
8.0,5Y,5Y,0.04859248402733516
8.0,5Y,10Y,0.044442208595123274
8.0,5Y,20Y,0.04115813927763349
8.0,5Y,25Y,0.04100680328186483
8.0,6Y,1Y,0.0512430936697108
8.0,6Y,2Y,0.04981333183706372
8.0,6Y,3Y,0.048405797128997105
8.0,6Y,5Y,0.0458523745862108
8.0,6Y,10Y,0.04260432989031197
8.0,6Y,20Y,0.040141175342085195
8.0,6Y,25Y,0.040124389151485786
8.0,7Y,1Y,0.048312587805172946
8.0,7Y,2Y,0.04688277791618326
8.0,7Y,3Y,0.045473773595546885
8.0,7Y,5Y,0.043537235010039026
8.0,7Y,10Y,0.041009723078650494
8.0,7Y,20Y,0.03931321557649024
8.0,7Y,25Y,0.0394059716893642
8.0,8Y,1Y,0.04538626859524251
8.0,8Y,2Y,0.04395641356960136
8.0,8Y,3Y,0.0429001379432134
8.0,8Y,5Y,0.041666195085254265
8.0,8Y,10Y,0.03966453167275616
8.0,8Y,20Y,0.03867624109220139
8.0,8Y,25Y,0.03885308654114929
8.0,9Y,1Y,0.04246413005921828
8.0,9Y,2Y,0.0415764982466243
8.0,9Y,3Y,0.04105862622876739
8.0,9Y,5Y,0.04025529092169143
8.0,9Y,10Y,0.0385745041829754
8.0,9Y,20Y,0.038232897572301194
8.0,9Y,25Y,0.03846799879051075
8.0,10Y,1Y,0.040652131344927775
8.0,10Y,2Y,0.040312252878118106
8.0,10Y,3Y,0.039976884799851314
8.0,10Y,5Y,0.03931919892527201
8.0,10Y,10Y,0.0377455346170936
8.0,10Y,20Y,0.03798682959555463
8.0,10Y,25Y,0.03825395448373573
8.0,12Y,1Y,0.039265299504143834
8.0,12Y,2Y,0.03892541652576798
8.0,12Y,3Y,0.038589884140271806
8.0,12Y,5Y,0.037931391870156456
8.0,12Y,10Y,0.03667486007402035
8.0,12Y,20Y,0.037785096751329836
8.0,12Y,25Y,0.03807771707786975
8.0,15Y,1Y,0.03718681871846468
8.0,15Y,2Y,0.03684692926706631
8.0,15Y,3Y,0.036511151080847105
8.0,15Y,5Y,0.0358514514406133
8.0,15Y,10Y,0.03635273099763228
8.0,15Y,20Y,0.037839630235990754
8.0,15Y,25Y,0.0381234662382931
8.0,20Y,1Y,0.034662552926006326
8.0,20Y,2Y,0.03524580213215621
8.0,20Y,3Y,0.035821847371809816
8.0,20Y,5Y,0.0369509765673274
8.0,20Y,10Y,0.03833475574718777
8.0,20Y,20Y,0.03901130037865114
8.0,20Y,25Y,0.039141295518624
8.0,25Y,1Y,0.040014345575100904
8.0,25Y,2Y,0.04001434557510088
8.0,25Y,3Y,0.04001434557510089
8.0,25Y,5Y,0.04001434557510086
8.0,25Y,10Y,0.0400143455751009
8.0,25Y,20Y,0.04001434557510089
8.0,25Y,25Y,0.0400143455751009
8.0,30Y,1Y,0.04001434557510107
8.0,30Y,2Y,0.040014345575100946
8.0,30Y,3Y,0.04001434557510094
8.0,30Y,5Y,0.040014345575100946
8.0,30Y,10Y,0.04001434557510092
8.0,30Y,20Y,0.040014345575100904
8.0,30Y,25Y,0.0400143455751009
9.0,1M,1Y,0.06706993695451399
9.0,1M,2Y,0.06647818513499976
9.0,1M,3Y,0.06532759224736008
9.0,1M,5Y,0.06273987858931318
9.0,1M,10Y,0.05650857524415035
9.0,1M,20Y,0.049322939811795787
9.0,1M,25Y,0.04781547227023819
9.0,3M,1Y,0.0668809827178365
9.0,3M,2Y,0.06617582857765737
9.0,3M,3Y,0.06494320945491726
9.0,3M,5Y,0.06232060143522894
9.0,3M,10Y,0.056061004953750285
9.0,3M,20Y,0.04899980009707097
9.0,3M,25Y,0.04755488575437034
9.0,6M,1Y,0.06693704484501443
9.0,6M,2Y,0.06585492901245063
9.0,6M,3Y,0.06445741761012136
9.0,6M,5Y,0.06173829916656999
9.0,6M,10Y,0.05541432401891116
9.0,6M,20Y,0.048529737967060706
9.0,6M,25Y,0.047175399301412325
9.0,9M,1Y,0.0662927205829596
9.0,9M,2Y,0.0651559209614792
9.0,9M,3Y,0.06373647794524934
9.0,9M,5Y,0.0610195713350812
9.0,9M,10Y,0.05471459533156621
9.0,9M,20Y,0.04803809176988651
9.0,9M,25Y,0.04677671438578542
9.0,1Y,1Y,0.06604135314232117
9.0,1Y,2Y,0.0646055339674617
9.0,1Y,3Y,0.06311806584269317
9.0,1Y,5Y,0.06035306979080861
9.0,1Y,10Y,0.054043612937016455
9.0,1Y,20Y,0.04756387610954516
9.0,1Y,25Y,0.04639145059272511
9.0,2Y,1Y,0.06307651721325759
9.0,2Y,2Y,0.06151508336821148
9.0,2Y,3Y,0.06008450978317374
9.0,2Y,5Y,0.057358381535223144
9.0,2Y,10Y,0.05132168720167464
9.0,2Y,20Y,0.0457072471514957
9.0,2Y,25Y,0.04487408247016889
9.0,3Y,1Y,0.05985755745685408
9.0,3Y,2Y,0.05845129620817393
9.0,3Y,3Y,0.05707058676109684
9.0,3Y,5Y,0.054377984792982344
9.0,3Y,10Y,0.048814323864056805
9.0,3Y,20Y,0.044063581230392196
9.0,3Y,25Y,0.04351859160294828
9.0,4Y,1Y,0.05696274338369033
9.0,4Y,2Y,0.0555556999044215
9.0,4Y,3Y,0.05417282654854215
9.0,4Y,5Y,0.051472620701013876
9.0,4Y,10Y,0.04656666634132657
9.0,4Y,20Y,0.042657692694762245
9.0,4Y,25Y,0.04234281899485667
9.0,5Y,1Y,0.05407050367446624
9.0,5Y,2Y,0.05266267037640871
9.0,5Y,3Y,0.051278113522632514
9.0,5Y,5Y,0.04857070388316586
9.0,5Y,10Y,0.04454855254972188
9.0,5Y,20Y,0.04146960769920216
9.0,5Y,25Y,0.04132654304727555
9.0,6Y,1Y,0.05118081836320833
9.0,6Y,2Y,0.049772935686904635
9.0,6Y,3Y,0.04838694762378464
9.0,6Y,5Y,0.04587807276533636
9.0,6Y,10Y,0.04276855883185876
9.0,6Y,20Y,0.040484168742341446
9.0,6Y,25Y,0.04047077955331245
9.0,7Y,1Y,0.04829519827885512
9.0,7Y,2Y,0.046887269011560276
9.0,7Y,3Y,0.04549985593271333
9.0,7Y,5Y,0.04361478221980578
9.0,7Y,10Y,0.041234011359724196
9.0,7Y,20Y,0.03968508522043055
9.0,7Y,25Y,0.03977684212412843
9.0,8Y,1Y,0.04541363770293505
9.0,8Y,2Y,0.04400566463236527
9.0,8Y,3Y,0.04297487844867693
9.0,8Y,5Y,0.041800142853598586
9.0,8Y,10Y,0.039951227391813594
9.0,8Y,20Y,0.039074538485340815
9.0,8Y,25Y,0.039246457792252866
9.0,9Y,1Y,0.04253613092501869
9.0,9Y,2Y,0.04167631196557824
9.0,9Y,3Y,0.04118982181704397
9.0,9Y,5Y,0.04045043107865223
9.0,9Y,10Y,0.03892619730563148
9.0,9Y,20Y,0.03865539235767035
9.0,9Y,25Y,0.03888209067735717
9.0,10Y,1Y,0.04078080982439172
9.0,10Y,2Y,0.04047474188253959
9.0,10Y,3Y,0.04017276149767095
9.0,10Y,5Y,0.03958067181348301
9.0,10Y,10Y,0.03816514190305899
9.0,10Y,20Y,0.03843152250916013
9.0,10Y,25Y,0.038687190721561446
9.0,12Y,1Y,0.03953180389576535
9.0,12Y,2Y,0.03922573227238532
9.0,12Y,3Y,0.03892361858500184
9.0,12Y,5Y,0.03833087474909351
9.0,12Y,10Y,0.03720655724401686
9.0,12Y,20Y,0.03826402964904517
9.0,12Y,25Y,0.03854067039453606
9.0,15Y,1Y,0.037659728145549014
9.0,15Y,2Y,0.03735365121481555
9.0,15Y,3Y,0.03705133805551322
9.0,15Y,5Y,0.03645761461240891
9.0,15Y,10Y,0.03694622504021773
9.0,15Y,20Y,0.038337731863058375
9.0,15Y,25Y,0.03860331128171846
9.0,20Y,1Y,0.0354032893570629
9.0,20Y,2Y,0.035945780604021496
9.0,20Y,3Y,0.036481461576013015
9.0,20Y,5Y,0.03753122751665801
9.0,20Y,10Y,0.03881768981072162
9.0,20Y,20Y,0.039446562233468395
9.0,20Y,25Y,0.03956732189068703
9.0,25Y,1Y,0.04038245281127465
9.0,25Y,2Y,0.04038245281127474
9.0,25Y,3Y,0.04038245281127475
9.0,25Y,5Y,0.040382452811274776
9.0,25Y,10Y,0.04038245281127481
9.0,25Y,20Y,0.04038245281127481
9.0,25Y,25Y,0.04038245281127478
9.0,30Y,1Y,0.04038245281127481
9.0,30Y,2Y,0.04038245281127473
9.0,30Y,3Y,0.04038245281127483
9.0,30Y,5Y,0.040382452811274824
9.0,30Y,10Y,0.04038245281127482
9.0,30Y,20Y,0.0403824528112748
9.0,30Y,25Y,0.04038245281127482
10.0,1M,1Y,0.06768671118964541
10.0,1M,2Y,0.06705924183253813
10.0,1M,3Y,0.06586229129525517
10.0,1M,5Y,0.06319802958005695
10.0,1M,10Y,0.056863855719917825
10.0,1M,20Y,0.04965265011484439
10.0,1M,25Y,0.04815438585945929
10.0,3M,1Y,0.06749186399967748
10.0,3M,2Y,0.06674368594913468
10.0,3M,3Y,0.06546421057365924
10.0,3M,5Y,0.0627661978545417
10.0,3M,10Y,0.05640759049736403
10.0,3M,20Y,0.04932534107387482
10.0,3M,25Y,0.04788985373519281
10.0,6M,1Y,0.06754056121211376
10.0,6M,2Y,0.06640417585541956
10.0,6M,3Y,0.06495881313410641
10.0,6M,5Y,0.06216581512622922
10.0,6M,10Y,0.05574830897572442
10.0,6M,20Y,0.048849260290201174
10.0,6M,25Y,0.04750466023109562
10.0,9M,1Y,0.06687067372155668
10.0,9M,2Y,0.0656789825201071
10.0,9M,3Y,0.06421393609043842
10.0,9M,5Y,0.061427069846740415
10.0,9M,10Y,0.055035295047818414
10.0,9M,20Y,0.04835118708220247
10.0,9M,25Y,0.04709993274560364
10.0,1Y,1Y,0.06659461364652573
10.0,1Y,2Y,0.06510341898472652
10.0,1Y,3Y,0.063572494922206
10.0,1Y,5Y,0.06074137187809978
10.0,1Y,10Y,0.05435154987119592
10.0,1Y,20Y,0.04787081845022778
10.0,1Y,25Y,0.04670887316365344
10.0,2Y,1Y,0.06351471755689594
10.0,2Y,2Y,0.06191427915088606
10.0,2Y,3Y,0.06045002532652005
10.0,2Y,5Y,0.057678049565042376
10.0,2Y,10Y,0.051586008971958676
10.0,2Y,20Y,0.04599386530911763
10.0,2Y,25Y,0.04517223632744725
10.0,3Y,1Y,0.06021472880863008
10.0,3Y,2Y,0.058776283454340605
10.0,3Y,3Y,0.05737137691193297
10.0,3Y,5Y,0.05464902675227834
10.0,3Y,10Y,0.049050378382916524
10.0,3Y,20Y,0.044338504729737556
10.0,3Y,25Y,0.0438052830759855
10.0,4Y,1Y,0.057253208617839085
10.0,4Y,2Y,0.055825195449965434
10.0,4Y,3Y,0.054429213219262654
10.0,4Y,5Y,0.05170806564806332
10.0,4Y,10Y,0.04678592552421213
10.0,4Y,20Y,0.04292691211127996
10.0,4Y,25Y,0.04262356786677331
10.0,5Y,1Y,0.05431749073176716
10.0,5Y,2Y,0.05290006288950231
10.0,5Y,3Y,0.05150617261511211
10.0,5Y,5Y,0.04878076741359652
10.0,5Y,10Y,0.044760954499601685
10.0,5Y,20Y,0.04173795832975291
10.0,5Y,25Y,0.04160586701807437
10.0,6Y,1Y,0.05140777454998585
10.0,6Y,2Y,0.04999029643672789
10.0,6Y,3Y,0.04859495491120949
10.0,6Y,5Y,0.046071731922548646
10.0,6Y,10Y,0.04298136584648249
10.0,6Y,20Y,0.04075492075603576
10.0,6Y,25Y,0.04075171550911208
10.0,7Y,1Y,0.04850217965388992
10.0,7Y,2Y,0.04708465411424663
10.0,7Y,3Y,0.045687867657302414
10.0,7Y,5Y,0.04379989903682399
10.0,7Y,10Y,0.04145175986637684
10.0,7Y,20Y,0.03995999262896571
10.0,7Y,25Y,0.04006098372086698
10.0,8Y,1Y,0.04560070020667058
10.0,8Y,2Y,0.044183130085725476
10.0,8Y,3Y,0.04314954027986326
10.0,8Y,5Y,0.04198499730390483
10.0,8Y,10Y,0.04017860055438668
10.0,8Y,20Y,0.03935542550595302
10.0,8Y,25Y,0.03953547022143177
10.0,9Y,1Y,0.042703330379783175
10.0,9Y,2Y,0.04184404729371496
10.0,9Y,3Y,0.04136480519720664
10.0,9Y,5Y,0.04064365834757523
10.0,9Y,10Y,0.03916804334828463
10.0,9Y,20Y,0.0389441836677081
10.0,9Y,25Y,0.039177737218038765
10.0,10Y,1Y,0.04094895830339824
10.0,10Y,2Y,0.04065368141076762
10.0,10Y,3Y,0.0403623686536015
10.0,10Y,5Y,0.039791270397515004
10.0,10Y,10Y,0.03842651570985782
10.0,10Y,20Y,0.03873028113943245
10.0,10Y,25Y,0.0389913655019856
10.0,12Y,1Y,0.03974387090773327
10.0,12Y,2Y,0.039448590570929594
10.0,12Y,3Y,0.039157153703025804
10.0,12Y,5Y,0.03858544646255304
10.0,12Y,10Y,0.03750701149717412
10.0,12Y,20Y,0.038582618192795216
10.0,12Y,25Y,0.03886197210477309
10.0,15Y,1Y,0.03793757383723214
10.0,15Y,2Y,0.037642288527164676
10.0,15Y,3Y,0.0373506659256954
10.0,15Y,5Y,0.036778046661955825
10.0,15Y,10Y,0.03728501372470211
10.0,15Y,20Y,0.03867740480150147
10.0,15Y,25Y,0.03894298217482195
10.0,20Y,1Y,0.035776778059111065
10.0,20Y,2Y,0.03631639567397593
10.0,20Y,3Y,0.03684917255677728
10.0,20Y,5Y,0.03789305190676168
10.0,20Y,10Y,0.03917207653708565
10.0,20Y,20Y,0.03979711199837457
10.0,20Y,25Y,0.03991705489783982
10.0,25Y,1Y,0.04073047926585612
10.0,25Y,2Y,0.04073047926585625
10.0,25Y,3Y,0.04073047926585623
10.0,25Y,5Y,0.04073047926585618
10.0,25Y,10Y,0.04073047926585619
10.0,25Y,20Y,0.04073047926585621
10.0,25Y,25Y,0.040730479265856205
10.0,30Y,1Y,0.04073047926585667
10.0,30Y,2Y,0.04073047926585637
10.0,30Y,3Y,0.04073047926585629
10.0,30Y,5Y,0.04073047926585622
10.0,30Y,10Y,0.040730479265856226
10.0,30Y,20Y,0.04073047926585621
10.0,30Y,25Y,0.04073047926585621
11.0,1M,1Y,0.06802793098840502
11.0,1M,2Y,0.06739349416645259
11.0,1M,3Y,0.06619020319294235
11.0,1M,5Y,0.06352346682530874
11.0,1M,10Y,0.05721064949089405
11.0,1M,20Y,0.05006043395706435
11.0,1M,25Y,0.048579173496711196
11.0,3M,1Y,0.06783104810557553
11.0,3M,2Y,0.06707499140020627
11.0,3M,3Y,0.06579005665260067
11.0,3M,5Y,0.0630907403930636
11.0,3M,10Y,0.05675503011498345
11.0,3M,20Y,0.04973417047945343
11.0,3M,25Y,0.04831489242687056
11.0,6M,1Y,0.06787996021360918
11.0,6M,2Y,0.0667332071005765
11.0,6M,3Y,0.06528308115744431
11.0,6M,5Y,0.06248999678245692
11.0,6M,10Y,0.056097207284778995
11.0,6M,20Y,0.049259875224876716
11.0,6M,25Y,0.047930278647191626
11.0,9M,1Y,0.06720290853723414
11.0,9M,2Y,0.06600288778671992
11.0,9M,3Y,0.06453491430768746
11.0,9M,5Y,0.06174997399310091
11.0,9M,10Y,0.05538513961859512
11.0,9M,20Y,0.048763177788547746
11.0,9M,25Y,0.047525803226459364
11.0,1Y,1Y,0.06692335977447311
11.0,1Y,2Y,0.06542468387813292
11.0,1Y,3Y,0.0638919668219106
11.0,1Y,5Y,0.06106416028203093
11.0,1Y,10Y,0.05470292010781959
11.0,1Y,20Y,0.04828443515156001
11.0,1Y,25Y,0.047135233263162296
11.0,2Y,1Y,0.06382752441744646
11.0,2Y,2Y,0.062227909193246854
11.0,2Y,3Y,0.060765976766837496
11.0,2Y,5Y,0.058003190710053276
11.0,2Y,10Y,0.051944864119038314
11.0,2Y,20Y,0.046413936556380306
11.0,2Y,25Y,0.04560086952272461
11.0,3Y,1Y,0.06052871677178821
11.0,3Y,2Y,0.05909319297654468
11.0,3Y,3Y,0.05769277518726301
11.0,3Y,5Y,0.0549831353386035
11.0,3Y,10Y,0.04942003086165153
11.0,3Y,20Y,0.044765688989445794
11.0,3Y,25Y,0.044237431273382664
11.0,4Y,1Y,0.05757274159729953
11.0,4Y,2Y,0.05614990804922328
11.0,4Y,3Y,0.054760664725238516
11.0,4Y,5Y,0.0520540914810668
11.0,4Y,10Y,0.04716763209283979
11.0,4Y,20Y,0.04336062970986487
11.0,4Y,25Y,0.04305947081721525
11.0,5Y,1Y,0.054647194508900175
11.0,5Y,2Y,0.053237237640890285
11.0,5Y,3Y,0.051850865194209596
11.0,5Y,5Y,0.04914071928106844
11.0,5Y,10Y,0.04515543970720525
11.0,5Y,20Y,0.042177275497356524
11.0,5Y,25Y,0.04204548472120923
11.0,6Y,1Y,0.051752321711797396
11.0,6Y,2Y,0.05034231476365895
11.0,6Y,3Y,0.048954505546556226
11.0,6Y,5Y,0.04644626459971602
11.0,6Y,10Y,0.04338885593137991
11.0,6Y,20Y,0.04119901950495374
11.0,6Y,25Y,0.041194799190843324
11.0,7Y,1Y,0.048861527605046334
11.0,7Y,2Y,0.047451473376629964
11.0,7Y,3Y,0.046062233606808035
11.0,7Y,5Y,0.0441883312694565
11.0,7Y,10Y,0.04187199509958142
11.0,7Y,20Y,0.04040819673688043
11.0,7Y,25Y,0.04050708028708138
11.0,8Y,1Y,0.04597480644255222
11.0,8Y,2Y,0.0445647077341771
11.0,8Y,3Y,0.04353821556171594
11.0,8Y,5Y,0.04238677942981536
11.0,8Y,10Y,0.040611439345226874
11.0,8Y,20Y,0.039807175197773985
11.0,8Y,25Y,0.03998423122672574
11.0,9Y,1Y,0.04309215248631167
11.0,9Y,2Y,0.04223974415078766
11.0,9Y,3Y,0.04176696864233508
11.0,9Y,5Y,0.041058414955994174
11.0,9Y,10Y,0.03961348161818522
11.0,9Y,20Y,0.039399037843075635
11.0,9Y,25Y,0.03962891943904839
11.0,10Y,1Y,0.04135146903879902
11.0,10Y,2Y,0.041062517980456896
11.0,10Y,3Y,0.040777487808023205
11.0,10Y,5Y,0.04021883972078945
11.0,10Y,10Y,0.03888470674240621
11.0,10Y,20Y,0.03918791874640007
11.0,10Y,25Y,0.03944483148505501
11.0,12Y,1Y,0.04017195201372217
11.0,12Y,2Y,0.039882997622411404
11.0,12Y,3Y,0.03959784851998937
11.0,12Y,5Y,0.03903861698999395
11.0,12Y,10Y,0.03798515414391616
11.0,12Y,20Y,0.03904415584532647
11.0,12Y,25Y,0.03931875729193601
11.0,15Y,1Y,0.03840395423799574
11.0,15Y,2Y,0.03811499502808709
11.0,15Y,3Y,0.037829667935811516
11.0,15Y,5Y,0.03726956260096894
11.0,15Y,10Y,0.037770767448812415
11.0,15Y,20Y,0.039139452977042494
11.0,15Y,25Y,0.03940031929259442
11.0,20Y,1Y,0.03629176290822545
11.0,20Y,2Y,0.03682266840527028
11.0,20Y,3Y,0.03734675638185866
11.0,20Y,5Y,0.03837336551604841
11.0,20Y,10Y,0.03963097690337231
11.0,20Y,20Y,0.040245313690379425
11.0,20Y,25Y,0.04036310539048911
11.0,25Y,1Y,0.0411666641797082
11.0,25Y,2Y,0.041166664179708004
11.0,25Y,3Y,0.041166664179708
11.0,25Y,5Y,0.041166664179707935
11.0,25Y,10Y,0.04116666417970792
11.0,25Y,20Y,0.04116666417970791
11.0,25Y,25Y,0.04116666417970791
11.0,30Y,1Y,0.04116666417970806
11.0,30Y,2Y,0.041166664179707914
11.0,30Y,3Y,0.04116666417970793
11.0,30Y,5Y,0.04116666417970791
11.0,30Y,10Y,0.0411666641797079
11.0,30Y,20Y,0.0411666641797079
11.0,30Y,25Y,0.04116666417970791
12.0,1M,1Y,0.06846527052223933
12.0,1M,2Y,0.06780078369371792
12.0,1M,3Y,0.06655715100996391
12.0,1M,5Y,0.06381510108247716
12.0,1M,10Y,0.05735029851248031
12.0,1M,20Y,0.05003658775058604
12.0,1M,25Y,0.04852794665268718
12.0,3M,1Y,0.06826373112615253
12.0,3M,2Y,0.06747127154468346
12.0,3M,3Y,0.06614501853459048
12.0,3M,5Y,0.06337007410174046
12.0,3M,10Y,0.056883133212588914
12.0,3M,20Y,0.04970217309232245
12.0,3M,25Y,0.04825757676390259
12.0,6M,1Y,0.06830587917370141
12.0,6M,2Y,0.06711325194231098
12.0,6M,3Y,0.06562013066247285
12.0,6M,5Y,0.06275082956960604
12.0,6M,10Y,0.05620796399568669
12.0,6M,20Y,0.04921573777635868
12.0,6M,25Y,0.047863876283868734
12.0,9M,1Y,0.06760805815651975
12.0,9M,2Y,0.06636072973114307
12.0,9M,3Y,0.0648504167403284
12.0,9M,5Y,0.061990481997749446
12.0,9M,10Y,0.055478013637089124
12.0,9M,20Y,0.04870686723123383
12.0,9M,25Y,0.04745023774660498
12.0,1Y,1Y,0.06730726004737145
12.0,1Y,2Y,0.0657602996452791
12.0,1Y,3Y,0.06418579183900458
12.0,1Y,5Y,0.061284186214396526
12.0,1Y,10Y,0.05477786784691695
12.0,1Y,20Y,0.04821606176854521
12.0,1Y,25Y,0.047050558483845206
12.0,2Y,1Y,0.06411119218275185
12.0,2Y,2Y,0.062471600143112115
12.0,2Y,3Y,0.0609720174813934
12.0,2Y,5Y,0.05814336851580926
12.0,2Y,10Y,0.05195262648059181
12.0,2Y,20Y,0.0463022429432555
12.0,2Y,25Y,0.045483458751297286
12.0,3Y,1Y,0.060729568931375516
12.0,3Y,2Y,0.05925633641617084
12.0,3Y,3Y,0.05782177337195946
12.0,3Y,5Y,0.05505217079588242
12.0,3Y,10Y,0.04937033860124131
12.0,3Y,20Y,0.044619614408629
12.0,3Y,25Y,0.04409393551450032
12.0,4Y,1Y,0.05769572945472065
12.0,4Y,2Y,0.05623954315459229
12.0,4Y,3Y,0.05482041075591849
12.0,4Y,5Y,0.0520570429634975
12.0,4Y,10Y,0.047068346222622244
12.0,4Y,20Y,0.04318776556529724
12.0,4Y,25Y,0.042895187716911955
12.0,5Y,1Y,0.05470149913961289
12.0,5Y,2Y,0.05326260897134485
12.0,5Y,3Y,0.05184776308027336
12.0,5Y,5Y,0.049081714621700565
12.0,5Y,10Y,0.04501404247564237
12.0,5Y,20Y,0.041984832438651365
12.0,5Y,25Y,0.041865272483463466
12.0,6Y,1Y,0.051747207170185314
12.0,6Y,2Y,0.05030826486571782
12.0,6Y,3Y,0.0488919227467145
12.0,6Y,5Y,0.046331924802944124
12.0,6Y,10Y,0.0432118376549954
12.0,6Y,20Y,0.04099266071467635
12.0,6Y,25Y,0.04100280467769896
12.0,7Y,1Y,0.04879716293262648
12.0,7Y,2Y,0.047358171467707745
12.0,7Y,3Y,0.04594033972987836
12.0,7Y,5Y,0.04402802564028012
12.0,7Y,10Y,0.04166478242387106
12.0,7Y,20Y,0.040192008528980715
12.0,7Y,25Y,0.04030676511880675
12.0,8Y,1Y,0.0458513603200359
12.0,8Y,2Y,0.044412322670922516
12.0,8Y,3Y,0.04336484951615071
12.0,8Y,5Y,0.042190237472991714
12.0,8Y,10Y,0.04037946905319164
12.0,8Y,20Y,0.03958514404328167
12.0,8Y,25Y,0.039778975226297295
12.0,9Y,1Y,0.04290979323429091
12.0,9Y,2Y,0.04204012741169088
12.0,9Y,3Y,0.041557992816488816
12.0,9Y,5Y,0.04083557506160795
12.0,9Y,10Y,0.03936217827780249
12.0,9Y,20Y,0.03917508274347497
12.0,9Y,25Y,0.039422053562832356
12.0,10Y,1Y,0.04113405654044824
12.0,10Y,2Y,0.040839619964124926
12.0,10Y,3Y,0.040549155034038824
12.0,10Y,5Y,0.03997977680122284
12.0,10Y,10Y,0.038619484460185836
12.0,10Y,20Y,0.038965936890033574
12.0,10Y,25Y,0.039239680426479455
12.0,12Y,1Y,0.03993228620599784
12.0,12Y,2Y,0.039637846189094876
12.0,12Y,3Y,0.039347257817288255
12.0,12Y,5Y,0.038777273938387445
12.0,12Y,10Y,0.03770749576767628
12.0,12Y,20Y,0.03883179062319746
12.0,12Y,25Y,0.03912189345742745
12.0,15Y,1Y,0.03813095727356057
12.0,15Y,2Y,0.03783651228714051
12.0,15Y,3Y,0.037545739181520654
12.0,15Y,5Y,0.036974848273292976
12.0,15Y,10Y,0.03751360400344982
12.0,15Y,20Y,0.038948430823104986
12.0,15Y,25Y,0.039221870274329364
12.0,20Y,1Y,0.03599137809260259
12.0,20Y,2Y,0.03654454973961728
12.0,20Y,3Y,0.037090659500293915
12.0,20Y,5Y,0.038160482411590084
12.0,20Y,10Y,0.03947098970582365
12.0,20Y,20Y,0.04011115477542283
12.0,20Y,25Y,0.040233916528629704
12.0,25Y,1Y,0.041070247427295814
12.0,25Y,2Y,0.04107024742729584
12.0,25Y,3Y,0.041070247427295814
12.0,25Y,5Y,0.041070247427295856
12.0,25Y,10Y,0.04107024742729585
12.0,25Y,20Y,0.04107024742729586
12.0,25Y,25Y,0.041070247427295856
12.0,30Y,1Y,0.04107024742729573
12.0,30Y,2Y,0.04107024742729586
12.0,30Y,3Y,0.041070247427295856
12.0,30Y,5Y,0.04107024742729586
12.0,30Y,10Y,0.04107024742729586
12.0,30Y,20Y,0.04107024742729585
12.0,30Y,25Y,0.04107024742729586
13.0,1M,1Y,0.06772983003271967
13.0,1M,2Y,0.06705513741818912
13.0,1M,3Y,0.06580148267832686
13.0,1M,5Y,0.06304312695206167
13.0,1M,10Y,0.05653445785330976
13.0,1M,20Y,0.04914847565102832
13.0,1M,25Y,0.04762359759214944
13.0,3M,1Y,0.06753024291294024
13.0,3M,2Y,0.06672439116241313
13.0,3M,3Y,0.0653878257203579
13.0,3M,5Y,0.06259633399189145
13.0,3M,10Y,0.05606514030593244
13.0,3M,20Y,0.048812935394487195
13.0,3M,25Y,0.0473532457910602
13.0,6M,1Y,0.06756344226074668
13.0,6M,2Y,0.06635901600860022
13.0,6M,3Y,0.06485702432206868
13.0,6M,5Y,0.06197227286944631
13.0,6M,10Y,0.05538573849260153
13.0,6M,20Y,0.048324343272800316
13.0,6M,25Y,0.046959147192674806
13.0,9M,1Y,0.06686721140149027
13.0,9M,2Y,0.06560496473392335
13.0,9M,3Y,0.06408527581609867
13.0,9M,5Y,0.06120941176469598
13.0,9M,10Y,0.05465284752388133
13.0,9M,20Y,0.04781417895265281
13.0,9M,25Y,0.04654582069033957
13.0,1Y,1Y,0.06655378408348017
13.0,1Y,2Y,0.06499649492266436
13.0,1Y,3Y,0.06341432994289926
13.0,1Y,5Y,0.0604980454153317
13.0,1Y,10Y,0.053948583573642156
13.0,1Y,20Y,0.04732153629031908
13.0,1Y,25Y,0.04614595651065437
13.0,2Y,1Y,0.06333761409708345
13.0,2Y,2Y,0.06169217964155609
13.0,2Y,3Y,0.060186423731834145
13.0,2Y,5Y,0.057343488980206136
13.0,2Y,10Y,0.05111127082928231
13.0,2Y,20Y,0.04540381007390377
13.0,2Y,25Y,0.044580581651320596
13.0,3Y,1Y,0.059945266368027265
13.0,3Y,2Y,0.05846612494450173
13.0,3Y,3Y,0.05702492047125315
13.0,3Y,5Y,0.054240090885749326
13.0,3Y,10Y,0.04851904232231351
13.0,3Y,20Y,0.04371960572904872
13.0,3Y,25Y,0.043193821385531656
13.0,4Y,1Y,0.056900464918416986
13.0,4Y,2Y,0.05543768906055558
13.0,4Y,3Y,0.05401122990010112
13.0,4Y,5Y,0.051232029127361696
13.0,4Y,10Y,0.04620781890098465
13.0,4Y,20Y,0.04228752728838422
13.0,4Y,25Y,0.0419979450414554
13.0,5Y,1Y,0.05389389402190314
13.0,5Y,2Y,0.05244772063169361
13.0,5Y,3Y,0.05102530327482346
13.0,5Y,5Y,0.04824316857648079
13.0,5Y,10Y,0.04414501576890004
13.0,5Y,20Y,0.041085732883747714
13.0,5Y,25Y,0.04097103561512506
13.0,6Y,1Y,0.05092586197482661
13.0,6Y,2Y,0.04947963676063591
13.0,6Y,3Y,0.04805570990331785
13.0,6Y,5Y,0.04548062530018012
13.0,6Y,10Y,0.042335055151222205
13.0,6Y,20Y,0.040095547366207046
13.0,6Y,25Y,0.040111641631261755
13.0,7Y,1Y,0.047962118948856027
13.0,7Y,2Y,0.04651584493189437
13.0,7Y,3Y,0.04509041529052459
13.0,7Y,5Y,0.04316600281274679
13.0,7Y,10Y,0.04078097846384289
13.0,7Y,20Y,0.03929720081212223
13.0,7Y,25Y,0.03941868019125829
13.0,8Y,1Y,0.04500265874661722
13.0,8Y,2Y,0.04355633894860544
13.0,8Y,3Y,0.04250278298008679
13.0,8Y,5Y,0.04131922753690862
13.0,8Y,10Y,0.03948915352050034
13.0,8Y,20Y,0.038692760664759414
13.0,8Y,25Y,0.038893799009694516
13.0,9Y,1Y,0.04204747517969043
13.0,9Y,2Y,0.04117261549590027
13.0,9Y,3Y,0.040686561504982115
13.0,9Y,5Y,0.039956955739799245
13.0,9Y,10Y,0.03846561660103954
13.0,9Y,20Y,0.03828504167400766
13.0,9Y,25Y,0.03853944280113382
13.0,10Y,1Y,0.040261910204276684
13.0,10Y,2Y,0.03996426640080653
13.0,10Y,3Y,0.03967054827993679
13.0,10Y,5Y,0.03909451890304706
13.0,10Y,10Y,0.03771667970643945
13.0,10Y,20Y,0.038077954546978515
13.0,10Y,25Y,0.03835911614741508
13.0,12Y,1Y,0.03904758362591317
13.0,12Y,2Y,0.03874993638323203
13.0,12Y,3Y,0.038456092291320264
13.0,12Y,5Y,0.03787944459235514
13.0,12Y,10Y,0.03679702962696751
13.0,12Y,20Y,0.03794802928702842
13.0,12Y,25Y,0.038245132498042046
13.0,15Y,1Y,0.03722744877027142
13.0,15Y,2Y,0.0369297965664506
13.0,15Y,3Y,0.03663576396134887
13.0,15Y,5Y,0.036058190272135214
13.0,15Y,10Y,0.03660973479373637
13.0,15Y,20Y,0.038072572082616475
13.0,15Y,25Y,0.03835177344783012
13.0,20Y,1Y,0.03506763198005363
13.0,20Y,2Y,0.03562877815256612
13.0,20Y,3Y,0.036182931169632476
13.0,20Y,5Y,0.037269009923198426
13.0,20Y,10Y,0.038599996446192074
13.0,20Y,20Y,0.03925067617392073
13.0,20Y,25Y,0.03937565840868762
13.0,25Y,1Y,0.04021738212993861
13.0,25Y,2Y,0.04021738212993855
13.0,25Y,3Y,0.04021738212993846
13.0,25Y,5Y,0.04021738212993844
13.0,25Y,10Y,0.040217382129938466
13.0,25Y,20Y,0.040217382129938466
13.0,25Y,25Y,0.04021738212993846
13.0,30Y,1Y,0.0402173821299384
13.0,30Y,2Y,0.04021738212993849
13.0,30Y,3Y,0.040217382129938424
13.0,30Y,5Y,0.0402173821299385
13.0,30Y,10Y,0.04021738212993845
13.0,30Y,20Y,0.04021738212993846
13.0,30Y,25Y,0.04021738212993846
14.0,1M,1Y,0.0678308804431004
14.0,1M,2Y,0.0671185190556303
14.0,1M,3Y,0.06582011961305695
14.0,1M,5Y,0.06300339397073668
14.0,1M,10Y,0.05649784113923673
14.0,1M,20Y,0.04931204299058107
14.0,1M,25Y,0.04785137359705845
14.0,3M,1Y,0.06762724654473405
14.0,3M,2Y,0.06677551828836147
14.0,3M,3Y,0.06539440745773953
14.0,3M,5Y,0.06254766717752637
14.0,3M,10Y,0.05602750380479647
14.0,3M,20Y,0.04898107058227544
14.0,3M,25Y,0.047582951092633365
14.0,6M,1Y,0.06764858023136372
14.0,6M,2Y,0.06638982772732097
14.0,6M,3Y,0.06484486532485383
14.0,6M,5Y,0.061910469785899404
14.0,6M,10Y,0.05534693955858821
14.0,6M,20Y,0.048499374594284994
14.0,6M,25Y,0.04719184678636561
14.0,9M,1Y,0.06693068325371271
14.0,9M,2Y,0.06561260319763912
14.0,9M,3Y,0.06405360684932498
14.0,9M,5Y,0.06113498581603844
14.0,9M,10Y,0.05461324142699532
14.0,9M,20Y,0.0479958209139021
14.0,9M,25Y,0.04678138026913014
14.0,1Y,1Y,0.06658784876927616
14.0,1Y,2Y,0.0649783522338531
14.0,1Y,3Y,0.06336226143622055
14.0,1Y,5Y,0.06041133514187359
14.0,1Y,10Y,0.05390863399106776
14.0,1Y,20Y,0.04750982286433747
14.0,1Y,25Y,0.04638449335776692
14.0,2Y,1Y,0.06326394198096062
14.0,2Y,2Y,0.06159304587838
14.0,2Y,3Y,0.06007044767286162
14.0,2Y,5Y,0.0572286968759208
14.0,2Y,10Y,0.05108305524404432
14.0,2Y,20Y,0.04562233152095349
14.0,2Y,25Y,0.04483545887113133
14.0,3Y,1Y,0.05981930061868114
14.0,3Y,2Y,0.058327370623088355
14.0,3Y,3Y,0.05688623899370411
14.0,3Y,5Y,0.05413137990282242
14.0,3Y,10Y,0.04852372123411495
14.0,3Y,20Y,0.04397427518219682
14.0,3Y,25Y,0.043472446185729784
14.0,4Y,1Y,0.05674839739219076
14.0,4Y,2Y,0.055292432565716004
14.0,4Y,3Y,0.053885515427885396
14.0,4Y,5Y,0.05115211918498606
14.0,4Y,10Y,0.046259749789373084
14.0,4Y,20Y,0.0425797179147289
14.0,4Y,25Y,0.042304089860767106
14.0,5Y,1Y,0.05375604487270903
14.0,5Y,2Y,0.052336559096816226
14.0,5Y,3Y,0.05094037052811826
14.0,5Y,5Y,0.048209628523900615
14.0,5Y,10Y,0.044255448662299725
14.0,5Y,20Y,0.041414677825902156
14.0,5Y,25Y,0.041306834409804594
14.0,6Y,1Y,0.050842925480641656
14.0,6Y,2Y,0.04942338984367038
14.0,6Y,3Y,0.04802574706403361
14.0,6Y,5Y,0.045503979358280044
14.0,6Y,10Y,0.042510341996426726
14.0,6Y,20Y,0.040459131513084015
14.0,6Y,25Y,0.04047678323356667
14.0,7Y,1Y,0.04793393814980806
14.0,7Y,2Y,0.046514355508806914
14.0,7Y,3Y,0.045115264869609165
14.0,7Y,5Y,0.043249450436192056
14.0,7Y,10Y,0.041022575208870767
14.0,7Y,20Y,0.03969213452556022
14.0,7Y,25Y,0.03981045267900155
14.0,8Y,1Y,0.045029077019692526
14.0,8Y,2Y,0.043609450232183385
14.0,8Y,3Y,0.042585194112382777
14.0,8Y,5Y,0.04146609327931506
14.0,8Y,10Y,0.03979869484722887
14.0,8Y,20Y,0.03911597843129448
14.0,8Y,25Y,0.039309701613033585
14.0,9Y,1Y,0.042128336238089904
14.0,9Y,2Y,0.041284654891279866
14.0,9Y,3Y,0.040832354050881856
14.0,9Y,5Y,0.04017077662375474
14.0,9Y,10Y,0.038844993800205965
14.0,9Y,20Y,0.038733715645365416
14.0,9Y,25Y,0.03897718896569272
14.0,10Y,1Y,0.0404062957781903
14.0,10Y,2Y,0.04014436921855865
14.0,10Y,3Y,0.03988592138113832
14.0,10Y,5Y,0.03937917358755852
14.0,10Y,10Y,0.038168133497723224
14.0,10Y,20Y,0.03854950124215594
14.0,10Y,25Y,0.03881663246414505
14.0,12Y,1Y,0.03933756294168004
14.0,12Y,2Y,0.03907563370041979
14.0,12Y,3Y,0.03881708826382852
14.0,12Y,5Y,0.038309861471755344
14.0,12Y,10Y,0.03736611036518997
14.0,12Y,20Y,0.038454093816154694
14.0,12Y,25Y,0.03873268705855565
14.0,15Y,1Y,0.03773551319277763
14.0,15Y,2Y,0.037473580063785684
14.0,15Y,3Y,0.03721488853044116
14.0,15Y,5Y,0.03670694425586107
14.0,15Y,10Y,0.037240476953684404
14.0,15Y,20Y,0.03859614391967106
14.0,15Y,25Y,0.03885485486690847
14.0,20Y,1Y,0.035856675431065105
14.0,20Y,2Y,0.03637268206695914
14.0,20Y,3Y,0.03688214797521196
14.0,20Y,5Y,0.0378804048712974
14.0,20Y,10Y,0.039103727939076384
14.0,20Y,20Y,0.03970169326619552
14.0,20Y,25Y,0.03981647721976624
14.0,25Y,1Y,0.04059352629755243
14.0,25Y,2Y,0.040593526297552404
14.0,25Y,3Y,0.04059352629755235
14.0,25Y,5Y,0.04059352629755241
14.0,25Y,10Y,0.0405935262975524
14.0,25Y,20Y,0.04059352629755238
14.0,25Y,25Y,0.04059352629755238
14.0,30Y,1Y,0.040593526297552245
14.0,30Y,2Y,0.040593526297552286
14.0,30Y,3Y,0.040593526297552314
14.0,30Y,5Y,0.04059352629755236
14.0,30Y,10Y,0.04059352629755237
14.0,30Y,20Y,0.04059352629755237
14.0,30Y,25Y,0.040593526297552376
15.0,1M,1Y,0.06727183913268862
15.0,1M,2Y,0.0665805072806876
15.0,1M,3Y,0.0653155496448399
15.0,1M,5Y,0.06256769535158511
15.0,1M,10Y,0.05618831419424117
15.0,1M,20Y,0.0491050226907895
15.0,1M,25Y,0.047657211959962545
15.0,3M,1Y,0.06707245081481118
15.0,3M,2Y,0.06624620708322013
15.0,3M,3Y,0.0649002999630937
15.0,3M,5Y,0.062123074777740345
15.0,3M,10Y,0.055727584268657746
15.0,3M,20Y,0.048780180911001475
15.0,3M,25Y,0.04739380224040243
15.0,6M,1Y,0.06709664265334257
15.0,6M,2Y,0.06587239993567945
15.0,6M,3Y,0.06436572408513512
15.0,6M,5Y,0.06150205942957263
15.0,6M,10Y,0.05506117669569235
15.0,6M,20Y,0.048307496734780304
15.0,6M,25Y,0.04701006826700775
15.0,9M,1Y,0.06639568407259921
15.0,9M,2Y,0.06511411475355666
15.0,9M,3Y,0.06359371019131785
15.0,9M,5Y,0.060744818764255026
15.0,9M,10Y,0.05434234195554571
15.0,9M,20Y,0.04781321945083846
15.0,9M,25Y,0.04660721426958636
15.0,1Y,1Y,0.06606617892751177
15.0,1Y,2Y,0.0644977643931202
15.0,1Y,3Y,0.06292094905012853
15.0,1Y,5Y,0.06003892953983056
15.0,1Y,10Y,0.05365230382096853
15.0,1Y,20Y,0.047336278434195626
15.0,1Y,25Y,0.046217766201411284
15.0,2Y,1Y,0.062827855367632
15.0,2Y,2Y,0.061196877426936615
15.0,2Y,3Y,0.05971106862299586
15.0,2Y,5Y,0.05692770471004287
15.0,2Y,10Y,0.05088214353282068
15.0,2Y,20Y,0.04548218792556878
15.0,2Y,25Y,0.04469621189904612
15.0,3Y,1Y,0.05946613415427532
15.0,3Y,2Y,0.05801071410130969
15.0,3Y,3Y,0.05660025417983604
15.0,3Y,5Y,0.05389308571041455
15.0,3Y,10Y,0.048368893050952266
15.0,3Y,20Y,0.04386049571093178
15.0,3Y,25Y,0.043354942504394894
15.0,4Y,1Y,0.056470824737509286
15.0,4Y,2Y,0.055043572915517085
15.0,4Y,3Y,0.05365964640466463
15.0,4Y,5Y,0.05096795675449389
15.0,4Y,10Y,0.04614161717007157
15.0,4Y,20Y,0.04248547550750437
15.0,4Y,25Y,0.04220286784596247
15.0,5Y,1Y,0.05353782293927052
15.0,5Y,2Y,0.05213914061735013
15.0,5Y,3Y,0.05076334569923914
15.0,5Y,5Y,0.048072401350676704
15.0,5Y,10Y,0.04416529786319001
15.0,5Y,20Y,0.04133374186554674
15.0,5Y,25Y,0.041217013122774974
15.0,6Y,1Y,0.050667663975334384
15.0,6Y,2Y,0.04926893339999033
15.0,6Y,3Y,0.04789172689007059
15.0,6Y,5Y,0.04540591041813759
15.0,6Y,10Y,0.04244129122498318
15.0,6Y,20Y,0.04038682741877464
15.0,6Y,25Y,0.0403945791874065
15.0,7Y,1Y,0.0478015165248031
15.0,7Y,2Y,0.04640274042932917
15.0,7Y,3Y,0.045024128404557245
15.0,7Y,5Y,0.04318197478343316
15.0,7Y,10Y,0.040969633226333506
15.0,7Y,20Y,0.03962533665164854
15.0,7Y,25Y,0.0397331476611388
15.0,8Y,1Y,0.04493937498143536
15.0,8Y,2Y,0.043540556099570714
15.0,8Y,3Y,0.04252973731715177
15.0,8Y,5Y,0.04142023836905275
15.0,8Y,10Y,0.03975678673097708
15.0,8Y,20Y,0.039051572754838136
15.0,8Y,25Y,0.03923458213653915
15.0,9Y,1Y,0.04208123374682423
15.0,9Y,2Y,0.04124751245384371
15.0,9Y,3Y,0.04079787590378022
15.0,9Y,5Y,0.040137272785194945
15.0,9Y,10Y,0.03880896430669388
15.0,9Y,20Y,0.038668569203168426
15.0,9Y,25Y,0.03890151662439477
15.0,10Y,1Y,0.04037954749462696
15.0,10Y,2Y,0.04011662147978065
15.0,10Y,3Y,0.03985718475796949
15.0,10Y,5Y,0.039348488776358645
15.0,10Y,10Y,0.03813272641190768
15.0,10Y,20Y,0.03848042057991352
15.0,10Y,25Y,0.03873760593385244
15.0,12Y,1Y,0.03930675230259579
15.0,12Y,2Y,0.03904382358767147
15.0,12Y,3Y,0.03878428852525191
15.0,12Y,5Y,0.03827510989921695
15.0,12Y,10Y,0.03732355599713262
15.0,12Y,20Y,0.03837376940923202
15.0,12Y,25Y,0.03864396794632718
15.0,15Y,1Y,0.0376986170276285
15.0,15Y,2Y,0.037435684398847466
15.0,15Y,3Y,0.03717600213100053
15.0,15Y,5Y,0.03666610056538356
15.0,15Y,10Y,0.03717508109047463
15.0,15Y,20Y,0.038498356871002136
15.0,15Y,25Y,0.038750993958477
15.0,20Y,1Y,0.03580056505663224
15.0,20Y,2Y,0.036306618007281986
15.0,20Y,3Y,0.03680627210621651
15.0,20Y,5Y,0.03778537147759245
15.0,20Y,10Y,0.0389853572151527
15.0,20Y,20Y,0.03957202815453455
15.0,20Y,25Y,0.03968467837952689
15.0,25Y,1Y,0.040445786750300014
15.0,25Y,2Y,0.04044578675030014
15.0,25Y,3Y,0.04044578675030012
15.0,25Y,5Y,0.04044578675030019
15.0,25Y,10Y,0.04044578675030018
15.0,25Y,20Y,0.040445786750300194
15.0,25Y,25Y,0.04044578675030019
15.0,30Y,1Y,0.04044578675030012
15.0,30Y,2Y,0.04044578675030019
15.0,30Y,3Y,0.04044578675030016
15.0,30Y,5Y,0.04044578675030018
15.0,30Y,10Y,0.0404457867503002
15.0,30Y,20Y,0.040445786750300194
15.0,30Y,25Y,0.04044578675030021
16.0,1M,1Y,0.06775782255030631
16.0,1M,2Y,0.06707926716485127
16.0,1M,3Y,0.06583316755725498
16.0,1M,5Y,0.06312220489066032
16.0,1M,10Y,0.05679541382332093
16.0,1M,20Y,0.04972543146044193
16.0,1M,25Y,0.0482745254426504
16.0,3M,1Y,0.067557739741888
16.0,3M,2Y,0.06674806964335295
16.0,3M,3Y,0.06542249082787667
16.0,3M,5Y,0.06268243141807694
16.0,3M,10Y,0.0563376950852172
16.0,3M,20Y,0.04940079455734002
16.0,3M,25Y,0.048011162683646025
16.0,6M,1Y,0.06758981736389476
16.0,6M,2Y,0.06638366318310351
16.0,6M,3Y,0.06489775168526037
16.0,6M,5Y,0.062070236616589204
16.0,6M,10Y,0.055676446825171484
16.0,6M,20Y,0.04892875515708814
16.0,6M,25Y,0.04762778625461675
16.0,9M,1Y,0.06689113295865952
16.0,9M,2Y,0.06563211439973533
16.0,9M,3Y,0.06413345305246175
16.0,9M,5Y,0.06132015747822677
16.0,9M,10Y,0.05496175238740305
16.0,9M,20Y,0.04843457731398136
16.0,9M,25Y,0.04722480805872338
16.0,1Y,1Y,0.06657470973148862
16.0,1Y,2Y,0.06502823939697154
16.0,1Y,3Y,0.06347198651213096
16.0,1Y,5Y,0.06062326160539568
16.0,1Y,10Y,0.0542765992812282
16.0,1Y,20Y,0.0479581325461483
16.0,1Y,25Y,0.046835571533400185
16.0,2Y,1Y,0.06338083050369699
16.0,2Y,2Y,0.06176985446869788
16.0,2Y,3Y,0.06030156273463927
16.0,2Y,5Y,0.05754077751529696
16.0,2Y,10Y,0.05152049707537009
16.0,2Y,20Y,0.046103304891676126
16.0,2Y,25Y,0.04531250030017093
16.0,3Y,1Y,0.060059367104562326
16.0,3Y,2Y,0.05862023352462638
16.0,3Y,3Y,0.057221282863985645
16.0,3Y,5Y,0.054526216392719845
16.0,3Y,10Y,0.04901411091636549
16.0,3Y,20Y,0.04447767677912333
16.0,3Y,25Y,0.04396698178492054
16.0,4Y,1Y,0.057096661349380205
16.0,4Y,2Y,0.05567830555113281
16.0,4Y,3Y,0.0542985666420716
16.0,4Y,5Y,0.05161311707728177
16.0,4Y,10Y,0.04678705700819194
16.0,4Y,20Y,0.04309611349163461
16.0,4Y,25Y,0.04280841206875147
16.0,5Y,1Y,0.054181007245260086
16.0,5Y,2Y,0.05278372947877987
16.0,5Y,3Y,0.05140962409061953
16.0,5Y,5Y,0.04872292453371961
16.0,5Y,10Y,0.04480517607536256
16.0,5Y,20Y,0.04193585364132721
16.0,5Y,25Y,0.04181429588422298
16.0,6Y,1Y,0.05131280644423453
16.0,6Y,2Y,0.04991547990630637
16.0,6Y,3Y,0.048539964371487374
16.0,6Y,5Y,0.0460563838839302
16.0,6Y,10Y,0.04307177136179307
16.0,6Y,20Y,0.04097954615791035
16.0,6Y,25Y,0.040982896995124314
16.0,7Y,1Y,0.04844861043034742
16.0,7Y,2Y,0.04705123784600263
16.0,7Y,3Y,0.04567431821873679
16.0,7Y,5Y,0.0438283980319573
16.0,7Y,10Y,0.04158885416500659
16.0,7Y,20Y,0.04020886325029003
16.0,7Y,25Y,0.04031283955098895
16.0,8Y,1Y,0.045588413612327426
16.0,8Y,2Y,0.044190997707046445
16.0,8Y,3Y,0.04317860490687033
16.0,8Y,5Y,0.04205873309234073
16.0,8Y,10Y,0.04036299478729854
16.0,8Y,20Y,0.039626199821346776
16.0,8Y,25Y,0.03980606286427121
16.0,9Y,1Y,0.042732210406707834
16.0,9Y,2Y,0.04189507396721804
16.0,9Y,3Y,0.041439009117200984
16.0,9Y,5Y,0.04076412603725617
16.0,9Y,10Y,0.03940050681983075
16.0,9Y,20Y,0.03923467372168223
16.0,9Y,25Y,0.03946527223069054
16.0,10Y,1Y,0.04102300128241873
16.0,10Y,2Y,0.04075188621358154
16.0,10Y,3Y,0.040484425626651506
16.0,10Y,5Y,0.03996015889025508
16.0,10Y,10Y,0.03870803537873916
16.0,10Y,20Y,0.039038457432694025
16.0,10Y,25Y,0.03929419051582234
16.0,12Y,1Y,0.03991644862612997
16.0,12Y,2Y,0.039645330642153996
16.0,12Y,3Y,0.03937776539454124
16.0,12Y,5Y,0.03885298514999403
16.0,12Y,10Y,0.03786972290852884
16.0,12Y,20Y,0.03891838584208234
16.0,12Y,25Y,0.03918878264192659
16.0,15Y,1Y,0.03825774439726407
16.0,15Y,2Y,0.03798662218997035
16.0,15Y,3Y,0.0377189002860456
16.0,15Y,5Y,0.03719335090274094
16.0,15Y,10Y,0.03769792099189423
16.0,15Y,20Y,0.03903178643832926
16.0,15Y,25Y,0.039286150191460055
16.0,20Y,1Y,0.03629145826025813
16.0,20Y,2Y,0.03680483596181448
16.0,20Y,3Y,0.03731163212283004
16.0,20Y,5Y,0.03830443850620778
16.0,20Y,10Y,0.039520826259032804
16.0,20Y,20Y,0.04011517162337938
16.0,20Y,25Y,0.040229170106161345
16.0,25Y,1Y,0.04100519606993998
16.0,25Y,2Y,0.04100519606994002
16.0,25Y,3Y,0.04100519606994001
16.0,25Y,5Y,0.04100519606993996
16.0,25Y,10Y,0.041005196069939985
16.0,25Y,20Y,0.04100519606993998
16.0,25Y,25Y,0.041005196069939985
16.0,30Y,1Y,0.04100519606994009
16.0,30Y,2Y,0.041005196069939985
16.0,30Y,3Y,0.041005196069939985
16.0,30Y,5Y,0.041005196069940006
16.0,30Y,10Y,0.041005196069939985
16.0,30Y,20Y,0.04100519606993999
16.0,30Y,25Y,0.04100519606993999
17.0,1M,1Y,0.06744387542977624
17.0,1M,2Y,0.06676882925415012
17.0,1M,3Y,0.06553079312771881
17.0,1M,5Y,0.06283793713541512
17.0,1M,10Y,0.05653356524068861
17.0,1M,20Y,0.04945673048614039
17.0,1M,25Y,0.048000374278422776
17.0,3M,1Y,0.06724537537095937
17.0,3M,2Y,0.06643981478142678
17.0,3M,3Y,0.06512298794178373
17.0,3M,5Y,0.06240114937898422
17.0,3M,10Y,0.05607779746188933
17.0,3M,20Y,0.049132947561955936
17.0,3M,25Y,0.04773809099169277
17.0,6M,1Y,0.06727627699658364
17.0,6M,2Y,0.06607732437981204
17.0,6M,3Y,0.06460162458720134
17.0,6M,5Y,0.06179279883691914
17.0,6M,10Y,0.055419151954087524
17.0,6M,20Y,0.0486620339264557
17.0,6M,25Y,0.04735619160676667
17.0,9M,1Y,0.06658255345556176
17.0,9M,2Y,0.06533107117103079
17.0,9M,3Y,0.06384275877298883
17.0,9M,5Y,0.06104756507464626
17.0,9M,10Y,0.05470750037295281
17.0,9M,20Y,0.04816927024031118
17.0,9M,25Y,0.046954923576692724
17.0,1Y,1Y,0.06626700233653512
17.0,1Y,2Y,0.0647309944220494
17.0,1Y,3Y,0.0631856842375357
17.0,1Y,5Y,0.060354784442144906
17.0,1Y,10Y,0.05402500872837019
17.0,1Y,20Y,0.047694059686701436
17.0,1Y,25Y,0.04656723108785138
17.0,2Y,1Y,0.06309519365156072
17.0,2Y,2Y,0.06149598511546343
17.0,2Y,3Y,0.06003790193066341
17.0,2Y,5Y,0.057289717050813316
17.0,2Y,10Y,0.05127934408143297
17.0,2Y,20Y,0.04584432101559812
17.0,2Y,25Y,0.04505027168111275
17.0,3Y,1Y,0.059798431465364094
17.0,3Y,2Y,0.05836919724228635
17.0,3Y,3Y,0.056977150887346145
17.0,3Y,5Y,0.054288863986312455
17.0,3Y,10Y,0.048780253233638146
17.0,3Y,20Y,0.04422237335552318
17.0,3Y,25Y,0.04370929351019163
17.0,4Y,1Y,0.05685646606926191
17.0,4Y,2Y,0.055443841984256094
17.0,4Y,3Y,0.05406688326242174
17.0,4Y,5Y,0.05138492131511175
17.0,4Y,10Y,0.046556842115218745
17.0,4Y,20Y,0.04284285136527276
17.0,4Y,25Y,0.04255347331848108
17.0,5Y,1Y,0.05395292824802079
17.0,5Y,2Y,0.0525571540652288
17.0,5Y,3Y,0.05118442162890501
17.0,5Y,5Y,0.04850009496730746
17.0,5Y,10Y,0.044575362769535436
17.0,5Y,20Y,0.04168332206868216
17.0,5Y,25Y,0.04156059954641622
17.0,6Y,1Y,0.051088136810271384
17.0,6Y,2Y,0.049692314173604694
17.0,6Y,3Y,0.04831817509953251
17.0,6Y,5Y,0.045836012456499195
17.0,6Y,10Y,0.04284009422250316
17.0,6Y,20Y,0.04072687091872835
17.0,6Y,25Y,0.04072946010741295
17.0,7Y,1Y,0.04822734108822325
17.0,7Y,2Y,0.046831472713940135
17.0,7Y,3Y,0.045455933038312524
17.0,7Y,5Y,0.04360840748565738
17.0,7Y,10Y,0.04135403679867483
17.0,7Y,20Y,0.03995558809118568
17.0,7Y,25Y,0.040059192408330384
17.0,8Y,1Y,0.04537053550928195
17.0,8Y,2Y,0.04397462411408615
17.0,8Y,3Y,0.04296184052329512
17.0,8Y,5Y,0.04183686191754146
17.0,8Y,10Y,0.04012367282934016
17.0,8Y,20Y,0.0393718087510206
17.0,8Y,25Y,0.039551681591761804
17.0,9Y,1Y,0.042517714508623856
17.0,9Y,2Y,0.04167930585837873
17.0,9Y,3Y,0.04122011288975969
17.0,9Y,5Y,0.040537935376592664
17.0,9Y,10Y,0.03915521778020567
17.0,9Y,20Y,0.038978582192910984
17.0,9Y,25Y,0.039209570987788496
17.0,10Y,1Y,0.04080609233253214
17.0,10Y,2Y,0.04053087142122171
17.0,10Y,3Y,0.040259338714280744
17.0,10Y,5Y,0.03972701989760965
17.0,10Y,10Y,0.03845520144703479
17.0,10Y,20Y,0.038780001122382966
17.0,10Y,25Y,0.039036511552348004
17.0,12Y,1Y,0.03968290933824504
17.0,12Y,2Y,0.03940768544002576
17.0,12Y,3Y,0.039136044918055383
17.0,12Y,5Y,0.03860319705707482
17.0,12Y,10Y,0.037603174380379974
17.0,12Y,20Y,0.038655362285582674
17.0,12Y,25Y,0.03892717449003298
17.0,15Y,1Y,0.03799929378582433
17.0,15Y,2Y,0.0377240655635231
17.0,15Y,3Y,0.037452263669256455
17.0,15Y,5Y,0.03691862341834438
17.0,15Y,10Y,0.037422463783421483
17.0,15Y,20Y,0.03876523800446142
17.0,15Y,25Y,0.0390214162565124
17.0,20Y,1Y,0.035999421062901264
17.0,20Y,2Y,0.036516516602183934
17.0,20Y,3Y,0.03702703187987262
17.0,20Y,5Y,0.03802726463705244
17.0,20Y,10Y,0.039252903753611186
17.0,20Y,20Y,0.03985190904689502
17.0,20Y,25Y,0.03996685830039194
17.0,25Y,1Y,0.04074662967293905
17.0,25Y,2Y,0.04074662967293918
17.0,25Y,3Y,0.04074662967293933
17.0,25Y,5Y,0.04074662967293935
17.0,25Y,10Y,0.04074662967293936
17.0,25Y,20Y,0.04074662967293937
17.0,25Y,25Y,0.04074662967293936
17.0,30Y,1Y,0.0407466296729394
17.0,30Y,2Y,0.040746629672939336
17.0,30Y,3Y,0.040746629672939336
17.0,30Y,5Y,0.04074662967293936
17.0,30Y,10Y,0.040746629672939357
17.0,30Y,20Y,0.040746629672939384
17.0,30Y,25Y,0.04074662967293938
18.0,1M,1Y,0.0685683403923759
18.0,1M,2Y,0.06789258248717772
18.0,1M,3Y,0.066653072668452
18.0,1M,5Y,0.0639573818544985
18.0,1M,10Y,0.05763171611148202
18.0,1M,20Y,0.05050392953630922
18.0,1M,25Y,0.049036200307818634
18.0,3M,1Y,0.06836528035161414
18.0,3M,2Y,0.06756044443207931
18.0,3M,3Y,0.06624306052148406
18.0,3M,5Y,0.06351854644275427
18.0,3M,10Y,0.057172809435223855
18.0,3M,20Y,0.05017591180195926
18.0,3M,25Y,0.048770212078877044
18.0,6M,1Y,0.06840437647436498
18.0,6M,2Y,0.06720090510268124
18.0,6M,3Y,0.06572320339106398
18.0,6M,5Y,0.06290973345584211
18.0,6M,10Y,0.05651059475307797
18.0,6M,20Y,0.04969927763738793
18.0,6M,25Y,0.04838329006617163
18.0,9M,1Y,0.06769926384036319
18.0,9M,2Y,0.06644825237698106
18.0,9M,3Y,0.06495949121125265
18.0,9M,5Y,0.06216009137669842
18.0,9M,10Y,0.05579337882679498
18.0,9M,20Y,0.049199790009252196
18.0,9M,25Y,0.04797611014675472
18.0,1Y,1Y,0.06738998403697036
18.0,1Y,2Y,0.06585071355637744
18.0,1Y,3Y,0.06430319431120847
18.0,1Y,5Y,0.06146592434051726
18.0,1Y,10Y,0.0551066439928826
18.0,1Y,20Y,0.04871859968943111
18.0,1Y,25Y,0.04758313074038275
18.0,2Y,1Y,0.064209665152526
18.0,2Y,2Y,0.06260777890831147
18.0,2Y,3Y,0.06114622314459694
18.0,2Y,5Y,0.05838608247562774
18.0,2Y,10Y,0.05233917440657875
18.0,2Y,20Y,0.04684352108227155
18.0,2Y,25Y,0.04604369814091625
18.0,3Y,1Y,0.06090555128558911
18.0,3Y,2Y,0.05947149249285295
18.0,3Y,3Y,0.05807266425594927
18.0,3Y,5Y,0.05536660731913964
18.0,3Y,10Y,0.049816247879627004
18.0,3Y,20Y,0.0451974196196336
18.0,3Y,25Y,0.04468113834663123
18.0,4Y,1Y,0.05795203385606936
18.0,4Y,2Y,0.05653061376631989
18.0,4Y,3Y,0.05514291026899474
18.0,4Y,5Y,0.05243988907501581
18.0,4Y,10Y,0.04756715078960749
18.0,4Y,20Y,0.04379521612956455
18.0,4Y,25Y,0.04350477629391656
18.0,5Y,1Y,0.055028836332102836
18.0,5Y,2Y,0.053620241827334256
18.0,5Y,3Y,0.05223539413936351
18.0,5Y,5Y,0.049528797356148936
18.0,5Y,10Y,0.045558712970336195
18.0,5Y,20Y,0.042614833697645196
18.0,5Y,25Y,0.04249258089831312
18.0,6Y,1Y,0.05213620652233156
18.0,6Y,2Y,0.05072756166223765
18.0,6Y,3Y,0.04934127913862773
18.0,6Y,5Y,0.04683698849377414
18.0,6Y,10Y,0.04379645158379317
18.0,6Y,20Y,0.041639746280703306
18.0,6Y,25Y,0.04164395975863617
18.0,7Y,1Y,0.04924764832856709
18.0,7Y,2Y,0.04783895590486734
18.0,7Y,3Y,0.046451244742583955
18.0,7Y,5Y,0.044582601568062236
18.0,7Y,10Y,0.042284602336865824
18.0,7Y,20Y,0.04085237310138294
18.0,7Y,25Y,0.04095866606051147
18.0,8Y,1Y,0.04636315602018817
18.0,8Y,2Y,0.044954418825074116
18.0,8Y,3Y,0.04393028530768897
18.0,8Y,5Y,0.04278570580410277
18.0,8Y,10Y,0.041029871950829314
18.0,8Y,20Y,0.040255181495049516
18.0,8Y,25Y,0.0404386990367635
18.0,9Y,1Y,0.04348272387463867
18.0,9Y,2Y,0.04263305634332276
18.0,9Y,3Y,0.04216397061293102
18.0,9Y,5Y,0.04146333040680502
18.0,9Y,10Y,0.04003869154194314
18.0,9Y,20Y,0.03985136605031582
18.0,9Y,25Y,0.04008683231880657
18.0,10Y,1Y,0.04174729547989606
18.0,10Y,2Y,0.041462532304572544
18.0,10Y,3Y,0.04118167288602866
18.0,10Y,5Y,0.040631324374461125
18.0,10Y,10Y,0.039317802141007066
18.0,10Y,20Y,0.039645187225138
18.0,10Y,25Y,0.03990687132015886
18.0,12Y,1Y,0.04058463752258591
18.0,12Y,2Y,0.04029987107756551
18.0,12Y,3Y,0.040018896076740494
18.0,12Y,5Y,0.0394679806591569
18.0,12Y,10Y,0.038434211244147885
18.0,12Y,20Y,0.039511400848004946
18.0,12Y,25Y,0.039789346895852985
18.0,15Y,1Y,0.03884189184399805
18.0,15Y,2Y,0.03855712066753609
18.0,15Y,3Y,0.0382759726808724
18.0,15Y,5Y,0.03772420820297275
18.0,15Y,10Y,0.03824039367288994
18.0,15Y,20Y,0.03961957120497876
18.0,15Y,25Y,0.0398821664587332
18.0,20Y,1Y,0.03677042879643372
18.0,20Y,2Y,0.037304128420876506
18.0,20Y,3Y,0.03783088611402524
18.0,20Y,5Y,0.03886245033957412
18.0,20Y,10Y,0.040125775053515854
18.0,20Y,20Y,0.04074258672777175
18.0,20Y,25Y,0.040860734600741924
18.0,25Y,1Y,0.041672227932078386
18.0,25Y,2Y,0.0416722279320782
18.0,25Y,3Y,0.041672227932078316
18.0,25Y,5Y,0.04167222793207835
18.0,25Y,10Y,0.041672227932078316
18.0,25Y,20Y,0.04167222793207833
18.0,25Y,25Y,0.04167222793207832
18.0,30Y,1Y,0.0416722279320782
18.0,30Y,2Y,0.041672227932078205
18.0,30Y,3Y,0.0416722279320782
18.0,30Y,5Y,0.041672227932078275
18.0,30Y,10Y,0.04167222793207829
18.0,30Y,20Y,0.041672227932078316
18.0,30Y,25Y,0.04167222793207831
19.0,1M,1Y,0.0685918917699566
19.0,1M,2Y,0.0679090571136771
19.0,1M,3Y,0.06666289640260445
19.0,1M,5Y,0.06396060014977656
19.0,1M,10Y,0.05763056871409502
19.0,1M,20Y,0.05050755990624364
19.0,1M,25Y,0.04904262231809407
19.0,3M,1Y,0.06838805058325258
19.0,3M,2Y,0.06757472776078258
19.0,3M,3Y,0.06625115407867628
19.0,3M,5Y,0.06352058891766457
19.0,3M,10Y,0.0571710742070112
19.0,3M,20Y,0.05017939828961824
19.0,3M,25Y,0.04877648283905714
19.0,6M,1Y,0.0684249475026957
19.0,6M,2Y,0.06721182034519388
19.0,6M,3Y,0.06572868431501891
19.0,6M,5Y,0.06291001689285136
19.0,6M,10Y,0.056507991880146324
19.0,6M,20Y,0.04970255573652044
19.0,6M,25Y,0.0483893410446101
19.0,9M,1Y,0.06771570782020697
19.0,9M,2Y,0.0664555097510144
19.0,9M,3Y,0.06496225054696894
19.0,9M,5Y,0.062158587444562215
19.0,9M,10Y,0.055789909085908605
19.0,9M,20Y,0.04920284977008679
19.0,9M,25Y,0.047981933380197836
19.0,1Y,1Y,0.06740091661385608
19.0,1Y,2Y,0.06585418211632044
19.0,1Y,3Y,0.06430319882162869
19.0,1Y,5Y,0.06146263618151797
19.0,1Y,10Y,0.055102325055263156
19.0,1Y,20Y,0.04872144953927362
19.0,1Y,25Y,0.04758873450041787
19.0,2Y,1Y,0.06420517927444726
19.0,2Y,2Y,0.06260179001662888
19.0,2Y,3Y,0.061139312783741157
19.0,2Y,5Y,0.05837859484127705
19.0,2Y,10Y,0.052333261672200114
19.0,2Y,20Y,0.046846531212014056
19.0,2Y,25Y,0.04604930628241932
19.0,3Y,1Y,0.06089797684009023
19.0,3Y,2Y,0.059463274894439734
19.0,3Y,3Y,0.05806420149187716
19.0,3Y,5Y,0.05535857499521892
19.0,3Y,10Y,0.049810997056933835
19.0,3Y,20Y,0.045201783330680576
19.0,3Y,25Y,0.04468781285641364
19.0,4Y,1Y,0.05794314744384959
19.0,4Y,2Y,0.05652168691836052
19.0,4Y,3Y,0.05513433630840374
19.0,4Y,5Y,0.05243222971452248
19.0,4Y,10Y,0.04756326109768091
19.0,4Y,20Y,0.0438011599526578
19.0,4Y,25Y,0.043512744013523195
19.0,5Y,1Y,0.0550198800507032
19.0,5Y,2Y,0.05361185652787684
19.0,5Y,3Y,0.05222756688548129
19.0,5Y,5Y,0.04952205399270603
19.0,5Y,10Y,0.04555667098625807
19.0,5Y,20Y,0.04262244370014591
19.0,5Y,25Y,0.04250195266893186
19.0,6Y,1Y,0.052128434445065715
19.0,6Y,2Y,0.05072036061495103
19.0,6Y,3Y,0.049334637314877375
19.0,6Y,5Y,0.046831613654831704
19.0,6Y,10Y,0.043796595578370616
19.0,6Y,20Y,0.04164903828356034
19.0,6Y,25Y,0.04165476963151146
19.0,7Y,1Y,0.049241057140121905
19.0,7Y,2Y,0.04783293579104614
19.0,7Y,3Y,0.046445785022769116
19.0,7Y,5Y,0.044578955566306866
19.0,7Y,10Y,0.042287121314278024
19.0,7Y,20Y,0.04086329822582649
19.0,7Y,25Y,0.040970873548965434
19.0,8Y,1Y,0.046357742412236246
19.0,8Y,2Y,0.04494957633299725
19.0,8Y,3Y,0.043926311969899726
19.0,8Y,5Y,0.04278416155524794
19.0,8Y,10Y,0.04103496245966991
19.0,8Y,20Y,0.040267697829865993
19.0,8Y,25Y,0.04045227151942464
19.0,9Y,1Y,0.04347848454582401
19.0,9Y,2Y,0.04262985843730216
19.0,9Y,3Y,0.04216210968528933
19.0,9Y,5Y,0.041464273838982504
19.0,9Y,10Y,0.04004656064070241
19.0,9Y,20Y,0.03986544068783613
19.0,9Y,25Y,0.040101746457301385
19.0,10Y,1Y,0.04174518562906872
19.0,10Y,2Y,0.04146193825993105
19.0,10Y,3Y,0.04118257418366901
19.0,10Y,5Y,0.04063515850796497
19.0,10Y,10Y,0.0393286715802454
19.0,10Y,20Y,0.03966079834838221
19.0,10Y,25Y,0.03992311455537986
19.0,12Y,1Y,0.04058871554960474
19.0,12Y,2Y,0.040305464945226695
19.0,12Y,3Y,0.040025986513035204
19.0,12Y,5Y,0.039478009947140354
19.0,12Y,10Y,0.03845054718328164
19.0,12Y,20Y,0.03952973362410041
19.0,12Y,25Y,0.03980795354835173
19.0,15Y,1Y,0.03885523851244078
19.0,15Y,2Y,0.03857198322555591
19.0,15Y,3Y,0.03829233364089274
19.0,15Y,5Y,0.0377435170177203
19.0,15Y,10Y,0.038261871437005074
19.0,15Y,20Y,0.03964067888367824
19.0,15Y,25Y,0.039903194421205206
19.0,20Y,1Y,0.03679703500490829
19.0,20Y,2Y,0.03733011811938563
19.0,20Y,3Y,0.03785626290206351
19.0,20Y,5Y,0.03888661476763518
19.0,20Y,10Y,0.04014844337096845
19.0,20Y,20Y,0.04076451365210666
19.0,20Y,25Y,0.04088251474601537
19.0,25Y,1Y,0.04169323071630191
19.0,25Y,2Y,0.04169323071630185
19.0,25Y,3Y,0.04169323071630177
19.0,25Y,5Y,0.04169323071630173
19.0,25Y,10Y,0.04169323071630174
19.0,25Y,20Y,0.041693230716301745
19.0,25Y,25Y,0.04169323071630175
19.0,30Y,1Y,0.04169323071630176
19.0,30Y,2Y,0.04169323071630177
19.0,30Y,3Y,0.04169323071630176
19.0,30Y,5Y,0.041693230716301745
19.0,30Y,10Y,0.04169323071630178
19.0,30Y,20Y,0.04169323071630174
19.0,30Y,25Y,0.04169323071630174
20.0,1M,1Y,0.06838007418479718
20.0,1M,2Y,0.06771493564605327
20.0,1M,3Y,0.06649472527445437
20.0,1M,5Y,0.06383735599964661
20.0,1M,10Y,0.05754435692229207
20.0,1M,20Y,0.050364468021681985
20.0,1M,25Y,0.0488758876765391
20.0,3M,1Y,0.06817879298397854
20.0,3M,2Y,0.0673871308907445
20.0,3M,3Y,0.06609054769166375
20.0,3M,5Y,0.06340423134750976
20.0,3M,10Y,0.05708802073344663
20.0,3M,20Y,0.050036041800959
20.0,3M,25Y,0.04861036727500755
20.0,6M,1Y,0.068220006596941
20.0,6M,2Y,0.06703447551359823
20.0,6M,3Y,0.0655794848999472
20.0,6M,5Y,0.06280370528597666
20.0,6M,10Y,0.056429427144390094
20.0,6M,20Y,0.04955872428763079
20.0,6M,25Y,0.048224060915474945
20.0,9M,1Y,0.06752254627714395
20.0,9M,2Y,0.06629192038474258
20.0,9M,3Y,0.06482618394122183
20.0,9M,5Y,0.06206274664474059
20.0,9M,10Y,0.05571590497287237
20.0,9M,20Y,0.04905876279815944
20.0,9M,25Y,0.04781762926228675
20.0,1Y,1Y,0.06722053284541947
20.0,1Y,2Y,0.06570513642515674
20.0,1Y,3Y,0.06418044689803915
20.0,1Y,5Y,0.06137694474627407
20.0,1Y,10Y,0.055032576832028314
20.0,1Y,20Y,0.048577022767881506
20.0,1Y,25Y,0.04742529756097068
20.0,2Y,1Y,0.06408974952319438
20.0,2Y,2Y,0.06251096424671859
20.0,2Y,3Y,0.06106842695953591
20.0,2Y,5Y,0.05832662912301533
20.0,2Y,10Y,0.052275161887483414
20.0,2Y,20Y,0.046699064628001906
20.0,2Y,25Y,0.04588734222834367
20.0,3Y,1Y,0.06083341911434833
20.0,3Y,2Y,0.059416889739552954
20.0,3Y,3Y,0.05802809424116094
20.0,3Y,5Y,0.055324691946518886
20.0,3Y,10Y,0.04975346958097986
20.0,3Y,20Y,0.045047210150164725
20.0,3Y,25Y,0.044522839056338415
20.0,4Y,1Y,0.05791607002584754
20.0,4Y,2Y,0.05650113032855866
20.0,4Y,3Y,0.05511250803997463
20.0,4Y,5Y,0.052403324264820805
20.0,4Y,10Y,0.047496770402851
20.0,4Y,20Y,0.04363662773348055
20.0,4Y,25Y,0.043341224735989205
20.0,5Y,1Y,0.05500623321111364
20.0,5Y,2Y,0.053592909877908934
20.0,5Y,3Y,0.05220339407660082
20.0,5Y,5Y,0.04948758919022562
20.0,5Y,10Y,0.04547319296331778
20.0,5Y,20Y,0.042446208464073584
20.0,5Y,25Y,0.04232123664602085
20.0,6Y,1Y,0.05210393579189728
20.0,6Y,2Y,0.05069056179851589
20.0,6Y,3Y,0.04929960159848988
20.0,6Y,5Y,0.046784225424120196
20.0,6Y,10Y,0.0436909887537544
20.0,6Y,20Y,0.04146050742835239
20.0,6Y,25Y,0.04146372072297048
20.0,7Y,1Y,0.0492057372951475
20.0,7Y,2Y,0.04779231546151787
20.0,7Y,3Y,0.04639991712269622
20.0,7Y,5Y,0.044514526118809294
20.0,7Y,10Y,0.042157152615667215
20.0,7Y,20Y,0.040662950099174075
20.0,7Y,25Y,0.04076984168169267
20.0,8Y,1Y,0.04631163193246817
20.0,8Y,2Y,0.04489816507899591
20.0,8Y,3Y,0.04386612045004175
20.0,8Y,5Y,0.04269838044405177
20.0,8Y,10Y,0.04087828961379043
20.0,8Y,20Y,0.040055917181721204
20.0,8Y,25Y,0.0402415170098302
20.0,9Y,1Y,0.043421613923635256
20.0,9Y,2Y,0.04256227286745886
20.0,9Y,3Y,0.042080368973893084
20.0,9Y,5Y,0.04135263441718032
20.0,9Y,10Y,0.039860699654959746
20.0,9Y,20Y,0.03964250353237629
20.0,9Y,25Y,0.03988142960459762
20.0,10Y,1Y,0.041666493013704044
20.0,10Y,2Y,0.04136705492232859
20.0,10Y,3Y,0.04107170824094134
20.0,10Y,5Y,0.04049291301902589
20.0,10Y,10Y,0.0391109502374955
20.0,10Y,20Y,0.039426856417022524
20.0,10Y,25Y,0.039693284473075706
20.0,12Y,1Y,0.0404439909957665
20.0,12Y,2Y,0.04014454930072367
20.0,12Y,3Y,0.03984907484689283
20.0,12Y,5Y,0.03926965288880941
20.0,12Y,10Y,0.03817859395120231
20.0,12Y,20Y,0.039277783934019844
20.0,12Y,25Y,0.039562453781250624
20.0,15Y,1Y,0.03861161034175546
20.0,15Y,2Y,0.038312163442479764
20.0,15Y,3Y,0.03801649778072727
20.0,15Y,5Y,0.03743613722983842
20.0,15Y,10Y,0.03795729199954535
20.0,15Y,20Y,0.03937702396939641
20.0,15Y,25Y,0.039647379787258796
20.0,20Y,1Y,0.036423583786750056
20.0,20Y,2Y,0.03697475812706763
20.0,20Y,3Y,0.03751881653391695
20.0,20Y,5Y,0.03858438407469314
20.0,20Y,10Y,0.03988939759620956
20.0,20Y,20Y,0.04052662565689364
20.0,20Y,25Y,0.040648725158249716
20.0,25Y,1Y,0.04148521228791495
20.0,25Y,2Y,0.04148521228791507
20.0,25Y,3Y,0.04148521228791501
20.0,25Y,5Y,0.041485212287915
20.0,25Y,10Y,0.04148521228791498
20.0,25Y,20Y,0.041485212287914956
20.0,25Y,25Y,0.04148521228791497
20.0,30Y,1Y,0.04148521228791498
20.0,30Y,2Y,0.04148521228791499
20.0,30Y,3Y,0.04148521228791493
20.0,30Y,5Y,0.04148521228791493
20.0,30Y,10Y,0.04148521228791495
20.0,30Y,20Y,0.04148521228791494
20.0,30Y,25Y,0.04148521228791495
