t,z1,z2,z3
1,5.7199135,-0.8406839,-1.8425859
2,5.7624974,-0.6083523,-1.9698089
3,5.859191,-0.86450404,-2.144202
4,6.0607505,-1.3280438,-2.324313
5,6.3703094,-1.8484583,-2.41038
6,6.382448,-1.70684,-2.6109917
7,5.5239425,-1.0577635,-2.463275
8,5.712036,-1.4391135,-2.342002
9,5.528827,-1.2889786,-2.517728
10,5.3843884,-1.0671182,-2.5578074
11,5.171269,-0.64692307,-2.6349907
12,5.1093774,-0.66458285,-2.450747
13,5.0866275,-0.23667027,-2.265621
14,4.8915253,-0.24967717,-2.21665
15,5.0286975,-0.33068272,-2.1699228
16,5.542454,-0.84545004,-2.136511
17,5.197751,-0.73417264,-2.1741772
18,4.8977537,-0.19936259,-2.2321963
19,4.917173,-0.1491476,-2.2537704
20,5.5161023,-0.74843293,-2.1495247
21,5.8739176,-1.5054723,-2.0023336
22,5.6178403,-1.3210291,-1.9797307
23,6.247753,-1.971243,-2.0914376
24,6.0415707,-1.47682,-2.1637316
25,6.202392,-1.4931898,-2.213179
26,6.2544885,-1.7475911,-2.2073169
27,5.9408164,-1.1799055,-2.0276222
28,5.463218,-0.84179235,-2.0619464
29,5.0012946,-0.63434136,-1.8630245
30,4.919963,-0.812806,-1.7546875
31,5.1273227,-0.9748914,-1.836838
32,5.3262997,-0.56156576,-1.8579679
33,5.4698367,-0.8072706,-1.8950202
34,5.920209,-1.3050281,-1.9823539
35,6.2457113,-1.7998747,-1.9509411
36,6.2581697,-2.161106,-1.7944064
37,6.035147,-2.0384073,-1.7957348
38,6.2151346,-2.3912997,-1.6379318
39,6.292126,-2.4780786,-1.6201875
40,6.3209705,-2.3928192,-1.6236607
41,5.7041554,-1.8186505,-1.6366985
42,5.839393,-2.017,-1.6690981
43,6.0719585,-2.091523,-1.8526577
44,6.345821,-2.4719367,-1.7760078
45,6.5861,-2.826032,-1.7680243
46,6.7468424,-3.0125124,-1.7229357
47,6.48779,-2.8110232,-1.6541191
48,6.2459593,-2.8518176,-1.4814014
49,5.763586,-2.3989053,-1.4143537
50,5.80815,-2.5023403,-1.4414351
51,5.983046,-2.50886,-1.5873622
52,6.37774,-2.8595347,-1.6613492
53,6.599268,-3.3789415,-1.4348122
54,6.736691,-3.6484106,-1.3708401
55,6.437972,-3.325656,-1.4321007
56,6.2848487,-3.2195811,-1.5149232
57,5.680449,-2.4948838,-1.5258853
58,5.8958416,-2.7291853,-1.3099629
59,6.067499,-2.6177344,-1.3408325
60,5.919716,-2.0866394,-1.3694128
61,5.934641,-2.109852,-1.2439702
62,5.7576847,-2.0155792,-1.1771246
63,5.6410346,-2.2701988,-1.0284197
64,5.431166,-2.0471578,-0.8504135
65,5.7192097,-2.4151886,-0.8681149
66,5.758878,-2.3328853,-0.97859555
67,6.080651,-2.8486786,-0.93910575
68,5.6106024,-2.2653542,-0.9208445
69,5.786057,-2.5715816,-0.8621353
70,5.6385145,-2.3964674,-0.90614605
71,5.462171,-2.4406493,-0.85559547
72,5.1857967,-2.262022,-0.8306575
73,4.530858,-1.5990131,-0.7644042
74,4.625686,-1.5872445,-0.81147575
75,4.6487384,-1.5536506,-0.90470046
76,4.6874027,-1.608935,-0.85054356
77,4.7913966,-1.6085035,-0.8462056
78,4.9498954,-1.6605204,-0.9005072
79,4.968963,-1.5550144,-0.99714684
80,5.116256,-1.694516,-0.99262863
81,5.2344546,-1.8078138,-0.98952144
82,5.6811624,-2.2806256,-1.1086088
83,5.4912972,-2.056998,-1.1438404
84,5.101182,-1.8086653,-1.0786442
85,4.541887,-1.1743182,-1.1442015
86,4.5751705,-1.1541295,-1.2641896
87,4.8129106,-1.417854,-1.2298336
88,5.1186557,-1.8333145,-1.2932262
89,5.248399,-1.9596976,-1.3366214
90,4.824531,-1.6272664,-1.5045881
91,4.7517333,-1.5819191,-1.406503
92,5.0341945,-1.8751905,-1.2954336
93,5.175433,-2.1196547,-1.2652981
94,4.547533,-1.5162802,-1.397507
95,4.005506,-1.3175179,-1.7032225
96,4.117526,-1.2044398,-1.7172507
97,4.529185,-1.4468158,-1.4953115
98,4.4706073,-1.275973,-1.4029382
99,4.179478,-1.8039716,-1.5683951
100,4.4844427,-2.071739,-1.2691544
101,4.689497,-2.4974763,-1.0689054
102,4.8596644,-2.52711,-1.1682525
103,5.0616264,-2.91676,-1.079676
104,4.907699,-2.8679183,-0.9074196
105,4.772195,-3.0170598,-0.70473063
106,4.364273,-2.7066677,-0.6116106
107,4.6870055,-2.7953818,-0.8842469
108,4.846096,-2.910009,-0.995593
109,4.924258,-2.7304533,-1.0444676
110,5.1298604,-2.9279602,-0.97474444
111,5.0369596,-2.8852704,-0.8892388
112,4.741873,-2.666077,-0.73767495
113,4.5359025,-2.546414,-0.9045099
114,4.0568132,-2.150616,-0.94104517
115,4.106176,-2.5603707,-0.73380375
116,3.9654675,-2.4241848,-0.8039752
117,3.7527661,-2.1133862,-0.83779705
118,3.4757946,-1.5897534,-1.0362122
119,3.7492657,-1.7609999,-1.0356753
120,3.7005105,-1.554732,-1.0984972
121,4.053028,-1.8292261,-1.0182447
122,4.056444,-1.7447616,-0.9699923
123,4.225392,-1.8759378,-0.96219945
124,4.3779645,-2.1356385,-0.94635063
125,4.289092,-2.056432,-0.9451866
126,4.3069124,-1.9334434,-1.1062928
127,4.441797,-2.1003826,-1.1036209
128,4.2455297,-2.1579247,-0.9589431
129,4.227787,-1.910492,-1.1246825
130,4.1940827,-2.1519725,-1.0037357
131,4.024082,-1.8418308,-1.0539342
132,4.116407,-2.0364468,-1.0022541
133,3.861457,-1.8878014,-0.94620997
134,3.6215677,-1.7620006,-0.9321039
135,3.6698885,-1.6134496,-1.2986308
136,3.5487869,-1.4683839,-1.2172799
137,3.7942286,-1.6333817,-1.1510524
138,4.165031,-1.9208446,-1.1085289
139,4.7135224,-2.2879136,-1.1346878
140,4.790339,-2.5126703,-1.0351374
141,4.7368417,-2.429316,-1.0021048
142,4.6781945,-2.438975,-1.0355281
143,4.441456,-2.3594534,-0.9709853
144,4.1362906,-2.1545224,-0.9190926
145,3.981346,-1.7860253,-1.021742
146,3.8701904,-1.7726876,-1.0372955
147,3.6619017,-1.7939138,-0.91350263
148,3.6056645,-1.6664538,-0.9683565
149,3.7717364,-1.7945276,-1.0978138
150,3.4295597,-1.5204009,-1.1207511
151,3.5152404,-1.6282781,-1.1045086
152,3.8051736,-1.8205479,-1.1614102
153,3.851304,-1.9162741,-1.297612
154,3.7947493,-1.8067422,-1.2667935
155,3.9443357,-2.0050154,-1.1171328
156,3.8350568,-1.8299615,-1.2754267
157,3.6757324,-1.5727006,-1.309436
158,3.4577203,-1.6982788,-1.3453286
159,3.2984571,-1.5263426,-1.2882781
160,3.174327,-1.4158567,-1.1537085
161,2.9544814,-1.201226,-1.2290334
162,3.0841403,-1.2677647,-1.2264172
163,3.2049716,-1.3744308,-1.1792026
164,3.3802307,-1.6018864,-1.1389174
165,3.177494,-1.4711276,-1.1264343
166,2.8764431,-1.1656926,-1.1643951
167,2.7636218,-1.1656678,-1.2612815
168,2.6625872,-1.1615312,-1.2763307
169,3.1018987,-1.7585868,-1.2623059
170,3.3056276,-1.8510355,-1.3098867
171,2.921323,-1.4973594,-1.2225388
172,2.7614758,-1.3375055,-1.2114317
173,2.584646,-1.3561327,-1.182774
174,2.4122088,-1.0612999,-1.2839999
175,2.3141568,-0.9984468,-1.248788
176,2.1495078,-0.7443199,-1.4453458
177,1.820586,-0.6315806,-1.282719
178,2.097213,-0.9490166,-1.2036465
179,1.8316084,-0.60855323,-1.170301
180,1.8797451,-0.5205016,-1.2045441
181,1.9655011,-0.6314593,-1.1788328
182,1.9655372,-0.57096326,-1.1679516
183,1.8979781,-0.5998977,-1.0503668
184,1.9310228,-0.7340579,-0.9600873
185,1.7490556,-0.40109652,-0.98675776
186,1.675988,-0.32045174,-0.92068106
187,1.8521004,-0.47253695,-0.99965906
188,1.7250147,-0.45776227,-0.857769
189,1.9677606,-0.945289,-0.68598604
190,1.874817,-0.84363776,-0.6440139
191,1.751905,-0.7619762,-0.6441517
192,1.5245986,-0.4849812,-0.50669944
193,1.7344885,-0.6138578,-0.61441636
194,1.8905442,-0.7203871,-0.6225182
195,2.1790237,-1.1379515,-0.5264572
196,2.208889,-1.072,-0.4372795
197,2.206928,-1.133111,-0.3894461
198,2.2302914,-1.132665,-0.34031412
199,1.9203521,-0.7337914,-0.28512183
200,2.043709,-0.78901994,-0.28576493
201,2.2819192,-0.8557601,-0.36444387
202,2.106674,-0.7221039,-0.2758208
203,1.9735268,-0.57053274,-0.3175347
204,2.06759,-0.6260509,-0.3237541
205,1.8106023,-0.46435615,-0.29505682
206,1.8001319,-0.48995206,-0.32831874
207,2.2213871,-0.8315557,-0.51176304
208,2.3173637,-0.94753397,-0.570435
209,2.256313,-0.85911065,-0.68054754
210,2.29307,-1.0760363,-0.7761564
211,2.57683,-1.4193507,-0.8832327
212,2.725285,-1.3232068,-0.8460917
213,2.4798334,-1.2179532,-0.8025726
214,2.9820333,-1.551326,-0.97961
215,3.088121,-1.6459942,-1.0392458
216,2.8397083,-1.396038,-1.0031123
217,2.8671353,-1.4564286,-1.0519661
218,3.2041018,-1.7390715,-1.1264266
219,3.2556143,-1.8941792,-1.134046
220,3.2015111,-1.9582151,-1.0754956
221,2.8664546,-1.6723405,-1.0312448
222,2.6472664,-1.7819171,-1.1146301
223,2.747693,-1.884974,-0.996281
224,2.662844,-1.751005,-1.0196135
225,2.6369288,-1.7524878,-1.0485425
226,2.934008,-2.1080348,-1.105988
227,3.5135403,-2.7168705,-1.0949667
228,3.976271,-3.0853887,-1.086687
229,3.897931,-2.9677694,-0.9954479
230,4.275401,-3.283666,-0.96017927
231,4.408014,-3.4075859,-1.0202615
232,3.8341477,-2.9465935,-0.9021884
233,3.79555,-3.0054579,-0.79397935
234,3.748995,-3.0020955,-0.7500065
235,3.7997913,-3.099058,-0.7313202
236,3.6823907,-3.0086842,-0.7357337
237,3.6260478,-2.9210577,-0.70059794
238,3.4216187,-2.6995964,-0.6720127
239,3.2560825,-2.4483812,-0.6599664
240,3.2530913,-2.4589567,-0.68360674
241,3.2601564,-2.3904548,-0.73249924
242,3.5769618,-2.818245,-0.7465281
243,3.6333654,-2.8376653,-0.84914297
244,3.9079347,-3.0828702,-0.7717259
245,3.9018664,-3.0446336,-0.7273389
246,3.6617324,-2.7192457,-0.6973343
247,3.3800404,-2.5433087,-0.72670007
248,3.1510863,-2.3189487,-0.788153
249,3.2232537,-2.4150128,-0.8164159
250,3.3752277,-2.612421,-0.814831
251,3.3515704,-2.580338,-0.8410291
252,3.3977485,-2.6740136,-0.7865778
253,3.7226539,-3.152253,-0.72749287
254,4.192737,-3.6483011,-0.48407075
255,3.727043,-3.107818,-0.500077
256,3.4482791,-2.886285,-0.3739293
257,3.2985437,-2.7297816,-0.35380667
258,3.0726707,-2.4418912,-0.4255596
259,3.2147245,-2.545797,-0.41052714
260,3.2115946,-2.4851077,-0.37828967
261,3.003807,-2.1817372,-0.41466382
262,3.0945919,-2.3079782,-0.43821704
263,2.812005,-2.0336213,-0.46325055
264,2.7998724,-2.04594,-0.41620153
265,2.688693,-2.0418828,-0.4181069
266,2.7963758,-2.1598818,-0.4759026
267,2.5935965,-1.9023328,-0.4944546
268,2.6192503,-1.9278463,-0.41366085
269,2.9357252,-2.2005801,-0.39037055
270,3.2070754,-2.396035,-0.43385136
271,3.2066312,-2.4959009,-0.23013152
272,2.8884392,-2.266048,-0.12450883
273,2.7225103,-2.1484578,-0.0923426
274,2.8256426,-2.398999,0.04764178
275,2.8597238,-2.409353,0.011326764
276,2.8921468,-2.409947,0.020072341
277,2.737154,-2.3049464,0.11923881
278,2.8403366,-2.4040725,0.07118899
279,3.0764124,-2.641673,0.141249
280,2.7520518,-2.3127887,0.023996584
281,2.7246406,-2.3541908,0.12011768
282,2.5635037,-2.205967,0.11742115
283,2.4510288,-2.1334054,0.10976699
284,2.311004,-1.9810101,-0.05762954
285,2.5722477,-1.8247328,0.035675127
286,2.555485,-1.8090111,0.036224324
287,2.5034454,-1.76237,0.094707415
288,2.3272889,-1.6799706,0.054906365
289,2.2653627,-1.5860364,-0.06914592
290,1.9894574,-1.3396053,-0.07798168
291,1.9095949,-1.3575131,0.022377923
292,1.9601375,-1.4144795,-0.062640175
293,2.3491554,-1.8487142,0.029310096
294,2.6560595,-2.1322482,-0.035394397
295,2.9996774,-2.4453151,0.16076466
296,3.0131807,-2.4432507,0.18211716
297,2.9464593,-2.3385203,0.14161263
298,2.9041817,-2.2664032,0.2254143
299,2.5734026,-1.9534894,0.35781142
300,2.240184,-1.5837913,0.5485708
301,1.985082,-1.2750087,0.59535944
302,1.9764004,-1.2626075,0.6140913
303,2.1183393,-1.3955357,0.59357506
304,2.4557912,-1.649266,0.8209277
305,2.7116714,-1.8849174,0.93232435
306,3.0553088,-2.3202145,0.9977343
307,2.9039268,-2.1154497,1.0690926
308,2.8544054,-2.0344496,1.0033028
309,2.6549737,-1.8778539,0.9956008
310,2.6757023,-1.936579,1.1918112
311,2.3786936,-1.7623124,1.0061765
312,2.166583,-1.5507462,0.9252021
313,2.0565429,-1.5440805,0.7245739
314,2.006287,-1.3682975,0.77345085
315,1.3808054,-0.85212976,0.65848744
316,0.8488378,-0.46840903,0.7934281
317,0.6040166,-0.39174002,1.0159558
318,0.67895466,-0.4152982,1.2959551
319,0.39682406,-0.2698287,1.091834
320,0.5335161,-0.28359768,1.0638376
321,0.7581777,-0.46465787,1.0545655
322,0.7109231,-0.44588074,0.9419482
323,0.6791892,-0.3731554,0.7833521
324,0.566552,-0.27005428,0.339714
325,0.37277845,0.0871453,0.31261075
326,-0.15362185,0.3637123,0.600098
327,-0.719749,0.4336443,0.8615233
328,-1.08388,0.5193971,1.0395632
329,-0.80355084,0.39732298,0.75319856
330,-0.6752389,0.37119848,0.89388824
331,-0.6250726,0.42766404,0.9281278
332,-0.78675413,0.48323354,0.8781814
333,-0.5839425,0.4620947,0.97777593
334,-0.9400968,0.5795736,1.0538416
335,-1.3167195,0.80751956,1.2817407
336,-1.0895752,0.66367257,1.077648
337,-0.8299101,0.57935566,0.9577892
338,-0.7288487,0.51815057,0.96170443
339,-0.5342187,0.25654525,0.75421566
340,-0.54408693,0.24334157,0.77659065
341,-0.22305912,0.21196227,0.6043994
342,-0.3360219,0.26695228,0.6376194
343,-0.72623277,0.49114937,0.99884284
344,-1.109678,0.690981,1.2195718
345,-1.0267121,0.65490675,1.0894046
346,-0.75081146,0.4626962,0.8592852
347,-0.55412,0.42052355,0.5874257
348,-0.3535085,0.3901892,0.31107447
349,-0.43024105,0.42413998,0.36295703
350,-0.6312964,0.5692578,0.5578532
351,-1.1892142,0.7923601,0.8858613
352,-1.219177,0.9030626,0.9231264
353,-1.6190735,1.1994468,1.4600521
354,-1.6338075,1.3554552,1.9897398
355,-1.6908146,1.4143833,2.1678483
356,-1.8396086,1.4479376,2.1860008
357,-1.4504908,1.3105347,2.343634
358,-1.6287094,1.4017805,2.6051354
359,-1.2994763,1.3247803,2.6307523
360,-1.1805348,1.2145926,2.3119264
361,-1.5806005,1.3657601,2.569896
362,-1.9584671,1.5556649,2.9999704
363,-1.6957412,1.4481491,2.855146
364,-1.8882424,1.7146931,2.9956582
365,-1.857501,1.7939779,3.0598438
366,-1.4011717,1.585594,2.8213856
367,-1.2498168,1.4564717,2.524082
368,-1.214541,1.3721142,2.3295653
369,-1.0823286,1.2920207,2.032869
370,-1.0325376,1.2714794,1.9042102
371,-1.197851,1.2728332,1.7297808
372,-0.81083757,1.042854,1.5039272
373,-0.70616716,0.95855635,1.4275899
374,-0.9996571,1.0780451,1.589084
375,-1.1132411,1.174372,1.6749382
376,-1.5300452,1.4771255,2.0602603
377,-1.6492112,1.4962579,1.8451815
378,-1.9765983,1.6398554,2.1714923
379,-2.206822,1.6558813,2.0962021
380,-1.9339932,1.5091166,1.8543576
381,-1.8461472,1.4461488,1.6781502
382,-1.1092294,1.0239049,1.1871442
383,-1.4587055,1.2023404,1.4150397
384,-1.337036,1.1160067,1.2839725
385,-0.80608827,0.79692703,0.9237928
386,-0.92580724,0.8835084,0.9781728
387,-1.1816009,1.0153652,1.1400875
388,-1.0491279,1.0061138,1.1888934
389,-0.9224794,0.9508555,1.0363152
390,-0.686787,0.8734293,1.0083236
391,-0.7340628,0.9628021,1.1344965
392,-0.24354176,0.79124457,0.95531505
393,-0.35454446,0.76746184,0.95979744
394,-0.54366946,0.8421874,1.1544023
395,-0.6639927,0.87233484,1.1710312
396,-0.7276555,0.80337065,0.9483634
397,-0.62731254,0.71906537,0.9476648
398,-0.4423836,0.58244956,0.69532526
399,-0.21408321,0.49070153,0.54114753
400,-0.43156597,0.5630121,0.56562907
401,-1.1602491,0.8476442,0.93921626
402,-1.0925151,0.7242287,0.861705
403,-0.853053,0.6205588,0.7865095
404,-0.630808,0.50787866,0.55414444
405,0.1827661,0.08954151,0.13544755
406,0.44963253,-0.44122496,0.07011975
407,0.4888015,-0.32677954,0.20020191
408,0.46543232,-0.49967405,0.11368306
409,0.27938855,0.035254575,0.09362878
410,0.4813652,-0.0025448985,0.118677154
411,0.7645757,-0.5526056,0.11985013
412,1.0005193,-1.0989128,0.019584332
413,0.91873354,-0.82534766,0.10452543
414,0.8628329,-0.64235246,0.16644539
415,0.79548186,-0.6620111,0.08723438
416,0.80137277,-0.8772161,-0.008302286
417,0.68557477,-0.8865511,-0.09004894
418,0.91518724,-1.1625495,-0.011846738
419,0.9162066,-1.1067593,0.003345428
420,0.82194024,-1.0659033,0.04033092
421,0.49880362,-0.76011205,-0.03159969
422,0.3480834,-0.6350152,0.016171407
423,-0.65581936,0.34531304,0.48197004
424,-0.9755521,0.47898674,0.7522959
425,-0.8626307,0.34491494,0.66080415
426,-0.4762983,0.057593606,0.36482638
427,-0.5316291,0.099915266,0.44665277
428,-0.5118488,0.034414705,0.5831365
429,-1.0607241,0.1575457,1.2344311
430,-1.2620223,0.41451567,1.5541499
431,-1.030684,0.38002563,1.8576727
432,-1.2591392,0.51157814,2.02042
433,-1.3701935,0.7320761,2.381981
434,-1.6427066,0.8565063,2.6169057
435,-1.698408,0.8944698,2.5994349
436,-1.7469308,0.7886657,2.456564
437,-1.9854751,0.8997583,2.538224
438,-2.0287673,0.9799319,2.758815
439,-1.4184349,0.6353133,2.11583
440,-1.2052027,0.50155205,1.8469076
441,-1.2429769,0.5131043,1.6768777
442,-1.2976407,0.5999738,1.831115
443,-1.3431927,0.68946713,2.4159064
444,-1.0334282,0.46982455,2.236007
445,-1.1008551,0.5135575,2.402804
446,-1.0181191,0.48454806,2.323227
447,-0.36092448,0.11441604,1.5504253
448,-0.684364,0.38477445,1.7852653
449,-0.56071913,0.374096,1.6118877
450,-0.6544837,0.39664322,1.3769958
451,-0.58047754,0.3416778,1.3251473
452,-0.07034683,0.0148498155,0.81891197
453,-0.0046788566,-0.08087686,0.69423884
454,-0.30367395,-0.05281135,0.8424741
455,-0.23451357,-0.0031558312,0.91305554
456,-0.31088057,0.011440422,1.0315589
457,-0.39788884,0.0033605397,1.1334598
458,-0.5641589,0.08231415,1.2466803
459,-0.17360659,-0.1638135,1.0760771
460,-0.08628573,-0.39526004,0.8489526
461,-0.05520025,-0.49744514,0.6208835
462,0.42760172,-0.94297236,0.3929219
463,0.7712769,-1.2326801,0.55832016
464,1.269148,-1.7410176,0.54016817
465,1.8948591,-2.4970887,0.425614
466,1.5697523,-2.2496743,0.28030676
467,1.7551078,-2.4127834,0.4033882
468,1.7856127,-2.4466596,0.4129556
469,1.6716123,-2.3577044,0.5871639
470,1.63921,-2.4522436,0.38722888
471,1.7184808,-2.5692225,0.40079528
472,1.8023218,-2.7010522,0.33652997
473,1.2590727,-1.9890827,0.33392987
474,1.1113613,-1.7008731,0.26207522
475,0.8749364,-1.3712869,0.13967454
476,0.90245354,-1.459613,0.06229796
477,0.7508148,-1.3297664,0.14856371
478,0.45163158,-1.1023594,0.20962015
479,0.2434572,-0.8233952,0.20950246
480,0.23336282,-0.80908036,0.22626597
481,0.21345551,-0.7648804,0.2565445
482,0.45803082,-0.97574854,0.27746072
483,0.4933831,-0.84460485,0.0841887
484,0.79797506,-1.2921729,0.0350092
485,0.90349025,-1.3092959,0.17583369
486,0.92243224,-1.3846956,0.2078781
487,0.90619665,-1.4289384,0.26110998
488,0.9030299,-1.4254937,0.3055769
489,0.27790985,-0.91708404,0.066951886
490,0.22752748,-1.0197343,-0.14209098
491,-0.68421,-0.075627506,0.33309296
492,-0.65318286,-0.073754415,0.36317617
493,-0.49107704,-0.2405421,0.2770286
494,0.27311173,-0.96888745,-0.034347188
495,0.53070986,-1.1766206,-0.15572506
496,0.68588823,-1.1999737,-0.18540204
497,0.269759,-0.77560914,-0.08045394
498,0.28991723,-0.77955675,-0.066090435
499,0.5702918,-1.1054451,-0.17366162
500,0.42935044,-0.999164,-0.16735344
501,0.19307026,-0.67453235,-0.09867184
502,0.41196373,-0.97880185,-0.16315234
503,-0.40954927,-0.174859,0.12310313
504,-0.6041783,-0.09052217,0.22855198
505,-0.7817951,0.011361096,0.34941152
506,-0.5222223,-0.13640015,0.20025848
507,-0.5945867,-0.14481395,0.29638958
508,-0.6493856,0.012989197,0.37346616
509,0.12106636,-0.51750803,0.076370075
510,-0.17001508,-0.21667524,0.32182598
511,-0.29345036,0.10570836,0.47476682
512,0.007823264,-0.23471732,0.24468207
513,0.33217224,-0.5351157,0.08046608
514,0.37225896,-0.6601052,0.16699031
515,0.4383027,-0.7083969,0.14672521
516,0.6149302,-0.9054136,0.16620909
517,0.36765507,-0.79874945,0.17696027
518,0.19778499,-0.6820603,0.14791948
519,0.28853697,-0.9542513,0.11860919
520,0.27485153,-0.92973495,7.510185e-05
521,0.1319911,-0.92049307,0.1084072
522,-0.46118152,-0.39184913,0.27602986
523,-0.73068017,0.013992939,0.42539272
524,-0.54997325,-0.05023517,0.32439056
525,-0.37967938,-0.20915048,0.2880334
526,0.15372005,-0.5716925,0.086580396
527,0.53377634,-0.8721355,-0.010848111
528,0.63688046,-1.0035622,-0.027518217
529,0.7940331,-1.2868032,-0.0011964627
530,0.8124584,-1.2575313,0.15292594
531,0.5212219,-0.9464747,0.10018207
532,-0.27304986,-0.068841025,0.3661875
533,-0.20323068,-0.28578103,0.29077318
534,-0.3337922,-0.22556393,0.32354546
535,-0.3677373,0.025664467,0.336731
536,-0.5248702,0.09771031,0.4091531
537,-0.16011597,-0.03291184,0.31641018
538,0.2184699,-0.44933257,0.12931894
539,0.28464064,-0.44276524,0.13842921
540,-0.0677918,-0.073310986,0.37700826
541,-0.34417635,0.057257313,0.52930486
542,-0.61335886,0.17948493,0.70998216
543,-0.26863497,-0.031744894,0.45707878
544,-0.44788823,0.111665174,0.6603076
545,-0.87679225,0.31398422,0.96175486
546,-0.708752,0.30213562,0.8634638
547,-0.75031704,0.29282236,0.8560993
548,-1.0695343,0.5356306,1.0970299
549,-0.893562,0.5093977,0.90221196
550,-1.3787664,0.7773795,1.2289504
551,-1.8576325,0.95342475,1.5507851
552,-2.0016124,1.1099724,1.537699
553,-1.8662854,1.0480509,1.3867606
554,-1.8220177,1.051244,1.4828281
555,-1.9781032,1.1511927,1.690623
556,-2.2022965,1.2499344,1.7878263
557,-2.518092,1.3620603,1.9494296
558,-2.3152301,1.2915083,1.7656599
559,-2.1868455,1.1113833,1.5064223
560,-2.3201349,1.189272,1.6594176
561,-2.5757601,1.3364968,1.8681726
562,-2.607647,1.4831446,1.9592341
563,-2.5814157,1.4637918,1.8394854
564,-2.665701,1.5238227,1.8365082
565,-2.5043516,1.4581068,1.8141356
566,-2.085035,1.2148166,1.5102446
567,-2.6440797,1.5788587,2.0742087
568,-2.5922723,1.5414835,1.9974991
569,-2.1871192,1.294052,1.7110106
570,-1.8561548,1.1090989,1.4919403
571,-2.069292,1.1744211,1.6636982
572,-2.3105378,1.2837636,1.8901029
573,-2.3913486,1.3644397,1.9950613
574,-2.583011,1.4496795,2.1354845
575,-2.0876508,1.1770829,1.7743778
576,-2.1457028,1.165108,1.8176137
577,-2.008121,1.066265,1.719631
578,-2.4705596,1.3555062,1.9805433
579,-2.4993656,1.38057,2.0392306
580,-2.7711246,1.4600487,2.1412244
581,-2.8069468,1.4841117,2.1567364
582,-2.6051679,1.3486183,2.063787
583,-2.8455596,1.509093,2.235161
584,-2.6422052,1.3981119,2.1473508
585,-2.2831013,1.1687659,1.9014388
586,-2.0837436,1.0707513,1.8223438
587,-2.4931312,1.277852,2.0617955
588,-2.4939911,1.335815,2.2084475
589,-2.1757307,1.1791317,1.9741422
590,-2.5412524,1.4210167,2.1888733
591,-2.2014477,1.2103475,1.9988078
592,-2.2002938,1.2324259,2.0574682
593,-2.5481129,1.3835442,2.2367785
594,-2.744193,1.4929281,2.3113418
595,-2.8454397,1.5408959,2.392141
596,-2.9625003,1.5980229,2.5066938
597,-3.0856574,1.6557574,2.447628
598,-2.9691887,1.681279,2.4234653
599,-3.08358,1.722566,2.6076984
600,-3.4009168,1.9237374,2.910693
601,-2.9093795,1.6898632,2.6704266
602,-2.9228978,1.6651577,2.684424
603,-2.985621,1.6751612,2.7851484
604,-2.8390756,1.6085802,2.628307
605,-2.8468437,1.577631,2.6416674
606,-3.278211,1.710585,2.797528
607,-3.161424,1.6726753,2.8485613
608,-3.114165,1.7438102,2.9875622
609,-3.0337236,1.7150353,2.9722006
610,-3.1473482,1.8020616,3.0838923
611,-2.9198568,1.6595991,2.9563909
612,-2.9487875,1.6109732,2.9487677
613,-3.0835261,1.655874,3.068595
614,-2.8516057,1.566126,2.9082222
615,-2.941111,1.6648859,3.0139866
616,-2.8221667,1.6165593,2.9867344
617,-1.9689412,1.1577727,2.3883574
618,-1.5226045,0.9337462,2.1286154
619,-1.5210184,0.9885969,2.2356138
620,-1.344763,0.8872435,2.0882428
621,-1.0975168,0.75136465,1.9204462
622,-1.406042,0.89478487,2.0233686
623,-1.4383888,0.870739,1.8247751
624,-0.88019425,0.54430807,1.4186808
625,-1.2489635,0.80645585,1.5529041
626,-0.54886645,0.36415586,0.87921697
627,-0.4632492,0.357315,0.8625692
628,-1.0745105,0.65680796,1.3669865
629,-1.1699008,0.66534334,1.3468041
630,-1.2212924,0.69474494,1.4944952
631,-1.5150551,0.704152,1.5641323
632,-1.7456619,0.82063556,1.7215166
633,-2.0340412,1.0889187,1.9581778
634,-2.1730316,1.1433762,2.0928276
635,-2.1735816,1.102526,2.0309942
636,-1.7697632,0.8783229,1.7640322
637,-1.3042678,0.5796293,1.4265589
638,-1.0370631,0.4312278,1.2206938
639,-0.8661443,0.26011556,1.0545888
640,-1.1875815,0.24406876,1.22749
641,-1.6201568,0.5530218,1.629493
642,-1.4428681,0.54319054,1.5815309
643,-1.201043,0.3317171,1.3364233
644,-1.1512642,0.20036905,1.2430472
645,-1.2704675,0.2829384,1.3471631
646,-0.96298903,0.052291322,1.1554577
647,-1.1113296,0.0748218,1.0808053
648,-1.2552526,0.006244488,1.0319538
649,-1.6018604,0.22737762,1.263844
650,-1.6520557,0.25369522,1.3873863
651,-1.7217059,0.1433174,1.5003557
652,-1.5560637,-0.090479195,1.3734688
653,-1.4069062,-0.18051441,1.3218983
654,-0.89120585,-0.46982983,1.0644525
655,-1.095921,-0.2827051,1.2156274
656,-0.5331766,-0.5002963,0.7792624
657,-0.63417596,-0.4258648,0.8119825
658,-0.2551565,-0.57067055,0.54740983
659,0.3106675,-0.86331254,0.48598263
660,0.2220657,-0.8292892,0.53019214
661,0.6129541,-1.2377144,0.5430359
662,-0.2007864,-0.7688228,0.3153187
663,-0.14510615,-0.8445793,0.24156958
664,-0.042293005,-0.89529276,0.20395832
665,0.17498717,-1.1043807,0.20720035
666,-0.17530587,-0.83098423,0.16491933
667,-0.7326432,-0.6042563,0.33821264
668,-0.5902477,-0.6912224,0.2544307
669,-0.6399061,-0.66803366,0.29124013
670,0.03554643,-1.0628549,0.3013456
671,0.40769392,-1.1248806,0.410401
672,0.34030724,-1.0704906,0.37735304
673,0.66659075,-1.4390825,0.44840908
674,1.085461,-1.9261315,0.448267
675,1.0783706,-1.9212296,0.4527223
676,0.9389109,-1.7558572,0.57460296
677,0.9128447,-1.6008775,0.74390215
678,1.0004658,-1.5898951,0.71138304
679,0.6742706,-1.3066539,0.657759
680,0.531606,-1.1527978,0.57185185
681,0.82339305,-1.4333795,0.6261373
682,0.81712574,-1.5084137,0.63948214
683,1.244621,-1.8616357,0.6968566
684,1.0635748,-1.6553273,0.69565564
685,1.2889154,-1.8733984,0.776608
686,1.4590236,-2.137104,0.7827199
687,0.98898923,-1.741585,0.73322695
688,1.0924692,-1.832078,0.7994633
689,1.060596,-1.7621045,0.9058868
690,0.77682084,-1.5463324,0.81892115
691,0.560194,-1.3528917,0.81851476
692,0.6532172,-1.4110569,0.7890021
693,0.90611863,-1.7740376,0.83903766
694,0.52550954,-1.4577196,0.9116224
695,0.40507302,-1.3681958,0.8311517
696,0.13519178,-1.1816922,0.87039596
697,0.101352625,-1.0983654,0.866431
698,0.54538006,-1.4569312,0.88566667
699,0.60890436,-1.5025922,0.88582265
700,0.73951095,-1.58658,0.86745477
701,0.3060567,-1.2266347,0.8026223
702,0.26589298,-1.1892086,0.70350903
703,0.088904925,-1.0971,0.7220292
704,-0.43900976,-0.77491087,0.67296493
705,-0.61157453,-0.7022697,0.76905626
706,-0.45455962,-0.7522361,0.6742315
707,-0.53328186,-0.7533178,0.73630995
708,-0.6446142,-0.67728174,0.82998025
709,-0.9476095,-0.49198374,1.0215043
710,-0.69055706,-0.70370054,0.84052694
711,-0.9031121,-0.57876784,0.99953556
712,-0.76171756,-0.69531596,0.8595319
713,-0.60059327,-0.8340794,0.7938351
714,-0.4500353,-0.8747753,0.7954765
715,-0.5297972,-0.8651717,0.8277839
716,-0.28975248,-1.0077823,0.827677
717,-0.48114198,-0.88525057,0.7824326
718,-0.70345676,-0.73181325,0.99410987
719,-1.0673875,-0.57084507,1.2683543
720,-1.1381487,-0.49935535,1.4591494
721,-0.39913645,-0.77091855,0.9295578
722,-0.13699,-0.90805554,0.92901236
723,-0.008983389,-1.0264369,0.9004364
724,0.097632125,-1.0758108,0.9373876
725,0.011773864,-1.0415303,0.99345696
726,-0.1536025,-0.92431414,1.050357
727,-0.16841082,-0.9055225,1.0499451
728,-0.16919327,-0.89238065,1.050748
729,-0.124065965,-0.9095248,1.0844715
730,-0.1019838,-0.89719385,1.165408
731,-0.5855041,-0.5932107,1.3701941
732,-0.5755939,-0.5995359,1.301479
733,-0.57531786,-0.60834926,1.2221969
734,-0.31063485,-0.73020977,1.0083511
735,-0.6682652,-0.46360174,1.3082997
736,-0.4945621,-0.45292076,1.1056554
737,-0.48582637,-0.4302777,1.1751446
738,-0.7507508,-0.3361733,1.4402343
739,-0.6234905,-0.39187726,1.3564254
740,-0.4314261,-0.5094776,1.098469
741,-0.14903961,-0.6338352,1.006756
742,-0.061071515,-0.7098069,1.0657662
743,-0.054553367,-0.7729982,1.1426104
744,-0.27505845,-0.5761077,1.3695121
745,-0.22945099,-0.6027066,1.393926
746,-0.14745444,-0.69150037,1.4244808
747,-0.14497527,-0.6887273,1.455302
748,-0.17078166,-0.6591323,1.4635258
749,-0.18972087,-0.6262406,1.4506922
750,0.121891685,-0.83287376,1.4026124
751,0.15185419,-0.85303026,1.4189299
752,0.09757328,-0.79648226,1.4186825
753,0.1751726,-0.79962337,1.4688795
754,0.1504586,-0.77584755,1.4766071
755,0.4029774,-0.95715106,1.5635132
756,0.38887626,-0.9643885,1.5387595
757,0.6147456,-1.047541,1.5865799
758,0.09544139,-0.7627533,1.6425742
759,-0.049011193,-0.6745809,1.7047018
760,-0.03058902,-0.67003036,1.7549498
761,0.012590551,-0.6813777,1.7954284
762,0.23270309,-0.87839633,1.6809577
763,0.18589823,-0.8535971,1.6328847
764,0.25245732,-0.9547602,1.5117955
765,0.1368664,-0.89319605,1.4469322
766,0.14354804,-0.9196977,1.4577796
767,0.15416238,-0.8985922,1.4813242
768,0.21722938,-0.8823487,1.52808
769,0.8018396,-1.2352245,1.5769101
770,0.8471204,-1.260506,1.6150934
771,0.8682738,-1.2553701,1.6536502
772,0.7938963,-1.2286197,1.6854737
773,0.93081975,-1.3109947,1.6373475
774,1.5071466,-1.8437414,1.560971
775,1.6885148,-2.0734816,1.5614796
776,1.5533159,-1.9715182,1.5434046
777,1.4694674,-1.8690895,1.5636392
778,1.092839,-1.5399861,1.5898314
779,1.1061851,-1.5443819,1.6658379
780,0.9310066,-1.4630576,1.647072
781,1.3217695,-1.7149588,1.6530157
782,1.2453809,-1.6969625,1.678853
783,0.88196754,-1.6290264,1.7419559
784,0.7656966,-1.5896747,1.8119844
785,0.56877935,-1.4733759,1.887936
786,0.72052014,-1.5534335,1.870421
787,1.0212274,-1.7152798,2.019565
788,0.96475285,-1.5487828,2.2305086
789,0.77512014,-1.3941776,2.2650812
790,0.69379765,-1.3628823,2.2197323
791,0.7112233,-1.3689486,2.1362324
792,1.041744,-1.5652021,2.2113419
793,1.0841639,-1.5961096,2.2967525
794,0.70061684,-1.3498663,2.2953517
795,0.5596133,-1.3782551,2.4136047
796,0.4280661,-1.3115872,2.5762517
797,0.2613742,-1.3036236,2.4927602
798,-0.18101653,-0.9268812,2.7861924
799,0.29136127,-1.2693778,2.5443156
800,0.43384355,-1.3663776,2.6707675
801,0.37544313,-1.3599045,2.7097826
802,0.344397,-1.4021753,2.6510026
803,0.3605323,-1.3935049,2.6796563
804,0.52637917,-1.4649444,2.7604465
805,0.66225976,-1.5293896,2.783391
806,0.7605799,-1.6152444,2.6278274
807,0.7079834,-1.5950075,2.5826216
808,0.29203027,-1.2951306,2.3515418
809,-0.1420901,-0.9209465,2.5642116
810,-0.9498207,-0.43677437,3.176818
811,-0.64495224,-0.57786256,2.7072604
812,-0.9761638,-0.26871243,2.9194925
813,-0.88164496,-0.31851092,2.8254423
814,-1.381971,-0.061294083,3.2403064
815,-0.84197414,-0.36100706,2.733415
816,-0.82404405,-0.43378657,2.8145955
817,-0.9542521,-0.36599487,3.0838375
818,-0.84143347,-0.46846917,3.1922789
819,-0.63250715,-0.58725244,2.926997
820,-0.36912608,-0.78548527,2.8112607
821,-0.56949973,-0.6830707,3.1584802
822,-0.83439326,-0.49330488,3.1642704
823,-0.9664925,-0.38924646,3.084809
824,-1.0122348,-0.36358312,3.0120025
825,-1.282238,-0.17628813,3.0724666
826,-1.0310335,-0.31237543,2.9014447
827,-1.1070775,-0.28506866,3.0320148
828,-0.86854553,-0.43045327,3.1084144
829,-1.2951993,-0.2665854,3.3343534
830,-1.0813268,-0.2264662,3.2289922
831,-0.97309154,-0.30136302,3.1582472
832,-0.87575823,-0.36900112,3.147691
833,-0.78428423,-0.45221004,2.9970899
834,-0.864297,-0.44266778,3.1864147
835,-1.1384658,-0.2875292,3.350997
836,-0.782874,-0.4587119,3.276068
837,-0.70152736,-0.46864167,3.2717483
838,-0.8425821,-0.4515004,3.3212762
839,-0.8852213,-0.42873394,3.3014555
840,-0.779674,-0.50274426,3.2400982
841,-0.4147008,-0.7024285,3.1003106
842,-0.9483757,-0.4201982,3.5504534
843,-0.90879583,-0.41818497,3.5383544
844,-0.38342178,-0.6651003,3.3136985
845,0.0433669,-0.7659145,3.0740607
846,0.16983493,-0.80261254,3.0495198
847,0.16855235,-0.8224094,3.2209947
848,0.120595224,-0.8076931,3.3169718
849,0.12519324,-0.7903208,3.3358722
850,0.29038578,-0.93838525,2.8221242
851,0.44978517,-1.1050912,2.7615108
852,0.57717246,-1.2369157,2.820294
853,0.92826813,-1.4496523,2.776498
854,1.0579344,-1.5868193,2.6769342
855,1.1107217,-1.5985664,2.72933
856,1.3334608,-1.7738392,2.8350198
857,1.2085145,-1.6622446,2.7432365
858,0.5901285,-1.2147044,2.7229948
859,0.8324302,-1.3761517,2.8256812
860,0.64945894,-1.2433943,2.8326926
861,0.3512787,-1.069283,2.961408
862,0.7166691,-1.3177899,3.1169367
863,0.6781053,-1.2363734,3.05292
864,1.0621344,-1.4883754,3.1029134
865,0.54071957,-1.2027675,3.1318018
866,1.0811589,-1.584731,3.253251
867,0.9585466,-1.5409216,3.4129286
868,0.8649675,-1.5048069,3.6321476
869,0.92864513,-1.51105,3.4931176
870,1.4427739,-1.8704575,3.3817005
871,1.4914873,-1.8873886,3.2982707
872,1.2136214,-1.5809798,3.2626557
873,0.6209422,-1.2501137,3.0713828
874,0.39223388,-1.1046519,3.3298266
875,0.35524443,-1.0878266,3.37949
876,0.4467597,-1.1725872,3.2611089
877,0.25575864,-1.0296437,3.5902803
878,0.43604323,-1.1695006,3.3846316
879,0.03224828,-0.7910466,3.50781
880,-0.44785744,-0.4997308,4.035398
881,-0.29976156,-0.64201415,3.954362
882,-0.3550263,-0.66300267,3.956879
883,-0.8070988,-0.48851863,4.109718
884,-1.0498977,-0.3008438,4.1212664
885,-0.7759828,-0.4277486,3.935416
886,-0.90287596,-0.36848807,4.0474286
887,-0.90351206,-0.40261674,3.9725773
888,-1.003869,-0.37460765,4.079935
889,-0.71208394,-0.54481506,3.9637406
890,-0.64492685,-0.58146274,3.8792696
891,-0.5839337,-0.6095634,3.8765552
892,-1.3426082,-0.30369878,4.3241744
893,-1.4593145,-0.20554607,4.281503
894,-1.6982944,-0.08597323,4.3261538
895,-1.6004031,-0.11600886,4.316309
896,-1.9012027,0.033579677,4.5221634
897,-1.6606826,-0.077963546,4.2716136
898,-1.3598257,-0.19496448,4.1525035
899,-1.741656,0.027661301,4.403872
900,-1.0469124,-0.2399215,4.022069
901,-1.9179466,0.12676042,4.4114146
902,-1.4047931,-0.011612158,4.174638
903,-1.5598497,0.06957978,4.2632427
904,-1.7854221,0.15659142,4.434665
905,-1.1621552,0.13706584,3.5010633
906,-0.73445404,-0.07157199,2.9988053
907,-1.0338013,0.10260905,3.4112403
908,-0.4984957,-0.20969273,2.889684
909,-0.29578045,-0.3394449,2.6332855
910,0.043294445,-0.60967845,2.4751446
911,-0.32056227,-0.32936794,2.843182
912,-0.34567314,-0.32829583,2.9403234
913,-1.0614998,0.13355501,3.3985775
914,-1.2636106,0.12039043,3.1667993
915,-1.072789,0.0044716485,2.9525535
916,-0.91464865,-0.04280414,2.7750018
917,-0.7155644,-0.12459724,2.5031629
918,-0.96410525,0.0056966767,2.8186038
919,-1.020666,0.018005304,2.708357
920,-0.7873011,-0.03675561,2.4897053
921,-0.8179965,-0.027245898,2.518466
922,-1.0184838,0.07320073,2.7297754
923,-0.6067095,-0.12838604,2.3216925
924,-0.7501712,-0.07774384,2.41159
925,-0.7419392,-0.06182612,2.421023
926,-1.4708663,0.2546767,2.774065
927,-1.5130731,0.3198384,2.7150369
928,-1.4523149,0.2451534,2.726648
929,-1.4682322,0.1695937,2.7362373
930,-1.3800008,0.08283793,2.6702118
931,-1.6875949,0.22910415,2.934593
932,-1.4492849,0.12425837,2.7612102
933,-1.5046709,0.16148786,2.8263345
934,-0.82419056,-0.22458418,2.5250227
935,-1.0241985,-0.10289563,2.6753817
936,-1.2614093,0.114364535,2.8667455
937,-1.1279312,0.097914666,2.6634493
938,-0.83476627,-0.056289326,2.5419128
939,-0.70042133,-0.1383933,2.439225
940,-0.7714488,-0.13469045,2.4665942
941,-0.6564955,-0.1760258,2.4613445
942,-0.968533,-0.08808701,2.5720983
943,-0.960245,-0.09596504,2.6855829
944,-0.37347314,-0.32543808,2.4622366
945,-0.67683697,-0.23493297,2.5345855
946,-0.6194703,-0.3242836,2.4429548
947,-0.6823171,-0.2668636,2.6279266
948,-1.3304331,0.14379701,2.9292917
949,-1.4616687,0.22610833,2.721946
950,-1.1375968,0.1349516,2.4488573
951,-1.3848962,0.19880374,2.5834184
952,-1.5199574,0.25502518,2.767273
953,-1.725173,0.33679527,2.645813
954,-1.3220556,0.1642079,2.4465194
955,-1.7549851,0.36882594,2.549647
956,-1.8434849,0.5045465,2.567117
957,-2.075406,0.575375,2.467321
958,-1.8905339,0.5098525,2.3259585
959,-1.6002458,0.40016377,1.8411045
960,-1.5223318,0.3838895,1.8004081
961,-1.4661717,0.34123388,1.8954511
962,-1.5704086,0.50472325,1.898633
963,-1.6949588,0.5671007,1.9502774
964,-1.6164914,0.5090273,1.6617409
965,-1.8328826,0.5545549,1.5788401
966,-1.4771732,0.4394373,1.2812115
967,-1.8895564,0.67208487,1.6323719
968,-2.0382874,0.6511466,1.6716542
969,-1.8144234,0.5805776,1.6559772
970,-2.3594587,0.84493124,1.8260181
971,-1.9771003,0.6663517,1.6355454
972,-1.6309737,0.4293817,1.342582
973,-2.0852966,0.5873607,1.5009154
974,-2.1600556,0.6243841,1.5585017
975,-2.2527258,0.6091055,1.7332132
976,-2.4545488,0.678927,1.894226
977,-2.2570708,0.5843767,1.7243066
978,-2.0052567,0.49792665,1.793197
979,-1.8294326,0.35712397,1.6249332
980,-1.6862565,0.21401802,1.5211833
981,-1.5291996,0.1287856,1.3529847
982,-2.072926,0.43693116,1.7859387
983,-2.0140793,0.4614485,1.8306859
984,-2.0232842,0.42210892,1.8054546
985,-2.4909134,0.67116934,2.0731235
986,-2.574263,0.7685601,2.2148905
987,-1.8395957,0.38086632,1.643368
988,-2.0588765,0.4790557,1.7054938
989,-2.2141416,0.5013735,1.7771468
990,-2.1745467,0.51691115,1.7161316
991,-2.245849,0.513496,1.6811004
992,-2.2502513,0.5487948,1.9108368
993,-2.2038455,0.5297123,1.9407864
994,-1.5936428,0.19908944,1.7288681
995,-1.8761977,0.27814797,1.8109657
996,-1.7803873,0.33953518,1.839968
997,-1.4803623,0.15322101,1.5795244
998,-1.6470611,0.27645135,1.6866091
999,-1.1821525,-0.02586158,1.5225871
1000,-1.1372448,-0.048914503,1.4861692
1001,-0.7793645,-0.26432142,1.2265447
1002,-0.60369265,-0.28697482,1.1090627
1003,-0.76804686,-0.26054043,1.3401622
1004,-1.0623574,-0.13756868,1.6205729
1005,-0.90462923,-0.20635794,1.4741952
1006,-0.8146402,-0.2526302,1.3692799
1007,-0.8126321,-0.25316685,1.3768389
1008,-0.85812485,-0.23604031,1.4077406
1009,-1.1531446,-0.088121995,1.6193768
1010,-0.84500694,-0.22520171,1.4297167
1011,-1.1890278,0.010284498,1.6710365
1012,-1.2162844,0.031846285,1.5712962
1013,-1.0344191,-0.05057201,1.4565613
1014,-0.7870661,-0.18289143,1.2870644
1015,-0.8006626,-0.16802296,1.3578337
1016,-0.29478565,-0.39274335,1.2630583
1017,-0.24835706,-0.44062206,1.3433177
1018,-0.31218845,-0.422436,1.3459853
1019,-0.36733994,-0.37493345,1.3705196
1020,-0.43042412,-0.31871587,1.4685365
1021,-0.77360004,-0.16184643,1.793173
1022,-0.7395514,-0.17873985,1.7808677
1023,-0.570906,-0.24984948,1.6822217
1024,-0.8204046,-0.18084127,1.6325903
1025,-0.8632132,-0.20153557,1.5320181
1026,-0.42846856,-0.3090734,1.2142377
1027,-0.9340966,-0.08152887,1.5211306
1028,-0.6119913,-0.2506108,1.1962397
1029,-0.76017326,-0.18281825,1.412643
1030,-1.2346808,0.1005225,1.4861118
1031,-1.0819155,-0.036056694,1.3006346
1032,-1.1559935,0.028255299,1.4688854
1033,-1.2191011,0.03232272,1.5406109
1034,-1.0271142,-0.083239764,1.449224
1035,-1.0315793,-0.073303714,1.4832448
1036,-0.7845994,-0.26937968,1.3035032
1037,-0.8299333,-0.26678032,1.4222912
1038,-0.68518686,-0.3112807,1.327111
1039,-0.5021349,-0.38498637,1.1496004
1040,-0.54191613,-0.35186583,1.2257018
1041,-0.49940795,-0.35551056,1.2434213
1042,-0.5424203,-0.23895694,1.3932168
1043,-0.54548943,-0.23274495,1.515186
1044,-1.0262975,0.028647019,1.9841818
1045,-1.2378166,0.17668186,2.2106705
1046,-1.2071642,0.14446354,2.1913598
1047,-1.4411479,0.30060422,2.458006
1048,-0.9043372,0.0057536475,1.9301656
1049,-0.8808285,-0.010089103,1.9754556
1050,-1.0057548,0.12845917,2.1525204
1051,-0.744438,-0.01083621,2.0768955
1052,-0.7619422,0.066254705,2.0292583
1053,-0.6913675,0.007412441,1.936692
1054,-1.1594253,0.2098533,1.9461361
1055,-0.9592254,0.110311724,1.7867248
1056,-0.42667285,-0.18054119,1.8163508
1057,0.06741615,-0.3929978,1.6379735
1058,0.28875333,-0.4930589,1.5180147
1059,0.27622434,-0.4745849,1.4524494
1060,0.24262205,-0.47192279,1.4014376
1061,0.221774,-0.47426316,1.3922555
1062,0.26408342,-0.52218044,1.3403728
1063,0.08871552,-0.3798275,1.4919822
1064,0.15413249,-0.4041994,1.4994061
1065,0.20098801,-0.45829615,1.3377575
1066,0.19865052,-0.45270762,1.2729337
1067,0.27201855,-0.47406802,1.3084764
1068,0.2816076,-0.4790747,1.3280125
1069,0.32315806,-0.50895214,1.2965479
1070,0.2791071,-0.4915025,1.3727177
1071,0.22355519,-0.44004735,1.4401555
1072,-0.47373956,-0.12577073,1.6058958
1073,-0.4676631,-0.16615044,1.4762363
1074,-0.17694744,-0.2549127,1.4878657
1075,-0.2816898,-0.20250933,1.4506463
1076,-0.97659355,0.10275325,1.5361556
1077,-1.1670873,0.17097297,1.6013803
1078,-1.151408,0.16828255,1.6407201
1079,-1.031297,0.11774017,1.67587
1080,-1.1154599,0.10855648,1.7419901
1081,-1.5941112,0.39277142,1.9867367
1082,-1.7415085,0.48526946,2.1182764
1083,-1.5162767,0.34315524,1.8839694
1084,-1.2239927,0.19543247,1.6976205
1085,-1.438393,0.3378514,1.8886178
1086,-1.7342237,0.48031592,2.1625907
1087,-1.8116584,0.57589394,2.3130229
1088,-1.6760476,0.5118799,2.2673905
1089,-1.750745,0.55175954,2.3405616
1090,-1.8010067,0.6097289,2.2739575
1091,-1.7280113,0.5782843,2.186007
1092,-1.7984357,0.58781326,2.1586487
1093,-1.8162639,0.60383606,2.2075567
1094,-1.6526328,0.5125654,2.062033
1095,-1.4638749,0.39870745,2.0078578
1096,-1.5109165,0.44336167,2.0867689
1097,-1.9597571,0.71432775,2.3479276
1098,-2.2872093,0.928704,2.384784
1099,-2.2399416,0.9213871,2.3754656
1100,-2.1479347,0.8944706,2.4090724
1101,-2.2317548,0.98140824,2.428865
1102,-2.351687,1.0692625,2.4426608
1103,-1.950498,0.89448386,2.180414
1104,-1.6786147,0.7404427,2.049301
1105,-2.0352004,0.9486141,2.2906673
1106,-2.2402565,1.059229,2.2729824
1107,-2.1060386,0.96775264,2.0586245
1108,-2.0284712,0.95274204,2.0297
1109,-2.139854,0.97172755,1.9767224
1110,-2.0308807,0.95346975,1.997084
1111,-1.7804257,0.84740514,1.8617502
1112,-1.5691892,0.71713835,1.6252973
1113,-1.771712,0.80317557,1.5687941
1114,-2.0814054,0.9450204,1.7089616
1115,-2.0382893,0.95015335,1.6318035
1116,-1.9599954,0.85617656,1.433004
1117,-1.9467242,0.8419434,1.3148447
1118,-1.8343799,0.7786567,1.1948671
1119,-1.7429785,0.73758084,1.1882038
1120,-2.085318,0.8950291,1.3211648
1121,-1.8674865,0.7321846,1.125711
1122,-2.0902402,0.8129527,1.2750193
1123,-2.0499077,0.80829775,1.1764419
1124,-1.5264242,0.5842957,1.0378212
1125,-1.9102015,0.7427702,1.2408402
1126,-1.898755,0.7699264,1.137355
1127,-1.6312807,0.62066466,1.0421159
1128,-1.6354516,0.6167081,1.0679528
1129,-1.7880412,0.7052887,1.2066702
1130,-1.8165872,0.6527807,1.2919594
1131,-1.5005393,0.5381548,1.2602208
1132,-1.6096259,0.5686678,1.2208912
1133,-1.8830507,0.6589339,1.3379164
1134,-1.8616006,0.6333862,1.3135042
1135,-1.5873888,0.47091576,1.2523028
1136,-1.4928224,0.50618947,1.1699691
1137,-1.2475977,0.46307978,1.246048
1138,-1.3149979,0.5393353,1.3126817
1139,-1.2530706,0.53567517,1.2537457
1140,-1.009995,0.40965715,1.0445485
1141,-1.0234172,0.3935195,1.0403638
1142,-1.1416324,0.47224912,1.1170671
1143,-1.0336951,0.4305787,1.0627776
1144,-1.4002045,0.5922204,1.1571878
1145,-1.274967,0.54006106,1.1161953
1146,-1.3505561,0.5572809,1.1316249
1147,-1.0679477,0.3844546,1.1227301
1148,-1.0874633,0.42998594,1.1590586
1149,-1.1748875,0.49427262,1.2819483
1150,-1.5826423,0.68510526,1.3019375
1151,-1.2640829,0.49638242,0.96576244
1152,-1.3237547,0.56738913,1.001345
1153,-1.4321985,0.58269405,0.9545998
1154,-1.4946789,0.5974261,0.8745265
1155,-1.6387111,0.64449054,0.8639175
1156,-1.5922159,0.6559579,0.8933672
1157,-1.1137427,0.42083204,0.7137457
1158,-1.0998719,0.41496757,0.6821095
1159,-0.9748026,0.33215803,0.47817752
1160,-0.84344065,0.25489178,0.3284016
1161,-0.50470746,0.06889268,0.27368864
1162,-0.2335064,-0.0702485,0.2464343
1163,-0.4718384,0.0022131838,0.42672834
1164,-0.33258846,-0.034183633,0.38448146
1165,-0.5242462,0.03788478,0.40515414
1166,-0.31695628,-0.045515392,0.26982963
1167,-0.3886125,-0.044930223,0.4383176
1168,-0.6748934,-0.0034922212,0.56528276
1169,-0.58226323,-0.057659496,0.51037675
1170,-0.63518876,-0.061085355,0.5773651
1171,-0.5903635,-0.088743314,0.534166
1172,-0.44739354,-0.13808167,0.496487
1173,-0.92476594,0.04360988,0.58877724
1174,-0.8000173,-0.007544469,0.52663475
1175,-0.610604,-0.08516498,0.5176205
1176,-0.33697757,-0.19711013,0.38316533
1177,-0.5195498,-0.11475134,0.52257526
1178,-0.2871515,-0.24169348,0.37730795
1179,-0.525376,-0.14267872,0.5764687
1180,-0.7008716,-0.09829976,0.58504397
1181,-0.9488933,-0.01993921,0.56767917
1182,-0.75344944,-0.1105455,0.5866505
1183,-0.78318393,-0.084830225,0.58633924
1184,-0.69156164,-0.09841254,0.56647223
1185,-0.4133305,-0.18454282,0.46642342
1186,-0.33127463,-0.23298751,0.44874814
1187,-0.49466413,-0.16425791,0.5508699
1188,-0.34741864,-0.24804018,0.43348575
1189,-0.36861655,-0.18838826,0.49724534
1190,-0.25346622,-0.17919636,0.4308653
1191,-0.12333545,-0.25942582,0.36598408
1192,-0.11170485,-0.325377,0.37622803
1193,-0.12757114,-0.33998042,0.38172346
1194,0.13719133,-0.4303479,0.44540524
1195,0.33400244,-0.43000907,0.50494194
1196,0.18601447,-0.3615879,0.53383565
1197,0.41922596,-0.48328772,0.5189932
1198,0.27640307,-0.452848,0.50721574
1199,-0.072258465,-0.3502791,0.5129172
1200,-0.14988615,-0.30653,0.6049447
1201,-0.38188085,-0.23048247,0.7639026
1202,-0.5459436,-0.12527446,0.9285985
1203,-0.33981052,-0.24523745,0.878283
1204,-0.3319449,-0.2537787,0.8706989
1205,-0.52455,-0.1582794,1.0199883
1206,-0.106979825,-0.31677037,0.9317384
1207,-0.21135502,-0.29600057,0.90759873
1208,0.08535001,-0.44278347,0.81964046
1209,0.09736869,-0.41910055,0.8583657
1210,0.32613453,-0.61080617,0.7525836
1211,0.4254312,-0.6328569,0.6951893
1212,0.4533554,-0.65254706,0.73706454
1213,0.18397799,-0.536389,0.71127987
1214,0.5294351,-0.7111501,0.8177885
1215,0.5758493,-0.7296262,0.7514209
1216,0.5575417,-0.7383476,0.75250685
1217,0.59726614,-0.76670986,0.7852173
1218,0.48181048,-0.69975847,0.8337444
1219,0.36411503,-0.63449883,0.80670136
1220,0.14598468,-0.53784806,0.73390293
1221,0.21183991,-0.5823247,0.7598994
1222,0.15592955,-0.5616375,0.75674564
1223,-0.20209013,-0.3461152,0.66175556
1224,-0.04140997,-0.5343187,0.59325546
1225,0.3785096,-0.68335533,0.67491436
1226,0.101438284,-0.6359927,0.5464214
1227,0.25859573,-0.71505755,0.52478594
1228,0.5015994,-0.73273647,0.5504124
1229,0.25936133,-0.6803149,0.6578702
1230,0.57622725,-0.7604032,0.74928653
1231,0.7846902,-0.9402829,0.7849111
1232,0.9329149,-1.0800767,0.8023651
1233,0.99063617,-1.1227945,0.8748971
1234,0.85387856,-1.0153754,0.7850248
1235,0.65844387,-0.86220866,0.6342835
1236,0.89713794,-1.0477636,0.66384894
1237,1.1648687,-1.2879605,0.7410209
1238,1.1972388,-1.3578764,0.7559611
1239,1.1934571,-1.3860464,0.7494306
1240,1.3569354,-1.6168257,0.77070653
1241,1.3334885,-1.616014,0.76654154
1242,0.9706442,-1.2179164,0.8732132
1243,1.0026678,-1.1940542,0.9180765
1244,0.9952549,-1.1376632,0.84357065
1245,0.6967282,-0.8886691,0.72868174
1246,0.8285932,-0.9920958,0.83906597
1247,1.036532,-1.1753696,0.93709975
1248,1.1489624,-1.2785558,0.99075603
1249,1.2824703,-1.3695685,1.047315
1250,1.3193411,-1.340288,1.138049
1251,1.335145,-1.3226283,1.164969
1252,1.4953287,-1.5112234,1.1642259
1253,1.5642005,-1.5712684,1.1536528
1254,1.8797357,-1.8301227,1.2564596
1255,1.9689064,-1.8778384,1.2150452
1256,2.0057392,-1.8949612,1.161251
1257,2.2358088,-2.0910892,1.206102
1258,1.9790405,-1.8494602,1.1820327
1259,2.0334594,-1.9328398,1.2371883
1260,2.0136049,-1.9281436,1.2577497
1261,1.968595,-1.887794,1.2511628
1262,1.0972234,-1.1132258,1.1046785
1263,1.1525165,-1.1434764,1.0715116
1264,1.40788,-1.3972719,1.1528392
