3M,6M,1Y,2Y,3Y,4Y,5Y,6Y,7Y,8Y,9Y,10Y,11Y,12Y,13Y,14Y,15Y,16Y,17Y,18Y,19Y,20Y,21Y,22Y,23Y,24Y,25Y,26Y,27Y,28Y,29Y,30Y
3.8734,3.9396,4.0033,4.004,3.9757,3.9746,4.0058,4.06,4.1266,4.1976,4.2675,4.3336,4.3943,4.4492,4.4985,4.5426,4.5819,4.6171,4.6485,4.6767,4.7022,4.7252,4.746,4.7651,4.7825,4.7984,4.8131,4.8267,4.8392,4.8509,4.8618,4.8719
3.775,3.891,4.0072,4.0617,4.0621,4.0614,4.068,4.0812,4.099,4.1193,4.1408,4.1625,4.1836,4.2037,4.2227,4.2404,4.2568,4.272,4.2859,4.2987,4.3105,4.3213,4.3313,4.3404,4.3489,4.3567,4.364,4.3707,4.3769,4.3827,4.3882,4.3932
1.9311,1.8754,1.9364,2.2617,2.5806,2.8441,3.0614,3.2432,3.3966,3.5264,3.636,3.7279,3.8043,3.8667,3.9168,3.9558,3.9848,4.0049,4.0171,4.022,4.0206,4.0134,4.0011,3.9843,3.9635,3.9391,3.9116,3.8813,3.8486,3.8138,3.7773,3.7391
3.8506,3.6869,3.4613,3.2827,3.3027,3.4095,3.5469,3.6879,3.8202,3.9393,4.0441,4.1354,4.2148,4.2837,4.3437,4.3962,4.4423,4.4831,4.5192,4.5515,4.5805,4.6067,4.6303,4.6519,4.6716,4.6896,4.7062,4.7216,4.7358,4.749,4.7612,4.7727
3.8812,4.0282,4.1969,4.2812,4.265,4.2532,4.2676,4.3042,4.354,4.4094,4.4653,4.5186,4.5679,4.6126,4.6527,4.6886,4.7207,4.7492,4.7748,4.7978,4.8185,4.8372,4.8541,4.8696,4.8837,4.8967,4.9086,4.9196,4.9298,4.9393,4.9481,4.9564
0.4477,0.4426,0.7418,1.4387,1.9854,2.4247,2.7918,3.1036,3.3702,3.5981,3.7926,3.9578,4.0972,4.2139,4.3106,4.3895,4.4528,4.5022,4.5395,4.566,4.5831,4.5919,4.5934,4.5887,4.5784,4.5634,4.5443,4.5217,4.496,4.4679,4.4376,4.4055
3.6697,3.7798,3.8683,3.8728,3.8452,3.8289,3.8259,3.8326,3.8457,3.8626,3.8814,3.9009,3.9202,3.9388,3.9566,3.9732,3.9887,4.003,4.0162,4.0284,4.0396,4.0499,4.0593,4.0681,4.0762,4.0836,4.0905,4.0969,4.1029,4.1085,4.1136,4.1185
3.73,3.8529,3.9674,4.0079,3.9994,3.995,4.0008,4.015,4.0347,4.0575,4.0816,4.1059,4.1294,4.1519,4.173,4.1926,4.2107,4.2274,4.2427,4.2568,4.2697,4.2816,4.2924,4.3025,4.3117,4.3202,4.3281,4.3354,4.3422,4.3486,4.3545,4.36
3.998,4.108,4.2108,4.2516,4.2521,4.2564,4.2682,4.2852,4.305,4.3258,4.3464,4.366,4.3844,4.4013,4.4167,4.4308,4.4435,4.455,4.4655,4.4749,4.4835,4.4913,4.4985,4.505,4.511,4.5165,4.5216,4.5263,4.5306,4.5347,4.5385,4.542
3.6622,3.7721,3.8513,3.8424,3.8116,3.7967,3.7968,3.807,3.8234,3.8431,3.8642,3.8854,3.9061,3.9257,3.9441,3.9611,3.9767,3.9911,4.0042,4.0162,4.0272,4.0373,4.0466,4.055,4.0629,4.0701,4.0767,4.0829,4.0886,4.0939,4.0989,4.1036
3.7971,3.9055,3.9896,3.9965,3.9962,4.0249,4.0734,4.1306,4.1894,4.2459,4.2979,4.3449,4.3868,4.4239,4.4567,4.4857,4.5114,4.5343,4.5547,4.573,4.5894,4.6042,4.6177,4.63,4.6412,4.6515,4.6609,4.6697,4.6778,4.6853,4.6923,4.6988
3.7785,3.8975,4.0156,4.0699,4.0692,4.0672,4.0722,4.0837,4.0998,4.1186,4.1387,4.1591,4.1792,4.1984,4.2167,4.2337,4.2496,4.2643,4.2778,4.2903,4.3018,4.3123,4.3221,4.3311,4.3393,4.347,4.3541,4.3607,4.3669,4.3726,4.3779,4.3829
3.9563,3.8665,3.7421,3.6502,3.681,3.7708,3.8839,4.0012,4.1132,4.2155,4.307,4.3876,4.4582,4.52,4.5741,4.6215,4.6634,4.7004,4.7333,4.7627,4.7891,4.8129,4.8345,4.8541,4.8721,4.8885,4.9037,4.9177,4.9306,4.9426,4.9538,4.9643
4.0048,4.1172,4.2358,4.2922,4.2875,4.2807,4.2816,4.2897,4.3026,4.3185,4.3358,4.3534,4.3708,4.3876,4.4034,4.4182,4.4319,4.4446,4.4563,4.4671,4.477,4.4861,4.4944,4.5021,4.5093,4.5158,4.5219,4.5276,4.5328,4.5377,4.5423,4.5466
3.703,3.8122,3.9102,3.9356,3.9206,3.9132,3.9177,3.9313,3.9507,3.9733,3.9972,4.0213,4.0447,4.0669,4.0877,4.1071,4.125,4.1414,4.1565,4.1704,4.183,4.1947,4.2053,4.2151,4.2242,4.2325,4.2403,4.2474,4.2541,4.2603,4.266,4.2714
0.4524,0.448,0.7543,1.4592,2.0088,2.4496,2.8174,3.1294,3.3955,3.6227,3.8162,3.9801,4.1181,4.2333,4.3283,4.4055,4.467,4.5146,4.5501,4.5749,4.5902,4.5973,4.5973,4.591,4.5792,4.5627,4.5423,4.5183,4.4914,4.4621,4.4307,4.3976
0.5739,0.5893,0.7838,1.3656,1.917,2.3797,2.7639,3.0847,3.354,3.5806,3.7712,3.9313,4.0653,4.1769,4.2693,4.3452,4.4069,4.4563,4.4953,4.5253,4.5476,4.5633,4.5735,4.5789,4.5803,4.5783,4.5735,4.5664,4.5573,4.5466,4.5346,4.5215
3.8097,3.9268,4.0451,4.099,4.0953,4.0902,4.0926,4.1023,4.1172,4.1354,4.1553,4.1759,4.1963,4.2161,4.2351,4.2529,4.2696,4.2851,4.2994,4.3127,4.325,4.3363,4.3468,4.3565,4.3654,4.3737,4.3814,4.3885,4.3952,4.4014,4.4072,4.4126
3.8504,3.7572,3.6236,3.5051,3.5049,3.5648,3.6525,3.7497,3.8467,3.9387,4.0232,4.0996,4.168,4.229,4.2831,4.3312,4.374,4.4122,4.4464,4.4771,4.5048,4.5298,4.5526,4.5733,4.5923,4.6097,4.6258,4.6406,4.6543,4.6671,4.679,4.69
3.9183,3.9408,3.9661,3.9853,4.0032,4.0324,4.0712,4.1153,4.1606,4.2046,4.2459,4.2838,4.318,4.3487,4.3761,4.4005,4.4224,4.4419,4.4593,4.475,4.4892,4.502,4.5137,4.5243,4.534,4.543,4.5512,4.5588,4.5658,4.5723,4.5784,4.5841
3.7614,3.8832,4.0031,4.0545,4.0501,4.0461,4.0509,4.0636,4.0817,4.1031,4.126,4.1494,4.1724,4.1945,4.2154,4.2349,4.2531,4.27,4.2855,4.2999,4.313,4.3252,4.3364,4.3467,4.3562,4.365,4.3732,4.3808,4.3878,4.3944,4.4005,4.4062
1.0159,1.0184,1.1798,1.6903,2.1812,2.5976,2.9472,3.2422,3.4921,3.7035,3.8817,4.0309,4.1544,4.2555,4.3365,4.3998,4.4474,4.4812,4.5027,4.5133,4.5144,4.5072,4.4925,4.4715,4.4449,4.4134,4.3778,4.3387,4.2965,4.2517,4.2049,4.1563
0.5091,0.5259,0.7383,1.3437,1.898,2.3589,2.7423,3.0642,3.3357,3.5651,3.7584,3.9208,4.0565,4.169,4.2614,4.3362,4.3959,4.4425,4.4776,4.5028,4.5195,4.5289,4.532,4.5298,4.5229,4.5122,4.4982,4.4815,4.4625,4.4416,4.4193,4.3957
0.8277,0.7258,0.936,1.5781,2.0811,2.4738,2.7975,3.0723,3.3086,3.5129,3.6895,3.8419,3.9728,4.0845,4.1791,4.2582,4.3235,4.3763,4.4179,4.4494,4.4719,4.4862,4.4932,4.4937,4.4884,4.4779,4.4627,4.4435,4.4207,4.3946,4.3658,4.3345
3.8636,3.9347,4.0058,4.0181,3.9999,4.0076,4.0459,4.1053,4.1753,4.2483,4.3192,4.3856,4.4461,4.5006,4.5493,4.5927,4.6313,4.6657,4.6965,4.7241,4.7489,4.7714,4.7917,4.8103,4.8273,4.8428,4.8571,4.8704,4.8826,4.894,4.9046,4.9145
1.1767,1.1754,1.3025,1.7492,2.2108,2.6147,2.957,3.2461,3.4903,3.6964,3.8696,4.0141,4.1335,4.2308,4.3084,4.3686,4.4135,4.4448,4.4641,4.4727,4.4719,4.463,4.4468,4.4243,4.3962,4.3635,4.3266,4.2862,4.2428,4.1969,4.1489,4.0992
4.0989,4.2607,4.4617,4.6044,4.6251,4.6266,4.6356,4.6542,4.6786,4.7051,4.7313,4.7557,4.7778,4.7976,4.815,4.8304,4.8439,4.8559,4.8666,4.8762,4.8847,4.8924,4.8994,4.9058,4.9116,4.9169,4.9218,4.9263,4.9305,4.9344,4.938,4.9414
3.7493,3.8692,3.992,4.0521,4.054,4.0551,4.0645,4.0814,4.1033,4.1279,4.1537,4.1794,4.2043,4.2279,4.2501,4.2707,4.2898,4.3073,4.3234,4.3382,4.3517,4.3642,4.3756,4.3861,4.3958,4.4048,4.413,4.4207,4.4279,4.4345,4.4407,4.4465
0.7683,0.7358,0.9449,1.5967,2.1661,2.6234,2.9971,3.3076,3.568,3.7873,3.972,4.1274,4.2577,4.3665,4.4569,4.5314,4.5922,4.6413,4.6803,4.7106,4.7335,4.75,4.7612,4.7677,4.7703,4.7696,4.7662,4.7604,4.7528,4.7435,4.733,4.7214
3.4992,3.6545,3.7969,3.8594,3.8674,3.8766,3.8923,3.9128,3.9357,3.9593,3.9822,4.004,4.0242,4.0428,4.0596,4.0749,4.0888,4.1013,4.1126,4.1228,4.1321,4.1406,4.1483,4.1553,4.1618,4.1677,4.1732,4.1782,4.1829,4.1873,4.1914,4.1952
4.1266,4.1058,4.0716,4.0358,4.0399,4.0752,4.1317,4.2008,4.276,4.3526,4.4273,4.4984,4.5646,4.6257,4.6815,4.7323,4.7783,4.8201,4.8579,4.8921,4.9233,4.9516,4.9774,5.0011,5.0228,5.0428,5.0612,5.0782,5.094,5.1087,5.1223,5.1351
3.8027,3.8662,3.8932,3.8534,3.8448,3.88,3.9403,4.0105,4.0816,4.1488,4.2101,4.2649,4.3133,4.356,4.3935,4.4265,4.4556,4.4815,4.5045,4.525,4.5435,4.5602,4.5753,4.5891,4.6016,4.6132,4.6238,4.6336,4.6427,4.6511,4.6589,4.6663
3.823,3.7128,3.5612,3.4366,3.4402,3.5029,3.5912,3.688,3.7845,3.8762,3.9611,4.0384,4.1081,4.1706,4.2264,4.2764,4.3211,4.3611,4.397,4.4294,4.4586,4.4851,4.5092,4.5312,4.5514,4.5699,4.5869,4.6027,4.6173,4.6308,4.6435,4.6553
4.2847,4.2442,4.1476,3.9695,3.8654,3.8363,3.8607,3.9169,3.9886,4.0652,4.1406,4.2113,4.276,4.3343,4.3865,4.4329,4.4743,4.5111,4.5441,4.5736,4.6003,4.6243,4.6461,4.666,4.6842,4.7009,4.7162,4.7304,4.7435,4.7557,4.767,4.7776
3.5742,3.713,3.8464,3.9134,3.9279,3.9421,3.9613,3.9838,4.0076,4.0313,4.0538,4.0747,4.0939,4.1112,4.1268,4.1409,4.1535,4.1648,4.175,4.1842,4.1925,4.2,4.2068,4.2131,4.2188,4.2241,4.229,4.2334,4.2376,4.2415,4.2451,4.2484
3.8686,3.9356,4.0084,4.0335,4.0206,4.0241,4.0528,4.1013,4.1613,4.2261,4.2908,4.3526,4.41,4.4624,4.5098,4.5523,4.5904,4.6246,4.6553,4.6829,4.7079,4.7304,4.7509,4.7696,4.7867,4.8024,4.8169,4.8302,4.8426,4.8541,4.8648,4.8748
3.7896,3.8616,3.9594,4.0554,4.1026,4.1408,4.1803,4.2219,4.2638,4.3044,4.3424,4.3773,4.4088,4.4371,4.4624,4.4849,4.5049,4.5228,4.5389,4.5533,4.5663,4.578,4.5887,4.5984,4.6073,4.6155,4.623,4.6299,4.6364,4.6423,4.6479,4.6531
3.8582,3.8507,3.8154,3.7433,3.7173,3.7372,3.7876,3.8541,3.9269,3.9999,4.0695,4.1341,4.193,4.2461,4.2938,4.3366,4.3748,4.409,4.4397,4.4674,4.4924,4.515,4.5356,4.5544,4.5716,4.5873,4.6019,4.6153,4.6277,4.6393,4.6501,4.6601
3.8561,3.7206,3.5298,3.3716,3.3856,3.4811,3.6091,3.744,3.8735,3.992,4.0977,4.191,4.2726,4.344,4.4066,4.4615,4.5099,4.5527,4.5908,4.6249,4.6555,4.6831,4.7082,4.731,4.7518,4.7709,4.7885,4.8047,4.8197,4.8337,4.8467,4.8588
0.7772,0.7112,0.8807,1.4616,1.9636,2.3679,2.7034,2.9877,3.2312,3.4403,3.6198,3.7733,3.9038,4.0138,4.1056,4.1811,4.242,4.2897,4.3258,4.3515,4.3678,4.3758,4.3763,4.3704,4.3585,4.3416,4.3201,4.2946,4.2657,4.2337,4.1991,4.1623
4.0689,4.2401,4.4454,4.5743,4.5803,4.5749,4.5836,4.6059,4.636,4.6689,4.7013,4.7316,4.7591,4.7836,4.8052,4.8243,4.8411,4.8561,4.8694,4.8812,4.8919,4.9015,4.9102,4.9181,4.9253,4.9319,4.938,4.9437,4.9489,4.9537,4.9582,4.9624
4.238,4.357,4.5153,4.645,4.6681,4.664,4.6612,4.6669,4.6806,4.6999,4.722,4.7451,4.7677,4.7892,4.8091,4.8273,4.8439,4.8589,4.8724,4.8846,4.8957,4.9057,4.9149,4.9232,4.9308,4.9378,4.9443,4.9502,4.9558,4.9609,4.9657,4.9701
3.9047,4.0563,4.2431,4.3925,4.4399,4.4633,4.4829,4.5029,4.5239,4.5451,4.566,4.5861,4.6052,4.6229,4.6393,4.6544,4.6683,4.681,4.6926,4.7032,4.7128,4.7217,4.7298,4.7373,4.7442,4.7505,4.7564,4.7618,4.7669,4.7716,4.776,4.7801
0.8499,0.8584,1.0603,1.5868,2.04,2.4169,2.7376,3.0142,3.2541,3.4621,3.6422,3.7974,3.9304,4.0434,4.1385,4.2176,4.2821,4.3337,4.3736,4.4031,4.4231,4.4348,4.4391,4.4366,4.4282,4.4146,4.3963,4.374,4.348,4.3189,4.2871,4.2529
3.8624,4.0329,4.2281,4.3525,4.3689,4.3668,4.3663,4.3705,4.3789,4.3903,4.4035,4.4177,4.4323,4.4467,4.4608,4.4742,4.487,4.499,4.5102,4.5207,4.5305,4.5396,4.548,4.5559,4.5632,4.5699,4.5762,4.5821,4.5876,4.5927,4.5975,4.602
1.1015,1.0705,1.1814,1.648,2.131,2.5485,2.9002,3.1968,3.4482,3.6614,3.8419,3.994,4.1211,4.2261,4.3116,4.3798,4.4326,4.4717,4.4987,4.5149,4.5216,4.5199,4.5108,4.4951,4.4738,4.4474,4.4168,4.3823,4.3447,4.3042,4.2615,4.2168
0.7585,0.6835,0.9701,1.646,2.1374,2.5203,2.8385,3.1104,3.3455,3.5497,3.7269,3.8805,4.0129,4.1265,4.2232,4.3046,4.3722,4.4274,4.4715,4.5054,4.5303,4.5471,4.5565,4.5594,4.5563,4.548,4.5351,4.5179,4.4971,4.473,4.446,4.4165
2.3482,2.3257,2.3388,2.5043,2.7503,3.0114,3.258,3.4786,3.6703,3.8346,3.9745,4.0935,4.195,4.282,4.357,4.4221,4.4789,4.529,4.5733,4.6127,4.6481,4.6799,4.7087,4.7349,4.7589,4.7808,4.801,4.8197,4.8369,4.853,4.8679,4.8818
3.85,3.6818,3.4529,3.2759,3.2975,3.4034,3.5387,3.6773,3.8079,3.9259,4.0305,4.1222,4.2023,4.2722,4.3333,4.387,4.4343,4.4761,4.5134,4.5467,4.5766,4.6036,4.6281,4.6504,4.6707,4.6894,4.7066,4.7224,4.7371,4.7508,4.7635,4.7753
0.8063,0.7714,0.9102,1.4698,2.0352,2.5151,2.9133,3.245,3.5228,3.7559,3.9516,4.1152,4.2513,4.3637,4.4555,4.5294,4.5878,4.6328,4.666,4.6892,4.7037,4.7106,4.7111,4.7061,4.6964,4.6826,4.6655,4.6456,4.6233,4.5991,4.5733,4.5463
3.4483,3.6117,3.7458,3.7912,3.7913,3.7945,3.8045,3.8193,3.8368,3.8553,3.8736,3.8913,3.9079,3.9232,3.9373,3.9501,3.9618,3.9723,3.9819,3.9906,3.9985,4.0057,4.0123,4.0183,4.0238,4.0289,4.0336,4.0379,4.042,4.0457,4.0492,4.0524
0.831,0.7826,0.9778,1.5983,2.1352,2.5708,2.9339,3.2424,3.5069,3.7342,3.9294,4.0964,4.2384,4.3584,4.4587,4.5413,4.6084,4.6614,4.7019,4.7314,4.751,4.7617,4.7647,4.7609,4.7509,4.7356,4.7156,4.6915,4.6639,4.6332,4.5998,4.5642
3.9224,4.101,4.3108,4.4671,4.5139,4.5363,4.5537,4.5705,4.5873,4.604,4.6202,4.6355,4.65,4.6634,4.6757,4.687,4.6974,4.7068,4.7155,4.7233,4.7305,4.7371,4.7431,4.7487,4.7538,4.7585,4.7628,4.7668,4.7706,4.7741,4.7773,4.7803
3.837,3.6742,3.4372,3.2155,3.195,3.2752,3.3998,3.5383,3.6749,3.8021,3.9171,4.0192,4.1092,4.1882,4.2576,4.3187,4.3726,4.4203,4.4629,4.5009,4.535,4.5659,4.5938,4.6193,4.6425,4.6639,4.6835,4.7016,4.7184,4.734,4.7485,4.7621
3.8743,3.9015,3.9308,3.9457,3.9538,3.9741,4.007,4.0479,4.0921,4.1365,4.179,4.2184,4.2543,4.2868,4.3158,4.3418,4.365,4.3858,4.4044,4.4212,4.4363,4.45,4.4624,4.4737,4.4841,4.4936,4.5024,4.5105,4.518,4.5249,4.5314,4.5375
3.9534,3.9158,3.8643,3.8333,3.8655,3.9333,4.0187,4.1103,4.2013,4.2879,4.3682,4.4414,4.5075,4.5668,4.6198,4.6672,4.7096,4.7475,4.7816,4.8122,4.8399,4.865,4.8878,4.9086,4.9277,4.9452,4.9613,4.9762,4.99,5.0029,5.0148,5.026
3.8738,3.9333,3.9958,4.0205,4.0198,4.0325,4.061,4.0996,4.1425,4.1857,4.2271,4.2653,4.2999,4.331,4.3588,4.3835,4.4055,4.4252,4.4428,4.4585,4.4728,4.4856,4.4973,4.5079,4.5177,4.5266,4.5348,4.5424,4.5494,4.556,4.562,4.5677
3.8108,3.6997,3.5472,3.423,3.4293,3.4957,3.5877,3.6879,3.7873,3.8815,3.9684,4.0473,4.1184,4.182,4.2388,4.2896,4.3349,4.3755,4.4119,4.4447,4.4744,4.5012,4.5256,4.5479,4.5683,4.587,4.6043,4.6202,4.635,4.6488,4.6615,4.6735
0.552,0.5475,0.7418,1.3428,1.8981,2.3583,2.74,3.0598,3.3296,3.5574,3.7498,3.9116,4.047,4.1596,4.2522,4.3276,4.388,4.4352,4.4712,4.4973,4.515,4.5253,4.5293,4.5279,4.522,4.512,4.4988,4.4828,4.4645,4.4443,4.4225,4.3994
3.9755,4.1106,4.2333,4.2773,4.2723,4.2702,4.2761,4.2879,4.3034,4.3207,4.3387,4.3564,4.3733,4.3893,4.4042,4.4178,4.4304,4.4419,4.4524,4.4619,4.4707,4.4787,4.486,4.4928,4.4989,4.5046,4.5099,4.5148,4.5193,4.5236,4.5275,4.5312
3.576,3.7078,3.8372,3.9048,3.9205,3.9353,3.9546,3.977,4.0007,4.024,4.0462,4.0669,4.0857,4.1028,4.1181,4.1319,4.1443,4.1554,4.1654,4.1744,4.1826,4.19,4.1967,4.2028,4.2085,4.2136,4.2184,4.2228,4.2269,4.2307,4.2342,4.2375
0.8237,0.7946,0.9814,1.5997,2.1622,2.6203,2.9958,3.3077,3.569,3.7887,3.9733,4.1282,4.2577,4.3653,4.454,4.5265,4.585,4.6315,4.6676,4.6947,4.7142,4.7272,4.7346,4.7372,4.7359,4.7311,4.7234,4.7134,4.7015,4.6879,4.673,4.6571
3.8741,3.9063,3.931,3.9182,3.9086,3.9313,3.9828,4.0522,4.1294,4.2074,4.2819,4.3508,4.4133,4.4692,4.5191,4.5633,4.6026,4.6377,4.6689,4.697,4.7222,4.745,4.7656,4.7845,4.8017,4.8175,4.832,4.8454,4.8578,4.8694,4.8801,4.8901
3.8714,3.8964,3.9243,3.9421,3.9547,3.9788,4.0143,4.0567,4.1018,4.1466,4.189,4.2282,4.2639,4.2959,4.3246,4.3502,4.373,4.3934,4.4117,4.4282,4.443,4.4564,4.4686,4.4797,4.4898,4.4991,4.5077,4.5156,4.523,4.5298,4.5362,4.5421
3.8109,3.8634,3.9322,3.9999,4.0425,4.0868,4.1365,4.1889,4.2407,4.2898,4.3349,4.3756,4.4119,4.4441,4.4727,4.4979,4.5203,4.5402,4.558,4.5739,4.5883,4.6012,4.613,4.6236,4.6334,4.6424,4.6507,4.6583,4.6654,4.6719,4.678,4.6837
3.6201,3.7094,3.7794,3.7852,3.7742,3.7777,3.7931,3.8155,3.8408,3.8667,3.8917,3.9151,3.9366,3.9561,3.9737,3.9895,4.0036,4.0163,4.0277,4.038,4.0473,4.0558,4.0634,4.0704,4.0769,4.0827,4.0882,4.0932,4.0978,4.1021,4.1062,4.1099
3.8838,3.8971,3.915,3.9342,3.9504,3.9721,4.0008,4.0349,4.0723,4.1109,4.1492,4.1862,4.2213,4.254,4.2842,4.3119,4.3373,4.3605,4.3817,4.4009,4.4185,4.4346,4.4493,4.4628,4.4752,4.4867,4.4973,4.507,4.5161,4.5246,4.5324,4.5398
2.0852,1.996,2.105,2.4961,2.8021,3.0361,3.2258,3.3849,3.5203,3.6362,3.7354,3.8198,3.8913,3.9511,4.0004,4.0403,4.0715,4.095,4.1115,4.1217,4.1261,4.1253,4.1199,4.1102,4.0968,4.0799,4.06,4.0374,4.0123,3.9851,3.956,3.9253
3.9759,4.0679,4.1621,4.2132,4.227,4.244,4.2674,4.2947,4.3232,4.3511,4.3775,4.4018,4.4238,4.4436,4.4614,4.4773,4.4915,4.5042,4.5156,4.5259,4.5351,4.5435,4.5512,4.5581,4.5645,4.5703,4.5757,4.5807,4.5853,4.5896,4.5936,4.5973
1.6824,1.6908,1.7885,2.1017,2.4198,2.698,2.9347,3.1353,3.3053,3.449,3.5697,3.6705,3.7534,3.8206,3.8738,3.9144,3.944,3.9636,3.9744,3.9774,3.9734,3.9633,3.9478,3.9275,3.903,3.8749,3.8436,3.8096,3.7732,3.7349,3.6948,3.6534
3.2588,3.6771,3.1947,3.08,3.3839,3.6155,3.7676,3.8709,3.945,4.0007,4.0439,4.0786,4.1069,4.1305,4.1505,4.1676,4.1824,4.1954,4.2069,4.217,4.2261,4.2343,4.2418,4.2485,4.2547,4.2603,4.2655,4.2703,4.2747,4.2789,4.2827,4.2863
2.2111,2.1683,2.1655,2.3491,2.6267,2.9079,3.159,3.372,3.5486,3.6941,3.814,3.9136,3.9969,4.0672,4.1273,4.179,4.2239,4.2633,4.2982,4.3291,4.3568,4.3817,4.4043,4.4248,4.4436,4.4607,4.4765,4.4911,4.5046,4.5172,4.5288,4.5397
3.8274,3.8884,3.8967,3.8208,3.7917,3.8169,3.8732,3.9432,4.016,4.0862,4.1508,4.2091,4.261,4.3069,4.3474,4.3832,4.4148,4.4429,4.468,4.4904,4.5106,4.5288,4.5453,4.5603,4.5741,4.5867,4.5983,4.609,4.6189,4.6281,4.6367,4.6447
3.7118,3.8264,3.9343,3.97,3.9562,3.9455,3.945,3.9535,3.9683,3.9871,4.0081,4.03,4.0519,4.0733,4.0938,4.1131,4.1313,4.1481,4.1638,4.1783,4.1917,4.2041,4.2156,4.2262,4.2359,4.245,4.2534,4.2613,4.2686,4.2754,4.2817,4.2876
3.8996,3.985,4.0806,4.1202,4.1053,4.1026,4.1249,4.1676,4.2228,4.2833,4.3443,4.4028,4.4573,4.507,4.552,4.5924,4.6286,4.661,4.6901,4.7163,4.74,4.7614,4.7808,4.7985,4.8147,4.8296,4.8433,4.856,4.8677,4.8786,4.8887,4.8982
3.6576,3.7741,3.856,3.8484,3.8218,3.8126,3.8186,3.8342,3.8552,3.8787,3.9028,3.9264,3.9487,3.9695,3.9887,4.0062,4.0222,4.0368,4.05,4.0619,4.0729,4.0828,4.0919,4.1002,4.1079,4.1149,4.1214,4.1274,4.133,4.1382,4.143,4.1475
3.8667,3.8478,3.8126,3.7702,3.771,3.8057,3.8614,3.9276,3.9972,4.0655,4.1301,4.1896,4.2438,4.2926,4.3363,4.3755,4.4106,4.442,4.4702,4.4957,4.5186,4.5394,4.5583,4.5756,4.5914,4.6059,4.6192,4.6316,4.643,4.6536,4.6635,4.6728
3.8801,3.7488,3.5668,3.4214,3.4386,3.5294,3.6478,3.7711,3.8883,3.9949,4.0899,4.1734,4.2464,4.3103,4.3662,4.4153,4.4586,4.4969,4.531,4.5615,4.5889,4.6136,4.6361,4.6565,4.6751,4.6922,4.7079,4.7225,4.7359,4.7484,4.7601,4.7709
3.6078,3.7446,3.864,3.9066,3.9072,3.9118,3.9232,3.9391,3.9572,3.976,3.9943,4.0116,4.0277,4.0424,4.0557,4.0678,4.0787,4.0886,4.0974,4.1055,4.1127,4.1194,4.1254,4.1309,4.1359,4.1406,4.1449,4.1488,4.1525,4.1559,4.1591,4.162
3.8931,3.812,3.6902,3.5683,3.5516,3.5945,3.6686,3.7565,3.8481,3.9375,4.0216,4.099,4.1695,4.233,4.29,4.3411,4.3869,4.428,4.465,4.4984,4.5285,4.5559,4.5807,4.6035,4.6243,4.6434,4.661,4.6773,4.6924,4.7064,4.7195,4.7317
3.9267,3.8934,3.8509,3.8323,3.8641,3.9192,3.983,4.0477,4.1091,4.1655,4.2164,4.2617,4.3017,4.3371,4.3684,4.396,4.4205,4.4423,4.4617,4.4791,4.4948,4.509,4.5219,4.5337,4.5444,4.5542,4.5633,4.5717,4.5794,4.5866,4.5933,4.5996
3.4775,3.636,3.778,3.8347,3.8367,3.8398,3.8498,3.8652,3.8838,3.9038,3.9241,3.9438,3.9625,3.9799,3.996,4.0107,4.0242,4.0365,4.0476,4.0578,4.0671,4.0756,4.0833,4.0904,4.097,4.103,4.1085,4.1137,4.1184,4.1229,4.127,4.1309
3.925,4.0913,4.2802,4.4097,4.4428,4.4583,4.4726,4.4884,4.5055,4.5231,4.5406,4.5574,4.5734,4.5884,4.6022,4.6149,4.6266,4.6372,4.647,4.6559,4.664,4.6714,4.6783,4.6845,4.6903,4.6956,4.7006,4.7051,4.7093,4.7133,4.717,4.7204
3.834,3.7064,3.5139,3.3158,3.2788,3.3324,3.4331,3.5548,3.6822,3.8066,3.9235,4.031,4.1285,4.2162,4.2948,4.3651,4.428,4.4843,4.535,4.5806,4.6217,4.6591,4.693,4.724,4.7524,4.7784,4.8024,4.8246,4.8452,4.8643,4.8821,4.8987
3.8951,3.9144,3.9408,3.9679,3.9856,4.0065,4.0334,4.0656,4.1012,4.1382,4.1752,4.2111,4.2451,4.277,4.3065,4.3336,4.3585,4.3812,4.4019,4.4208,4.438,4.4538,4.4682,4.4815,4.4937,4.5049,4.5153,4.5249,4.5338,4.5421,4.5498,4.557
0.7925,0.7529,0.9274,1.5095,2.0331,2.4639,2.8245,3.1313,3.3946,3.6212,3.816,3.983,4.1252,4.2455,4.3462,4.4295,4.4971,4.5508,4.5921,4.6223,4.6425,4.654,4.6576,4.6543,4.6449,4.6301,4.6105,4.5868,4.5595,4.529,4.4958,4.4603
3.9073,4.0467,4.2227,4.3669,4.4115,4.4323,4.4505,4.4709,4.4936,4.5178,4.5425,4.5669,4.5904,4.6128,4.6339,4.6535,4.6716,4.6884,4.7039,4.7181,4.7312,4.7432,4.7543,4.7645,4.7739,4.7827,4.7908,4.7983,4.8052,4.8117,4.8178,4.8235
3.9006,3.8373,3.7428,3.651,3.6446,3.6873,3.7563,3.8373,3.9217,4.0045,4.0829,4.1555,4.2221,4.2824,4.3369,4.3861,4.4303,4.4702,4.5062,4.5387,4.5682,4.595,4.6195,4.6418,4.6623,4.6812,4.6986,4.7147,4.7296,4.7434,4.7563,4.7684
3.894,4.0047,4.1296,4.1837,4.1626,4.1507,4.1656,4.2033,4.255,4.3133,4.3727,4.4301,4.4836,4.5327,4.5771,4.617,4.6528,4.6849,4.7137,4.7396,4.763,4.7841,4.8034,4.8209,4.8369,4.8516,4.8652,4.8777,4.8893,4.9001,4.9101,4.9194
3.7887,3.9132,4.0311,4.0762,4.069,4.0634,4.0666,4.0774,4.0935,4.1127,4.1334,4.1546,4.1754,4.1955,4.2144,4.2322,4.2488,4.2641,4.2782,4.2912,4.3032,4.3142,4.3244,4.3338,4.3424,4.3504,4.3578,4.3647,4.3711,4.3771,4.3826,4.3878
0.862,0.8752,1.0737,1.6002,2.0622,2.4482,2.7767,3.0595,3.3042,3.516,3.6989,3.8561,3.9904,4.1041,4.1994,4.2782,4.3423,4.393,4.4318,4.4599,4.4785,4.4887,4.4912,4.487,4.4768,4.4614,4.4413,4.4171,4.3893,4.3584,4.3249,4.289
3.7553,3.6231,3.4559,3.3452,3.3728,3.4548,3.557,3.664,3.7682,3.8658,3.9552,4.0361,4.1085,4.1731,4.2306,4.2819,4.3275,4.3683,4.4049,4.4378,4.4674,4.4943,4.5187,4.5409,4.5613,4.58,4.5972,4.6131,4.6278,4.6415,4.6543,4.6662
0.8004,0.7607,0.9043,1.4453,1.9641,2.3998,2.7658,3.077,3.344,3.5736,3.7711,3.9404,4.0848,4.2072,4.3099,4.3951,4.4645,4.52,4.5629,4.5947,4.6165,4.6295,4.6346,4.6327,4.6246,4.6111,4.5927,4.5702,4.544,4.5146,4.4824,4.4479
3.7505,3.6743,3.585,3.5679,3.6559,3.7785,3.9037,4.0184,4.1186,4.2041,4.2764,4.3375,4.3893,4.4334,4.4713,4.5041,4.5327,4.5578,4.58,4.5998,4.6175,4.6334,4.6478,4.6609,4.6729,4.6839,4.694,4.7033,4.7119,4.7199,4.7274,4.7344
3.8621,3.8944,3.9163,3.9,3.8899,3.9074,3.9464,3.9969,4.0513,4.105,4.1554,4.2015,4.2429,4.2798,4.3126,4.3417,4.3675,4.3905,4.411,4.4294,4.446,4.461,4.4745,4.4869,4.4982,4.5086,4.5182,4.527,4.5352,4.5427,4.5498,4.5564
3.6248,3.7358,3.8271,3.8457,3.8357,3.8355,3.8453,3.8613,3.8804,3.9006,3.9206,3.9396,3.9574,3.9737,3.9885,4.0019,4.0141,4.0251,4.035,4.0439,4.052,4.0594,4.0662,4.0723,4.078,4.0831,4.0879,4.0923,4.0964,4.1003,4.1038,4.1071
3.8493,4.0067,4.17,4.2559,4.2618,4.2594,4.2614,4.2688,4.2804,4.2947,4.3107,4.3273,4.3439,4.3602,4.3758,4.3906,4.4046,4.4176,4.4297,4.441,4.4514,4.461,4.47,4.4782,4.4859,4.493,4.4996,4.5058,4.5115,4.5169,4.5219,4.5265
3.8403,3.8925,3.9526,3.9884,3.9977,4.0148,4.0443,4.0827,4.1252,4.1685,4.2102,4.2492,4.2849,4.3172,4.3462,4.3722,4.3954,4.4163,4.435,4.4518,4.467,4.4808,4.4933,4.5047,4.5151,4.5247,4.5335,4.5417,4.5492,4.5562,4.5628,4.5689
3.6691,3.7806,3.8661,3.8642,3.8334,3.8155,3.8114,3.8173,3.8299,3.8464,3.8648,3.8841,3.9032,3.9218,3.9394,3.956,3.9714,3.9857,3.9989,4.011,4.0222,4.0325,4.042,4.0508,4.0588,4.0663,4.0732,4.0796,4.0856,4.0912,4.0964,4.1012
3.8637,4.0292,4.2148,4.3311,4.3492,4.3517,4.3558,4.3641,4.3759,4.3902,4.4057,4.4217,4.4378,4.4534,4.4683,4.4825,4.4958,4.5082,4.5197,4.5304,4.5403,4.5495,4.558,4.5658,4.5731,4.5798,4.5861,4.5919,4.5973,4.6024,4.6071,4.6116
3.7052,3.6561,3.597,3.5866,3.6569,3.7619,3.8768,3.9889,4.0924,4.1851,4.2668,4.3382,4.4003,4.4545,4.5018,4.5432,4.5796,4.6119,4.6405,4.6662,4.6891,4.7099,4.7287,4.7458,4.7614,4.7757,4.7889,4.8011,4.8124,4.8229,4.8326,4.8417
3.8337,3.7362,3.596,3.4699,3.466,3.5243,3.6114,3.7086,3.806,3.8985,3.9837,4.0608,4.1298,4.1914,4.2461,4.2948,4.3381,4.3768,4.4114,4.4425,4.4706,4.4959,4.519,4.54,4.5593,4.5769,4.5932,4.6082,4.6221,4.635,4.6471,4.6583
3.912,3.8563,3.7729,3.6919,3.6879,3.7295,3.7964,3.8755,3.9587,4.0411,4.1198,4.1933,4.2611,4.3231,4.3794,4.4304,4.4765,4.5183,4.5561,4.5903,4.6215,4.6498,4.6757,4.6994,4.7212,4.7412,4.7597,4.7768,4.7927,4.8074,4.8211,4.834
3.8512,3.8813,3.9149,3.935,3.9459,3.968,4.002,4.0435,4.0882,4.1328,4.1753,4.2147,4.2506,4.2829,4.3119,4.3378,4.3609,4.3816,4.4001,4.4168,4.4318,4.4454,4.4578,4.469,4.4793,4.4888,4.4975,4.5056,4.513,4.5199,4.5264,4.5324
3.9329,4.0998,4.2986,4.4498,4.4961,4.5184,4.5361,4.5534,4.5708,4.5881,4.6049,4.6209,4.6359,4.6498,4.6626,4.6744,4.6851,4.695,4.7039,4.7121,4.7196,4.7264,4.7327,4.7384,4.7437,4.7486,4.7531,4.7573,4.7612,4.7648,4.7682,4.7713
3.5426,3.6771,3.8016,3.863,3.8818,3.9024,3.9276,3.9547,3.9816,4.007,4.0303,4.0512,4.0699,4.0864,4.1011,4.114,4.1255,4.1357,4.1448,4.153,4.1603,4.1669,4.173,4.1785,4.1835,4.1881,4.1923,4.1962,4.1999,4.2032,4.2064,4.2093
0.8082,0.8028,1.0836,1.7946,2.3669,2.8175,3.1829,3.484,3.7337,3.941,4.1127,4.2544,4.3706,4.465,4.541,4.6012,4.648,4.6835,4.7093,4.7269,4.7377,4.7426,4.7428,4.7389,4.7317,4.7217,4.7095,4.6956,4.6802,4.6637,4.6464,4.6285
0.7459,0.7219,0.919,1.5439,2.1032,2.5566,2.9277,3.236,3.4941,3.7112,3.8937,4.047,4.1754,4.2823,4.3709,4.4437,4.503,4.5507,4.5883,4.6174,4.6391,4.6546,4.6648,4.6705,4.6723,4.6709,4.6668,4.6604,4.6522,4.6425,4.6315,4.6195
1.6204,1.5758,1.655,2.0233,2.3917,2.7039,2.9668,3.1907,3.3833,3.5494,3.6927,3.8161,3.9217,4.0113,4.0867,4.1493,4.2003,4.2408,4.2718,4.2944,4.3092,4.3172,4.3189,4.3151,4.3063,4.293,4.2756,4.2548,4.2308,4.204,4.1747,4.1434
3.871,3.7164,3.4862,3.2561,3.2172,3.2801,3.3924,3.524,3.6584,3.7869,3.9053,4.0124,4.1081,4.1931,4.2685,4.3353,4.3946,4.4475,4.4947,4.537,4.5752,4.6097,4.641,4.6695,4.6955,4.7195,4.7415,4.7619,4.7807,4.7982,4.8145,4.8297
3.8754,4.0413,4.2318,4.3592,4.3841,4.3906,4.3974,4.4078,4.4213,4.4369,4.4536,4.4708,4.4878,4.5042,4.5199,4.5348,4.5486,4.5616,4.5736,4.5847,4.595,4.6045,4.6133,4.6214,4.6289,4.6359,4.6424,4.6484,4.6541,4.6593,4.6642,4.6688
3.7988,3.9112,4.0285,4.0905,4.095,4.0956,4.1016,4.1134,4.1293,4.1478,4.1675,4.1875,4.2071,4.2259,4.2438,4.2605,4.2761,4.2906,4.3039,4.3162,4.3275,4.3379,4.3476,4.3564,4.3646,4.3722,4.3792,4.3858,4.3918,4.3975,4.4028,4.4077
0.818,0.7916,0.9437,1.4651,1.9535,2.3617,2.7046,2.9963,3.2462,3.4607,3.6444,3.8011,3.9339,4.0453,4.1377,4.213,4.273,4.3194,4.3536,4.3769,4.3905,4.3954,4.3926,4.3829,4.3673,4.3462,4.3205,4.2907,4.2573,4.2208,4.1816,4.1401
1.7486,1.7721,1.8743,2.1661,2.465,2.732,2.9621,3.1585,3.3254,3.4668,3.5856,3.6847,3.7663,3.8323,3.8845,3.9242,3.953,3.9719,3.982,3.9844,3.9799,3.9693,3.9532,3.9325,3.9075,3.879,3.8473,3.8128,3.776,3.7372,3.6968,3.6549
3.7618,3.888,4.0122,4.0688,4.069,4.0689,4.0765,4.0909,4.11,4.1317,4.1545,4.1772,4.1993,4.2203,4.24,4.2584,4.2753,4.2909,4.3053,4.3184,4.3305,4.3416,4.3518,4.3612,4.3698,4.3778,4.3852,4.392,4.3984,4.4043,4.4099,4.415
1.355,1.226,1.3217,1.8273,2.2714,2.6211,2.9065,3.1467,3.3522,3.5295,3.6827,3.815,3.9288,4.0261,4.1086,4.1779,4.2352,4.2817,4.3185,4.3464,4.3664,4.3792,4.3856,4.3861,4.3814,4.372,4.3584,4.3411,4.3204,4.2967,4.2704,4.2418
3.7379,3.8624,3.9784,4.0199,4.0112,4.0062,4.0115,4.0253,4.0446,4.0672,4.0911,4.1152,4.1388,4.1613,4.1824,4.2021,4.2204,4.2372,4.2526,4.2668,4.2799,4.2919,4.3029,4.313,4.3224,4.331,4.339,4.3464,4.3533,4.3597,4.3657,4.3713
0.7313,0.702,0.898,1.4915,2.0085,2.4319,2.7869,3.0895,3.3497,3.5736,3.7662,3.9311,4.0715,4.19,4.2891,4.3708,4.437,4.4892,4.5291,4.5579,4.5768,4.587,4.5893,4.5848,4.5742,4.5582,4.5375,4.5126,4.4842,4.4526,4.4184,4.3819
3.8894,3.9532,4.0194,4.0342,4.0159,4.0175,4.0461,4.0951,4.1556,4.2205,4.285,4.3463,4.403,4.4546,4.5011,4.5427,4.58,4.6133,4.6432,4.6701,4.6943,4.7162,4.7361,4.7543,4.7709,4.7861,4.8001,4.8131,4.8251,4.8362,4.8466,4.8563
1.2437,1.1412,1.2364,1.7308,2.1898,2.5632,2.8732,3.1371,3.3651,3.5634,3.7363,3.887,4.018,4.1313,4.2288,4.312,4.3822,4.4407,4.4886,4.5268,4.5564,4.578,4.5925,4.6006,4.6028,4.5998,4.5921,4.5802,4.5644,4.5453,4.5231,4.4983
3.9348,4.1091,4.3034,4.4311,4.4613,4.475,4.4884,4.5038,4.5208,4.5385,4.5563,4.5735,4.5898,4.6052,4.6194,4.6325,4.6445,4.6555,4.6655,4.6747,4.6831,4.6908,4.6979,4.7044,4.7103,4.7158,4.7209,4.7256,4.73,4.7341,4.7379,4.7414
3.6921,3.7934,3.8822,3.8987,3.8796,3.8705,3.8746,3.8886,3.9088,3.9324,3.9573,3.9824,4.0067,4.0298,4.0514,4.0715,4.09,4.107,4.1226,4.1369,4.1499,4.1619,4.1729,4.1831,4.1924,4.201,4.2089,4.2163,4.2231,4.2295,4.2355,4.241
0.8068,0.7933,0.9808,1.5932,2.1654,2.6368,3.0236,3.344,3.611,3.8341,4.0205,4.1757,4.3044,4.4104,4.497,4.5668,4.6223,4.6655,4.6982,4.722,4.7381,4.7476,4.7517,4.7511,4.7466,4.7388,4.7283,4.7156,4.7011,4.6851,4.668,4.6499
0.8416,0.8429,1.068,1.636,2.1086,2.4972,2.8265,3.1098,3.3549,3.5671,3.7503,3.9078,4.0423,4.1563,4.2519,4.331,4.3952,4.4461,4.4852,4.5135,4.5323,4.5426,4.5453,4.5413,4.5313,4.5159,4.496,4.4719,4.4442,4.4134,4.3799,4.3441
3.8951,3.912,3.9179,3.8965,3.894,3.9259,3.9836,4.055,4.1307,4.2045,4.2733,4.3357,4.3913,4.4405,4.4838,4.5221,4.5558,4.5858,4.6124,4.6362,4.6576,4.6769,4.6944,4.7103,4.7248,4.7381,4.7504,4.7617,4.7722,4.782,4.791,4.7995
3.535,3.6767,3.8164,3.8886,3.9011,3.9096,3.9216,3.9367,3.9537,3.9713,3.9886,4.0051,4.0206,4.0349,4.048,4.06,4.0709,4.0807,4.0897,4.0978,4.1052,4.1119,4.1181,4.1237,4.1289,4.1336,4.138,4.1421,4.1459,4.1494,4.1526,4.1557
0.7891,0.7749,1.0433,1.7396,2.3016,2.7442,3.1036,3.4005,3.6476,3.8535,4.0248,4.167,4.2842,4.3803,4.4583,4.5208,4.5701,4.6081,4.6366,4.657,4.6704,4.6781,4.6808,4.6795,4.6747,4.6672,4.6573,4.6455,4.6322,4.6177,4.6023,4.5861
0.8741,0.7804,0.9612,1.574,2.0802,2.4814,2.8136,3.0961,3.3394,3.5498,3.732,3.8894,4.0247,4.1403,4.2382,4.3203,4.3881,4.443,4.4863,4.5192,4.5426,4.5577,4.5652,4.5659,4.5605,4.5497,4.5341,4.5142,4.4905,4.4635,4.4335,4.401
3.8704,3.8834,3.8788,3.8385,3.8225,3.8415,3.8848,3.9405,4.0002,4.0589,4.1139,4.1641,4.2092,4.2494,4.2851,4.3167,4.3448,4.3698,4.3921,4.4121,4.4301,4.4464,4.4612,4.4746,4.487,4.4982,4.5086,4.5182,4.5271,4.5354,4.543,4.5502
4.2284,4.3401,4.4804,4.5751,4.576,4.5627,4.5596,4.57,4.5909,4.6179,4.6476,4.6775,4.7063,4.7332,4.7578,4.7801,4.8002,4.8184,4.8347,4.8493,4.8626,4.8746,4.8856,4.8955,4.9046,4.913,4.9207,4.9278,4.9344,4.9405,4.9462,4.9515
3.8722,3.9236,3.9743,3.9882,3.9863,4.0016,4.0338,4.0758,4.1215,4.167,4.2099,4.2492,4.2847,4.3163,4.3444,4.3694,4.3916,4.4113,4.429,4.4448,4.459,4.4719,4.4836,4.4942,4.5039,4.5129,4.5211,4.5287,4.5357,4.5422,4.5483,4.554
3.8799,3.8129,3.7127,3.6149,3.6071,3.6511,3.7227,3.8071,3.895,3.9813,4.0629,4.1386,4.2078,4.2706,4.3273,4.3783,4.4243,4.4656,4.503,4.5367,4.5673,4.5951,4.6204,4.6435,4.6648,4.6843,4.7023,4.7189,4.7343,4.7487,4.762,4.7745
3.3978,3.4719,3.1072,3.0869,3.4522,3.7513,3.9557,4.0969,4.1986,4.2751,4.3345,4.3821,4.4211,4.4535,4.481,4.5045,4.5249,4.5428,4.5585,4.5725,4.5851,4.5963,4.6065,4.6158,4.6243,4.6321,4.6392,4.6458,4.6519,4.6576,4.6628,4.6678
3.8811,3.8957,3.907,3.907,3.9194,3.9567,4.0142,4.0837,4.1576,4.2309,4.3005,4.3646,4.4227,4.4749,4.5214,4.5628,4.5997,4.6326,4.662,4.6884,4.7122,4.7337,4.7531,4.7709,4.7871,4.802,4.8157,4.8284,4.8401,4.851,4.8612,4.8706
3.5687,3.7119,3.843,3.9015,3.9109,3.9212,3.9368,3.9562,3.9771,3.9982,4.0185,4.0375,4.055,4.0709,4.0853,4.0983,4.1099,4.1204,4.1299,4.1384,4.1461,4.1532,4.1596,4.1654,4.1707,4.1757,4.1802,4.1844,4.1883,4.1919,4.1952,4.1984
0.886,0.7539,0.968,1.6288,2.1288,2.5121,2.826,3.0919,3.3209,3.5192,3.6914,3.8407,3.9698,4.0807,4.1754,4.2554,4.3223,4.3773,4.4215,4.4561,4.4819,4.4998,4.5106,4.515,4.5137,4.5072,4.4961,4.4809,4.4621,4.44,4.415,4.3875
3.8776,3.7985,3.6767,3.5496,3.53,3.573,3.6487,3.7381,3.83,3.9184,4.0004,4.0747,4.1412,4.2004,4.253,4.2996,4.3409,4.3778,4.4107,4.4403,4.4669,4.4909,4.5127,4.5326,4.5508,4.5675,4.5829,4.597,4.6102,4.6224,4.6338,4.6444
3.8275,3.9206,4.0399,4.1395,4.1759,4.2041,4.2372,4.2757,4.3169,4.3581,4.3976,4.4344,4.4681,4.4986,4.526,4.5505,4.5725,4.5922,4.6099,4.6258,4.6402,4.6533,4.6651,4.6759,4.6858,4.6949,4.7033,4.711,4.7182,4.7248,4.731,4.7368
3.8868,3.7579,3.5624,3.3578,3.3136,3.3595,3.4525,3.5666,3.6867,3.8044,3.9151,4.0169,4.1093,4.1924,4.2668,4.3334,4.393,4.4464,4.4943,4.5375,4.5765,4.6119,4.644,4.6733,4.7002,4.7248,4.7476,4.7686,4.788,4.8061,4.8229,4.8386
0.7403,0.7422,0.9611,1.5265,2.0022,2.3928,2.7222,3.0042,3.2467,3.4553,3.6341,3.7867,3.9158,4.0241,4.1138,4.1868,4.2449,4.2896,4.3225,4.3449,4.3578,4.3623,4.3594,4.35,4.3347,4.3144,4.2897,4.261,4.229,4.1941,4.1568,4.1173
4.0072,4.0005,3.9928,3.9966,4.0194,4.0543,4.0956,4.1394,4.1832,4.2253,4.2648,4.3012,4.3344,4.3645,4.3916,4.4161,4.4381,4.458,4.4759,4.492,4.5067,4.52,4.5322,4.5433,4.5535,4.5628,4.5714,4.5794,4.5868,4.5937,4.6001,4.6061
3.9076,3.8907,3.868,3.8579,3.8812,3.9258,3.983,4.0471,4.1139,4.1807,4.2457,4.3079,4.3665,4.4215,4.4725,4.5198,4.5635,4.6037,4.6407,4.6748,4.7062,4.7352,4.7619,4.7865,4.8093,4.8305,4.8501,4.8683,4.8853,4.9011,4.9159,4.9297
0.8009,0.7865,1.0094,1.5903,2.0696,2.4611,2.7919,3.0763,3.3225,3.5358,3.7204,3.8796,4.016,4.132,4.2297,4.311,4.3776,4.431,4.4724,4.5033,4.5245,4.5373,4.5424,4.5407,4.533,4.52,4.5022,4.4802,4.4546,4.4258,4.3942,4.3602
4.2601,4.2263,4.1569,4.0455,3.9909,3.987,4.0179,4.0685,4.1282,4.1897,4.2491,4.3042,4.3542,4.3991,4.4391,4.4746,4.5061,4.5342,4.5593,4.5817,4.6019,4.6202,4.6367,4.6518,4.6656,4.6782,4.6898,4.7006,4.7105,4.7198,4.7284,4.7364
3.9109,3.8326,3.715,3.5976,3.5827,3.626,3.6999,3.7875,3.8787,3.9679,4.0519,4.1294,4.1999,4.2636,4.3209,4.3722,4.4183,4.4597,4.4969,4.5305,4.5609,4.5884,4.6135,4.6365,4.6575,4.6767,4.6945,4.711,4.7262,4.7403,4.7535,4.7658
3.9272,3.9109,3.89,3.8841,3.9092,3.9514,4.0018,4.0547,4.1069,4.1564,4.2024,4.2444,4.2825,4.3168,4.3476,4.3753,4.4001,4.4223,4.4424,4.4605,4.4769,4.4918,4.5054,4.5178,4.5291,4.5395,4.5492,4.5581,4.5663,4.5739,4.5811,4.5877
4.2674,4.2467,4.1935,4.0914,4.0337,4.0245,4.0515,4.1008,4.1611,4.2248,4.2873,4.346,4.3999,4.4486,4.4922,4.5311,4.5658,4.5968,4.6245,4.6493,4.6717,4.692,4.7104,4.7271,4.7424,4.7565,4.7694,4.7813,4.7924,4.8027,4.8122,4.8212
0.4433,0.4644,0.7255,1.3784,1.9293,2.3798,2.7564,3.0748,3.3453,3.5748,3.7688,3.9319,4.068,4.1802,4.2715,4.3444,4.4012,4.4438,4.474,4.4934,4.5034,4.5051,4.4997,4.4881,4.4712,4.4498,4.4245,4.396,4.3647,4.3312,4.2958,4.2589
3.8398,3.8864,3.9046,3.8589,3.835,3.8524,3.8982,3.9587,4.0246,4.0902,4.1523,4.2096,4.2616,4.3083,4.3501,4.3874,4.4206,4.4503,4.4769,4.5009,4.5225,4.542,4.5598,4.5759,4.5908,4.6044,4.6169,4.6284,4.6391,4.6491,4.6584,4.667
4.198,4.284,4.3905,4.455,4.4446,4.4255,4.4193,4.4291,4.4516,4.4824,4.5175,4.554,4.59,4.6244,4.6564,4.686,4.713,4.7376,4.7599,4.7801,4.7985,4.8152,4.8304,4.8444,4.8572,4.8689,4.8797,4.8897,4.899,4.9076,4.9157,4.9232
3.8483,3.7602,3.6256,3.483,3.4521,3.4862,3.5558,3.6427,3.7357,3.8282,3.9166,3.999,4.0748,4.1437,4.206,4.2623,4.3131,4.3589,4.4002,4.4376,4.4716,4.5024,4.5305,4.5562,4.5798,4.6015,4.6215,4.64,4.6572,4.6732,4.688,4.7019
3.7617,3.8776,3.9797,4.0119,4.0222,4.0533,4.1005,4.1549,4.2103,4.2633,4.3121,4.3562,4.3955,4.4304,4.4612,4.4885,4.5127,4.5342,4.5534,4.5706,4.586,4.6,4.6127,4.6242,4.6348,4.6445,4.6534,4.6616,4.6693,4.6764,4.683,4.6891
0.6727,0.6708,0.8582,1.4139,1.9206,2.3456,2.7058,3.0148,3.2815,3.5122,3.7113,3.8826,4.0291,4.1536,4.2583,4.3454,4.4167,4.4738,4.5183,4.5514,4.5745,4.5886,4.5946,4.5936,4.5862,4.5733,4.5555,4.5334,4.5076,4.4784,4.4465,4.4121
3.8553,4.0161,4.1883,4.2829,4.2891,4.2849,4.2849,4.2906,4.3006,4.3137,4.3286,4.3443,4.3602,4.3758,4.3909,4.4053,4.4189,4.4317,4.4435,4.4546,4.4649,4.4744,4.4832,4.4914,4.499,4.506,4.5125,4.5186,4.5243,4.5296,4.5346,4.5392
3.8806,4.0463,4.2517,4.4155,4.4646,4.4855,4.5015,4.5183,4.5367,4.5561,4.576,4.5957,4.6149,4.6332,4.6504,4.6666,4.6817,4.6956,4.7085,4.7204,4.7314,4.7416,4.7509,4.7596,4.7676,4.775,4.7818,4.7882,4.7942,4.7997,4.8049,4.8097
4.2361,4.18,4.0938,4.003,3.9876,4.0187,4.077,4.1494,4.2277,4.3066,4.3829,4.4548,4.5216,4.583,4.6389,4.6897,4.7358,4.7775,4.8153,4.8496,4.8808,4.9093,4.9352,4.959,4.9808,5.0009,5.0194,5.0365,5.0524,5.0672,5.0809,5.0938
2.0489,1.9795,2.0556,2.3927,2.6845,2.9127,3.0967,3.2487,3.3756,3.4819,3.5704,3.6435,3.7031,3.7507,3.7875,3.8149,3.8337,3.845,3.8495,3.848,3.8411,3.8295,3.8136,3.7941,3.7713,3.7456,3.7174,3.6871,3.6549,3.6211,3.5859,3.5496
3.9024,3.8942,3.8644,3.8073,3.7899,3.8114,3.8582,3.9177,3.9814,4.044,4.1028,4.1564,4.2047,4.2478,4.2861,4.3201,4.3503,4.3772,4.4012,4.4228,4.4422,4.4598,4.4757,4.4902,4.5035,4.5157,4.5269,4.5372,4.5468,4.5557,4.564,4.5717
3.4876,3.6527,3.7983,3.8554,3.8575,3.8608,3.871,3.8866,3.9053,3.9254,3.9457,3.9654,3.9841,4.0015,4.0175,4.0322,4.0457,4.0579,4.069,4.0792,4.0884,4.0969,4.1046,4.1117,4.1182,4.1242,4.1297,4.1348,4.1396,4.144,4.1481,4.1519
3.7999,3.9247,4.0487,4.1031,4.0984,4.0924,4.0943,4.1035,4.1181,4.136,4.1556,4.176,4.1963,4.2161,4.2349,4.2527,4.2693,4.2848,4.2991,4.3124,4.3246,4.336,4.3464,4.3561,4.365,4.3733,4.381,4.3882,4.3948,4.401,4.4068,4.4122
2.4323,2.4063,2.4119,2.5627,2.7961,3.0475,3.2873,3.5034,3.6923,3.8549,3.9939,4.1126,4.214,4.3011,4.3763,4.4417,4.4988,4.5491,4.5936,4.6333,4.6688,4.7009,4.7299,4.7562,4.7803,4.8024,4.8227,4.8415,4.8589,4.875,4.89,4.904
0.8647,0.7288,0.8934,1.5206,2.0301,2.4256,2.7488,3.0218,3.256,3.4582,3.6331,3.7842,3.9143,4.0256,4.1201,4.1996,4.2655,4.3191,4.3617,4.3944,4.4182,4.4339,4.4424,4.4444,4.4406,4.4316,4.418,4.4002,4.3788,4.3541,4.3266,4.2965
2.5589,3.0984,2.8642,2.6452,2.9342,3.2675,3.5366,3.7392,3.8914,4.008,4.0994,4.1727,4.2328,4.2829,4.3253,4.3616,4.3931,4.4207,4.445,4.4666,4.486,4.5034,4.5191,4.5334,4.5465,4.5585,4.5695,4.5797,4.5891,4.5978,4.606,4.6136
3.8807,3.9096,3.9318,3.9202,3.9122,3.9349,3.9857,4.0543,4.1312,4.2093,4.2846,4.3545,4.4182,4.4755,4.5268,4.5725,4.6131,4.6494,4.6819,4.711,4.7372,4.7609,4.7825,4.8021,4.82,4.8364,4.8516,4.8656,4.8785,4.8905,4.9017,4.9122
3.9155,3.8502,3.7522,3.6553,3.646,3.6876,3.7567,3.8387,3.9247,4.0093,4.0896,4.1643,4.2327,4.2948,4.351,4.4016,4.4472,4.4884,4.5255,4.5591,4.5895,4.6172,4.6424,4.6655,4.6866,4.7061,4.724,4.7406,4.756,4.7703,4.7836,4.796
3.8637,3.8833,3.9033,3.9128,3.9227,3.9466,3.9828,4.0264,4.0729,4.1189,4.1625,4.2028,4.2394,4.2723,4.3018,4.328,4.3515,4.3724,4.3912,4.4081,4.4233,4.437,4.4495,4.4609,4.4713,4.4809,4.4897,4.4978,4.5054,4.5124,4.5189,4.525
3.9616,4.1205,4.3097,4.4434,4.4703,4.4757,4.4802,4.4879,4.4983,4.5108,4.5242,4.538,4.5516,4.5648,4.5773,4.5891,4.6001,4.6103,4.6198,4.6285,4.6366,4.644,4.6509,4.6572,4.6631,4.6685,4.6736,4.6783,4.6826,4.6867,4.6905,4.694
3.8882,3.893,3.8866,3.8625,3.8653,3.903,3.9665,4.0441,4.1267,4.2082,4.285,4.3554,4.4189,4.4756,4.526,4.5707,4.6104,4.6457,4.6773,4.7056,4.731,4.754,4.7748,4.7938,4.8112,4.8271,4.8417,4.8553,4.8678,4.8794,4.8903,4.9004
3.6148,3.711,3.788,3.7992,3.7898,3.7925,3.806,3.8256,3.848,3.871,3.8934,3.9143,3.9335,3.951,3.9668,3.9809,3.9937,4.0051,4.0154,4.0247,4.0331,4.0407,4.0476,4.0539,4.0597,4.065,4.0699,4.0745,4.0787,4.0826,4.0862,4.0896
3.626,3.7184,3.791,3.7988,3.7885,3.7915,3.8056,3.8261,3.8495,3.8734,3.8965,3.9182,3.9381,3.9561,3.9724,3.987,4.0001,4.0119,4.0224,4.032,4.0406,4.0484,4.0555,4.062,4.068,4.0734,4.0784,4.0831,4.0874,4.0914,4.0951,4.0986
3.7455,3.872,3.9981,4.0554,4.0547,4.0541,4.0623,4.0782,4.0992,4.1231,4.1483,4.1735,4.1979,4.2212,4.2431,4.2634,4.2822,4.2995,4.3155,4.3301,4.3435,4.3558,4.3671,4.3775,4.3871,4.396,4.4042,4.4118,4.4188,4.4254,4.4316,4.4373
3.9355,3.9719,4.0126,4.0372,4.0487,4.0698,4.1014,4.1394,4.1799,4.2199,4.2579,4.293,4.3248,4.3534,4.379,4.4019,4.4223,4.4405,4.4568,4.4715,4.4848,4.4968,4.5077,4.5176,4.5267,4.5351,4.5428,4.5499,4.5565,4.5626,4.5683,4.5736
0.6151,0.6584,0.8963,1.5013,2.0387,2.4834,2.8532,3.1634,3.4248,3.6454,3.8312,3.9875,4.1183,4.2272,4.3174,4.3913,4.4513,4.4993,4.5371,4.566,4.5874,4.6023,4.6118,4.6166,4.6175,4.6151,4.61,4.6025,4.5932,4.5823,4.5701,4.557
0.8772,0.7725,0.9712,1.6027,2.1029,2.4939,2.8162,3.0899,3.3255,3.5292,3.7056,3.858,3.9891,4.1011,4.1961,4.2758,4.3416,4.3951,4.4373,4.4695,4.4926,4.5075,4.5151,4.5162,4.5114,4.5013,4.4866,4.4677,4.4452,4.4194,4.3908,4.3597
3.7097,3.8305,3.9414,3.9784,3.9681,3.9621,3.9663,3.9789,3.997,4.0184,4.0412,4.0642,4.0868,4.1084,4.1287,4.1477,4.1653,4.1815,4.1964,4.2101,4.2227,4.2343,4.245,4.2548,4.2638,4.2722,4.2799,4.2871,4.2937,4.3,4.3058,4.3112
3.5096,3.6525,3.788,3.8516,3.8608,3.8697,3.8844,3.9034,3.9247,3.9466,3.9682,3.9886,4.0077,4.0252,4.0412,4.0557,4.0689,4.0808,4.0915,4.1013,4.1101,4.1182,4.1256,4.1323,4.1385,4.1442,4.1494,4.1542,4.1587,4.1629,4.1668,4.1704
3.864,3.9173,3.9697,3.9832,3.9802,3.9951,4.0277,4.071,4.1185,4.166,4.2111,4.2526,4.2902,4.3238,4.3537,4.3804,4.4041,4.4252,4.4441,4.4611,4.4764,4.4902,4.5027,4.5142,4.5246,4.5342,4.543,4.5512,4.5587,4.5658,4.5723,4.5784
1.2009,1.1333,1.2961,1.8487,2.3181,2.6916,2.9983,3.2557,3.4737,3.6587,3.8152,3.9468,4.0565,4.1467,4.2195,4.277,4.3206,4.352,4.3725,4.3833,4.3855,4.3801,4.3679,4.3497,4.3263,4.2983,4.2664,4.2309,4.1925,4.1516,4.1084,4.0635
3.8786,3.823,3.7412,3.6665,3.6697,3.7175,3.7889,3.8707,3.955,4.0372,4.1147,4.1865,4.252,4.3114,4.3651,4.4134,4.4569,4.4961,4.5315,4.5635,4.5925,4.6188,4.6428,4.6648,4.6849,4.7035,4.7205,4.7363,4.751,4.7646,4.7773,4.7891
1.0241,1.0561,1.2112,1.665,2.1304,2.5445,2.8999,3.2024,3.4589,3.6759,3.8585,4.0111,4.1374,4.2403,4.3228,4.3871,4.4353,4.4693,4.4908,4.5013,4.502,4.4942,4.479,4.4573,4.4299,4.3977,4.3613,4.3212,4.2782,4.2326,4.1849,4.1355
3.8496,3.8355,3.7892,3.7052,3.6777,3.7012,3.7567,3.8283,3.9054,3.9817,4.0538,4.1202,4.1802,4.2341,4.2822,4.3251,4.3633,4.3975,4.4281,4.4556,4.4804,4.5029,4.5233,4.5419,4.5589,4.5745,4.5889,4.6022,4.6145,4.6259,4.6365,4.6465
4.1163,4.2868,4.5098,4.6925,4.7327,4.7343,4.7304,4.7291,4.7311,4.7353,4.7405,4.7458,4.751,4.7557,4.7599,4.7637,4.7671,4.77,4.7727,4.775,4.7772,4.7791,4.7808,4.7824,4.7838,4.7851,4.7863,4.7875,4.7885,4.7895,4.7904,4.7912
3.9242,3.9016,3.8696,3.8456,3.8575,3.8905,3.9349,3.9843,4.0347,4.0838,4.1303,4.1733,4.2129,4.2488,4.2814,4.3108,4.3374,4.3614,4.3831,4.4028,4.4206,4.4368,4.4516,4.4652,4.4776,4.4891,4.4996,4.5094,4.5184,4.5269,4.5347,4.542
0.6626,0.6803,0.886,1.4698,2.0041,2.4482,2.8176,3.1277,3.3897,3.6116,3.7995,3.9583,4.0922,4.2047,4.2985,4.3763,4.4403,4.4922,4.5339,4.5666,4.5917,4.6103,4.6232,4.6312,4.6352,4.6357,4.6333,4.6284,4.6214,4.6127,4.6026,4.5914
4.1851,4.238,4.3062,4.3562,4.3623,4.3643,4.3757,4.3982,4.4296,4.4666,4.5062,4.5463,4.5853,4.6223,4.6568,4.6886,4.7177,4.7443,4.7684,4.7904,4.8104,4.8286,4.8452,4.8604,4.8744,4.8872,4.899,4.91,4.9201,4.9296,4.9384,4.9466
3.8114,3.9096,4.0132,4.0643,4.0614,4.0557,4.0565,4.0642,4.0771,4.0935,4.1118,4.1311,4.1505,4.1695,4.1878,4.2052,4.2216,4.237,4.2513,4.2645,4.2768,4.2882,4.2988,4.3086,4.3177,4.3261,4.3339,4.3412,4.348,4.3543,4.3602,4.3658
0.873,0.8537,1.0677,1.6307,2.0935,2.4703,2.7884,3.0619,3.2986,3.5037,3.6813,3.8345,3.9658,4.0775,4.1716,4.25,4.3141,4.3655,4.4054,4.4351,4.4554,4.4676,4.4723,4.4705,4.4628,4.4498,4.4323,4.4107,4.3855,4.3572,4.3261,4.2927
3.8938,3.8291,3.7331,3.6423,3.6399,3.6881,3.763,3.8499,3.9398,4.0275,4.1104,4.187,4.257,4.3204,4.3776,4.429,4.4753,4.517,4.5546,4.5886,4.6194,4.6474,4.6728,4.6961,4.7175,4.7371,4.7552,4.772,4.7875,4.8019,4.8154,4.8279
4.2254,4.2765,4.3134,4.2779,4.2299,4.2154,4.2333,4.2719,4.3203,4.3715,4.421,4.4669,4.5083,4.5452,4.5779,4.6067,4.6322,4.6548,4.6749,4.6929,4.709,4.7236,4.7368,4.7488,4.7598,4.7699,4.7791,4.7877,4.7956,4.803,4.8098,4.8162
3.7817,3.8922,4.0003,4.0458,4.0418,4.0387,4.0438,4.0559,4.073,4.0929,4.1141,4.1355,4.1565,4.1766,4.1956,4.2133,4.2298,4.245,4.259,4.2718,4.2837,4.2945,4.3046,4.3138,4.3223,4.3302,4.3375,4.3442,4.3505,4.3564,4.3618,4.3669
3.5362,3.6867,3.821,3.8765,3.8841,3.8946,3.9113,3.9321,3.9547,3.9772,3.9988,4.019,4.0375,4.0542,4.0693,4.0829,4.0951,4.1061,4.1159,4.1248,4.1329,4.1402,4.1468,4.1529,4.1584,4.1635,4.1682,4.1726,4.1766,4.1804,4.1838,4.1871
3.8691,3.8546,3.8248,3.7858,3.7866,3.8206,3.8759,3.942,4.0118,4.0805,4.1456,4.2058,4.2605,4.3099,4.3543,4.394,4.4296,4.4615,4.4902,4.516,4.5393,4.5605,4.5797,4.5972,4.6133,4.628,4.6416,4.6542,4.6658,4.6766,4.6867,4.6961
3.8874,3.8958,3.8741,3.8028,3.7812,3.8167,3.8877,3.9739,4.0621,4.1452,4.2202,4.2864,4.3442,4.3943,4.438,4.4761,4.5094,4.5389,4.5649,4.5882,4.609,4.6278,4.6447,4.6602,4.6743,4.6873,4.6992,4.7101,4.7203,4.7298,4.7386,4.7468
3.4865,3.458,3.1123,3.1758,3.5415,3.8194,4.0042,4.1306,4.2213,4.2895,4.3425,4.3849,4.4196,4.4485,4.473,4.494,4.5121,4.5281,4.5421,4.5546,4.5657,4.5758,4.5849,4.5931,4.6007,4.6076,4.6139,4.6198,4.6253,4.6303,4.635,4.6394
3.8569,3.7019,3.4744,3.2561,3.2297,3.3016,3.4187,3.5513,3.6838,3.8085,3.922,4.0236,4.1135,4.1929,4.2628,4.3246,4.3792,4.4277,4.4709,4.5096,4.5444,4.5758,4.6043,4.6303,4.654,4.6758,4.6958,4.7143,4.7315,4.7474,4.7622,4.776
0.8527,0.827,0.9967,1.5944,2.1647,2.6382,3.0284,3.3528,3.6241,3.8515,4.0418,4.2004,4.3318,4.4396,4.5271,4.5969,4.6514,4.6926,4.7224,4.7423,4.7537,4.7578,4.7556,4.7481,4.736,4.7202,4.7011,4.6794,4.6555,4.6299,4.6028,4.5746
3.833,3.6461,3.3963,3.2091,3.2322,3.3405,3.4774,3.6175,3.7496,3.8695,3.9763,4.0704,4.153,4.2254,4.289,4.345,4.3944,4.4383,4.4774,4.5124,4.5438,4.5722,4.598,4.6214,4.6429,4.6625,4.6806,4.6973,4.7128,4.7272,4.7406,4.7531
4.2621,4.2109,4.1126,3.964,3.8933,3.8875,3.9252,3.9877,4.0616,4.1381,4.2123,4.2814,4.3445,4.4013,4.452,4.4972,4.5375,4.5734,4.6055,4.6343,4.6602,4.6837,4.7049,4.7243,4.742,4.7583,4.7733,4.7871,4.7999,4.8118,4.8229,4.8332
3.9507,4.1075,4.2942,4.4293,4.462,4.4738,4.4839,4.4962,4.5105,4.526,4.542,4.5578,4.5731,4.5876,4.6012,4.6139,4.6256,4.6365,4.6464,4.6555,4.6639,4.6716,4.6787,4.6853,4.6913,4.6969,4.702,4.7068,4.7112,4.7154,4.7193,4.7229
3.874,3.8172,3.7317,3.648,3.6425,3.6836,3.7507,3.8305,3.915,3.9989,4.0795,4.155,4.225,4.289,4.3475,4.4005,4.4487,4.4924,4.532,4.568,4.6007,4.6306,4.6579,4.6829,4.7059,4.7271,4.7467,4.7648,4.7816,4.7972,4.8118,4.8254
3.7481,3.8759,3.9696,3.9788,3.9852,4.0205,4.0729,4.1312,4.1889,4.2426,4.2911,4.334,4.3718,4.4049,4.4338,4.4592,4.4816,4.5014,4.519,4.5348,4.5489,4.5617,4.5732,4.5837,4.5933,4.6021,4.6102,4.6177,4.6247,4.6311,4.6371,4.6427
0.8908,0.8868,1.1225,1.7773,2.3355,2.7811,3.1428,3.4405,3.6871,3.8915,4.0606,4.2,4.314,4.4065,4.4807,4.5392,4.5845,4.6185,4.6429,4.6592,4.6686,4.6723,4.6713,4.6662,4.6578,4.6467,4.6334,4.6184,4.6019,4.5844,4.566,4.5471
2.8026,3.1465,2.9681,2.8291,3.0672,3.3471,3.5801,3.7597,3.8966,4.0023,4.0855,4.1524,4.2073,4.2531,4.2918,4.3251,4.3539,4.379,4.4013,4.421,4.4387,4.4546,4.469,4.4821,4.4941,4.505,4.5151,4.5244,4.533,4.541,4.5484,4.5554
3.4876,3.6474,3.7926,3.8549,3.8628,3.8727,3.8895,3.9113,3.9356,3.9604,3.9846,4.0074,4.0285,4.0479,4.0655,4.0814,4.0958,4.1088,4.1205,4.1311,4.1408,4.1495,4.1575,4.1648,4.1714,4.1776,4.1832,4.1885,4.1933,4.1979,4.2021,4.206
3.2588,3.6771,3.1947,3.08,3.3839,3.6155,3.7676,3.8709,3.945,4.0007,4.0439,4.0786,4.1069,4.1305,4.1505,4.1676,4.1824,4.1954,4.2069,4.217,4.2261,4.2343,4.2418,4.2485,4.2547,4.2603,4.2655,4.2703,4.2747,4.2789,4.2827,4.2863
4.2593,4.249,4.1973,4.0697,3.9886,3.9688,3.9952,4.0492,4.1164,4.1871,4.256,4.3202,4.3786,4.4309,4.4775,4.5188,4.5555,4.5882,4.6173,4.6434,4.6669,4.6881,4.7073,4.7248,4.7408,4.7555,4.769,4.7815,4.793,4.8038,4.8137,4.8231
3.8875,4.0342,4.198,4.2691,4.2447,4.2307,4.2467,4.2868,4.3408,4.4005,4.4604,4.5174,4.57,4.6176,4.6603,4.6985,4.7325,4.7629,4.79,4.8144,4.8364,4.8562,4.8742,4.8907,4.9057,4.9194,4.9321,4.9438,4.9546,4.9647,4.9741,4.9828
0.566,0.5702,0.7565,1.3363,1.8871,2.3493,2.7337,3.0557,3.3267,3.5551,3.7475,3.9089,4.0435,4.1551,4.2466,4.3207,4.3797,4.4256,4.4601,4.4848,4.5011,4.5101,4.5128,4.5102,4.503,4.4919,4.4776,4.4606,4.4414,4.4203,4.3976,4.3739
3.9058,3.7498,3.5198,3.2967,3.2662,3.335,3.45,3.5813,3.7131,3.8374,3.9509,4.0526,4.1428,4.2224,4.2927,4.3547,4.4096,4.4584,4.5019,4.5408,4.5759,4.6075,4.6362,4.6623,4.6862,4.7081,4.7283,4.7469,4.7642,4.7802,4.7951,4.8091
3.8215,3.9217,4.0302,4.0885,4.0895,4.0857,4.0875,4.0957,4.1089,4.1253,4.1436,4.1628,4.1822,4.2011,4.2193,4.2367,4.253,4.2683,4.2825,4.2957,4.308,4.3194,4.3299,4.3397,4.3487,4.3571,4.3649,4.3722,4.379,4.3853,4.3912,4.3967
3.8842,3.8905,3.8676,3.7907,3.7557,3.7756,3.8336,3.9112,3.9949,4.0767,4.1527,4.2211,4.2818,4.3353,4.3822,4.4234,4.4598,4.4919,4.5205,4.546,4.5689,4.5895,4.6082,4.6252,4.6408,4.655,4.6682,4.6803,4.6915,4.7019,4.7116,4.7206
0.8585,0.7443,0.922,1.5432,2.0463,2.4394,2.7622,3.0351,3.2691,3.4709,3.6451,3.795,3.9236,4.033,4.1254,4.2024,4.2657,4.3166,4.3563,4.386,4.4067,4.4194,4.4248,4.4237,4.4168,4.4048,4.3882,4.3675,4.3433,4.3159,4.2857,4.2531
3.8129,3.9166,4.0506,4.1636,4.2032,4.2306,4.2618,4.2981,4.3373,4.3768,4.415,4.4507,4.4835,4.5134,4.5402,4.5644,4.5861,4.6055,4.623,4.6388,4.6531,4.666,4.6777,4.6885,4.6983,4.7073,4.7156,4.7233,4.7304,4.737,4.7432,4.7489
3.817,3.8642,3.9284,3.997,4.0418,4.0867,4.1354,4.1859,4.2356,4.2827,4.326,4.3651,4.4001,4.4312,4.4588,4.4832,4.5049,4.5242,4.5415,4.5569,4.5708,4.5834,4.5948,4.6052,4.6147,4.6234,4.6314,4.6388,4.6457,4.6521,4.658,4.6635
3.8115,3.606,3.3326,3.1253,3.141,3.245,3.3784,3.5154,3.6449,3.7626,3.8675,3.9599,4.0411,4.1123,4.1748,4.2298,4.2784,4.3215,4.3599,4.3943,4.4252,4.4531,4.4784,4.5015,4.5225,4.5418,4.5596,4.576,4.5913,4.6054,4.6185,4.6308
3.8154,3.9497,4.0881,4.1594,4.1635,4.1626,4.1672,4.1778,4.1929,4.2108,4.2301,4.25,4.2696,4.2885,4.3065,4.3235,4.3394,4.3541,4.3678,4.3804,4.392,4.4028,4.4127,4.4218,4.4303,4.4382,4.4454,4.4522,4.4585,4.4644,4.4698,4.475
2.0859,2.0982,2.1717,2.4207,2.7035,2.965,3.1883,3.3726,3.5227,3.6448,3.7446,3.827,3.8956,3.9534,4.0026,4.0449,4.0817,4.1139,4.1424,4.1677,4.1903,4.2107,4.2291,4.2459,4.2612,4.2752,4.2881,4.3001,4.3111,4.3213,4.3309,4.3398
3.8809,3.9994,4.1342,4.1954,4.1749,4.162,4.1753,4.2114,4.2616,4.3182,4.3761,4.432,4.4842,4.532,4.5752,4.614,4.6487,4.6799,4.7078,4.733,4.7557,4.7762,4.7948,4.8118,4.8274,4.8416,4.8548,4.8669,4.8782,4.8886,4.8983,4.9074
0.7209,0.7108,0.9204,1.4913,1.9766,2.3748,2.7106,2.9982,3.2461,3.4601,3.6442,3.8021,3.9366,4.0502,4.145,4.2232,4.2864,4.3361,4.3739,4.4009,4.4184,4.4273,4.4287,4.4233,4.4121,4.3955,4.3744,4.3492,4.3205,4.2887,4.2543,4.2176
3.5594,3.7097,3.8379,3.8861,3.8903,3.8974,3.9106,3.928,3.9473,3.967,3.9861,4.004,4.0207,4.0358,4.0496,4.062,4.0732,4.0833,4.0924,4.1006,4.1081,4.1149,4.121,4.1267,4.1318,4.1366,4.1409,4.145,4.1487,4.1522,4.1555,4.1585
3.8575,3.894,3.9481,4.0121,4.0508,4.0836,4.1172,4.1531,4.1907,4.2287,4.2661,4.3021,4.336,4.3677,4.397,4.4239,4.4486,4.471,4.4916,4.5103,4.5274,4.543,4.5573,4.5704,4.5825,4.5936,4.6039,4.6134,4.6223,4.6305,4.6381,4.6453
1.2816,1.1809,1.2747,1.7713,2.236,2.6121,2.9211,3.1804,3.4008,3.5892,3.7503,3.8876,4.004,4.1018,4.183,4.2494,4.3025,4.3437,4.3742,4.3952,4.4076,4.4124,4.4104,4.4023,4.3887,4.3704,4.3479,4.3216,4.292,4.2595,4.2246,4.1875
3.9293,3.911,3.8838,3.8598,3.866,3.8919,3.9299,3.9745,4.0217,4.0692,4.1152,4.1588,4.1995,4.2372,4.2717,4.3033,4.3321,4.3583,4.3822,4.4039,4.4238,4.4419,4.4585,4.4737,4.4877,4.5006,4.5125,4.5236,4.5338,4.5434,4.5522,4.5606
4.3013,4.2392,4.123,3.9494,3.8639,3.8502,3.8852,3.9486,4.0258,4.1071,4.1869,4.262,4.331,4.3934,4.4496,4.4998,4.5446,4.5847,4.6207,4.653,4.6821,4.7085,4.7324,4.7542,4.7742,4.7925,4.8094,4.8249,4.8393,4.8527,4.8652,4.8769
3.9785,4.1134,4.2278,4.2659,4.2631,4.2638,4.2714,4.2843,4.3003,4.3176,4.3353,4.3524,4.3688,4.384,4.398,4.4109,4.4227,4.4335,4.4432,4.4521,4.4602,4.4676,4.4744,4.4806,4.4863,4.4916,4.4965,4.501,4.5051,4.509,4.5126,4.516
3.7492,3.8746,3.9939,4.039,4.0305,4.0243,4.0278,4.0398,4.0577,4.079,4.1021,4.1256,4.1488,4.1711,4.1923,4.2121,4.2306,4.2476,4.2634,4.2779,4.2913,4.3036,4.3149,4.3254,4.3351,4.344,4.3523,4.36,4.3671,4.3738,4.38,4.3858
0.8328,0.8104,0.9939,1.5381,2.0113,2.3995,2.7253,3.0034,3.2423,3.4479,3.6243,3.775,3.9028,4.0101,4.0992,4.1718,4.2297,4.2745,4.3075,4.3299,4.3429,4.3475,4.3446,4.3351,4.3197,4.299,4.2738,4.2446,4.2119,4.1762,4.1378,4.0972
3.8138,3.9365,4.0651,4.1327,4.1363,4.135,4.1395,4.1503,4.1657,4.184,4.2039,4.2242,4.2444,4.2639,4.2825,4.3,4.3164,4.3316,4.3457,4.3588,4.3708,4.3819,4.3922,4.4017,4.4104,4.4186,4.4261,4.4331,4.4396,4.4457,4.4514,4.4567
3.8948,4.0285,4.1793,4.2483,4.2298,4.2206,4.2387,4.279,4.3321,4.3903,4.4484,4.5036,4.5544,4.6004,4.6416,4.6784,4.7112,4.7405,4.7666,4.7901,4.8112,4.8303,4.8477,4.8634,4.8779,4.8911,4.9033,4.9146,4.925,4.9347,4.9437,4.9521
3.7261,3.8378,3.9388,3.9676,3.9545,3.9481,3.9534,3.9677,3.9878,4.0112,4.0359,4.0607,4.0848,4.1077,4.1292,4.1492,4.1676,4.1846,4.2002,4.2145,4.2276,4.2396,4.2506,4.2608,4.2701,4.2788,4.2868,4.2942,4.301,4.3075,4.3134,4.319
3.9879,3.7081,3.3956,3.2943,3.442,3.6267,3.7883,3.9169,4.0167,4.0944,4.1556,4.2049,4.2452,4.2787,4.3071,4.3314,4.3524,4.3709,4.3871,4.4015,4.4144,4.4261,4.4366,4.4461,4.4549,4.4629,4.4702,4.477,4.4833,4.4891,4.4946,4.4997
2.3996,2.9921,2.9205,2.7347,2.9585,3.2655,3.5407,3.7626,3.9367,4.0734,4.1822,4.2701,4.3425,4.4029,4.454,4.4979,4.5359,4.5692,4.5985,4.6246,4.648,4.669,4.688,4.7053,4.7211,4.7356,4.7489,4.7612,4.7725,4.7831,4.7929,4.8021
1.4385,1.3653,1.4376,1.8386,2.2328,2.5609,2.8345,3.0667,3.2663,3.4387,3.5879,3.7167,3.8275,3.9222,4.0025,4.0698,4.1254,4.1704,4.2058,4.2326,4.2516,4.2636,4.2693,4.2693,4.2641,4.2544,4.2406,4.2231,4.2024,4.1788,4.1526,4.1242
3.8577,3.8886,3.9342,3.9908,4.0326,4.0745,4.1196,4.167,4.2147,4.2612,4.3051,4.346,4.3834,4.4173,4.448,4.4756,4.5005,4.5228,4.543,4.5612,4.5776,4.5926,4.6062,4.6186,4.63,4.6405,4.6501,4.659,4.6673,4.675,4.6821,4.6888
3.5349,3.6704,3.8036,3.8703,3.8803,3.8875,3.8991,3.9144,3.9318,3.95,3.9681,3.9854,4.0016,4.0167,4.0305,4.0431,4.0546,4.065,4.0745,4.0831,4.0909,4.098,4.1046,4.1105,4.116,4.1211,4.1257,4.13,4.134,4.1377,4.1412,4.1444
3.7756,3.8706,3.9512,3.9713,3.9816,4.0162,4.0674,4.1255,4.1839,4.2391,4.2895,4.3347,4.3747,4.41,4.4411,4.4686,4.4928,4.5143,4.5335,4.5507,4.5661,4.58,4.5927,4.6042,4.6147,4.6243,4.6332,4.6414,4.649,4.656,4.6626,4.6687
3.7853,3.8839,3.9449,3.9297,3.9324,3.973,4.0344,4.1027,4.1701,4.2327,4.289,4.3387,4.3824,4.4205,4.4538,4.4831,4.5088,4.5316,4.5518,4.5698,4.586,4.6007,4.6139,4.626,4.637,4.6471,4.6564,4.6649,4.6729,4.6802,4.6871,4.6935
3.863,3.8578,3.8429,3.8209,3.8261,3.858,3.9081,3.9684,4.0326,4.0965,4.1576,4.2145,4.2667,4.3142,4.3571,4.3956,4.4303,4.4615,4.4896,4.515,4.5379,4.5588,4.5778,4.5951,4.611,4.6256,4.639,4.6515,4.663,4.6737,4.6837,4.693
3.8813,3.8632,3.814,3.7343,3.7143,3.7436,3.8021,3.874,3.9495,4.0228,4.0911,4.1532,4.2089,4.2584,4.3024,4.3415,4.3761,4.407,4.4346,4.4593,4.4816,4.5017,4.52,4.5366,4.5518,4.5658,4.5787,4.5905,4.6015,4.6117,4.6213,4.6301
3.7949,3.9212,4.0435,4.0927,4.085,4.0775,4.0784,4.0869,4.1009,4.1183,4.1376,4.1577,4.1777,4.1972,4.2158,4.2334,4.2499,4.2652,4.2794,4.2926,4.3047,4.316,4.3263,4.3359,4.3448,4.353,4.3606,4.3677,4.3743,4.3805,4.3862,4.3916
0.9302,0.9009,1.0216,1.4923,1.9616,2.3626,2.7013,2.9894,3.2361,3.4478,3.6292,3.7842,3.9157,4.0263,4.1182,4.1935,4.2538,4.3008,4.3357,4.36,4.3746,4.3808,4.3793,4.371,4.3568,4.3372,4.313,4.2846,4.2527,4.2177,4.1799,4.1398
3.902,4.0565,4.2499,4.4066,4.4548,4.4772,4.496,4.5165,4.5391,4.5631,4.5874,4.6113,4.6345,4.6564,4.6771,4.6963,4.7142,4.7307,4.7458,4.7598,4.7727,4.7845,4.7954,4.8055,4.8147,4.8233,4.8313,4.8387,4.8455,4.8519,4.8579,4.8635
2.4889,3.0686,2.8944,2.676,2.9534,3.2843,3.5554,3.7611,3.9163,4.0353,4.1288,4.2039,4.2653,4.3166,4.36,4.3972,4.4294,4.4576,4.4825,4.5047,4.5244,4.5423,4.5584,4.573,4.5864,4.5987,4.61,4.6204,4.63,4.639,4.6473,4.6551
2.0682,2.0036,2.1095,2.4679,2.754,2.9749,3.154,3.3031,3.4287,3.5346,3.6236,3.6976,3.7584,3.8075,3.846,3.8751,3.8956,3.9085,3.9146,3.9145,3.9089,3.8983,3.8834,3.8645,3.8422,3.8168,3.7887,3.7582,3.7256,3.6912,3.6553,3.6181
3.5672,3.7161,3.8383,3.8768,3.8781,3.8865,3.9031,3.9243,3.9474,3.9705,3.9927,4.0132,4.032,4.049,4.0643,4.078,4.0903,4.1013,4.1112,4.1201,4.1281,4.1354,4.142,4.1481,4.1536,4.1587,4.1634,4.1677,4.1718,4.1755,4.179,4.1822
3.8782,3.8546,3.8082,3.7438,3.7289,3.7541,3.8048,3.8689,3.9378,4.0064,4.0716,4.132,4.187,4.2367,4.2812,4.3211,4.3567,4.3887,4.4174,4.4432,4.4666,4.4877,4.5069,4.5245,4.5405,4.5552,4.5688,4.5814,4.593,4.6038,4.6138,4.6232
3.4435,3.6073,3.7581,3.8223,3.825,3.8263,3.8333,3.8452,3.8604,3.8772,3.8946,3.9118,3.9284,3.944,3.9586,3.9721,3.9844,3.9958,4.0062,4.0157,4.0244,4.0324,4.0397,4.0465,4.0527,4.0584,4.0637,4.0685,4.0731,4.0773,4.0813,4.085
0.4774,0.4965,0.7653,1.4207,1.9638,2.4064,2.7764,3.0895,3.3557,3.5817,3.773,3.9339,4.0681,4.179,4.2693,4.3415,4.3977,4.44,4.4701,4.4894,4.4993,4.5011,4.4959,4.4845,4.4679,4.4467,4.4217,4.3934,4.3624,4.3292,4.294,4.2574
4.2174,4.105,3.9331,3.7478,3.6992,3.7276,3.7964,3.8836,3.9764,4.0676,4.1533,4.232,4.3033,4.3671,4.4242,4.4751,4.5205,4.5611,4.5975,4.6302,4.6597,4.6864,4.7107,4.7328,4.7531,4.7717,4.7888,4.8046,4.8192,4.8328,4.8455,4.8573
4.2627,4.2489,4.213,4.1416,4.0993,4.0923,4.1141,4.1553,4.2076,4.2647,4.3223,4.378,4.4302,4.4783,4.5221,4.5617,4.5974,4.6296,4.6586,4.6848,4.7085,4.73,4.7495,4.7673,4.7837,4.7987,4.8125,4.8253,4.8371,4.8481,4.8583,4.8679
3.7907,3.9063,3.9852,3.9808,3.9834,4.0203,4.0772,4.1413,4.2051,4.2648,4.3188,4.3667,4.4089,4.4459,4.4783,4.5068,4.5319,4.5541,4.5738,4.5915,4.6073,4.6217,4.6346,4.6464,4.6572,4.6671,4.6762,4.6846,4.6924,4.6996,4.7063,4.7126
4.2096,4.2622,4.3221,4.3514,4.3492,4.3555,4.3772,4.4109,4.4513,4.4939,4.5359,4.5753,4.6116,4.6443,4.6736,4.6997,4.7229,4.7437,4.7622,4.7789,4.7938,4.8073,4.8196,4.8308,4.841,4.8504,4.859,4.867,4.8743,4.8812,4.8876,4.8935
0.7146,0.6748,0.8679,1.4747,2.0044,2.4366,2.798,3.1055,3.3695,3.5966,3.7917,3.9587,4.1009,4.2209,4.3213,4.404,4.471,4.5239,4.5643,4.5935,4.6128,4.6232,4.6257,4.6213,4.6107,4.5948,4.574,4.5491,4.5206,4.4889,4.4545,4.4178
4.1395,4.2912,4.482,4.6222,4.6438,4.6417,4.6422,4.649,4.6604,4.6737,4.6873,4.7002,4.7119,4.7224,4.7317,4.7398,4.747,4.7534,4.759,4.7641,4.7686,4.7727,4.7763,4.7797,4.7828,4.7856,4.7881,4.7905,4.7927,4.7948,4.7967,4.7985
3.5353,3.6909,3.8404,3.9156,3.9305,3.9431,3.9599,3.9801,4.0017,4.0235,4.0444,4.064,4.0821,4.0986,4.1135,4.127,4.1391,4.1501,4.1599,4.1689,4.1769,4.1843,4.191,4.1971,4.2027,4.2078,4.2126,4.217,4.2211,4.2248,4.2284,4.2316
3.6929,3.7985,3.8921,3.9125,3.8947,3.8858,3.8895,3.9029,3.9224,3.9454,3.9698,3.9944,4.0183,4.0411,4.0624,4.0823,4.1007,4.1176,4.1331,4.1473,4.1603,4.1722,4.1832,4.1933,4.2026,4.2112,4.2192,4.2265,4.2334,4.2397,4.2457,4.2512
3.8951,4.0529,4.2508,4.4117,4.4613,4.4837,4.5018,4.5213,4.5427,4.5653,4.5883,4.6111,4.6331,4.654,4.6737,4.6921,4.7091,4.7249,4.7394,4.7528,4.7652,4.7765,4.787,4.7967,4.8056,4.8139,4.8215,4.8286,4.8352,4.8414,4.8472,4.8525
3.8936,3.884,3.8517,3.7921,3.7744,3.7969,3.8452,3.9065,3.9718,4.0359,4.096,4.1508,4.2002,4.2442,4.2832,4.3179,4.3487,4.3762,4.4007,4.4227,4.4425,4.4604,4.4767,4.4915,4.505,4.5174,4.5289,4.5394,4.5492,4.5583,4.5667,4.5746
3.8305,3.6764,3.4681,3.3029,3.3085,3.3864,3.4917,3.6034,3.7117,3.8123,3.9034,3.985,4.0575,4.1217,4.1785,4.2288,4.2735,4.3133,4.3489,4.3808,4.4096,4.4356,4.4592,4.4807,4.5004,4.5185,4.5351,4.5505,4.5647,4.5779,4.5902,4.6017
3.873,3.7134,3.4935,3.3193,3.3382,3.4415,3.5746,3.7111,3.8392,3.9544,4.0559,4.1443,4.2212,4.2879,4.346,4.3968,4.4415,4.4809,4.516,4.5472,4.5753,4.6006,4.6235,4.6444,4.6635,4.6809,4.697,4.7119,4.7256,4.7384,4.7503,4.7614
0.7462,0.7294,0.9442,1.5216,2.0035,2.3966,2.7278,3.0115,3.2562,3.4675,3.6496,3.8059,3.9391,4.0519,4.1462,4.2241,4.2872,4.3371,4.3751,4.4025,4.4204,4.4299,4.4319,4.4272,4.4166,4.4008,4.3803,4.3558,4.3278,4.2967,4.2629,4.2269
4.0177,4.1338,4.2661,4.3445,4.3483,4.3427,4.3418,4.347,4.3567,4.3694,4.3837,4.3987,4.4137,4.4283,4.4423,4.4555,4.4678,4.4793,4.4899,4.4997,4.5087,4.5171,4.5248,4.5319,4.5385,4.5445,4.5502,4.5554,4.5603,4.5649,4.5691,4.5731
4.2634,4.2511,4.2102,4.1222,4.0729,4.0704,4.1034,4.158,4.2231,4.2911,4.3573,4.4193,4.476,4.5271,4.5729,4.6136,4.65,4.6824,4.7114,4.7374,4.7608,4.782,4.8012,4.8187,4.8347,4.8494,4.8629,4.8754,4.8869,4.8977,4.9077,4.917
4.1668,4.2896,4.4384,4.5402,4.5577,4.5668,4.5833,4.6065,4.6326,4.6587,4.6831,4.705,4.7243,4.7412,4.7559,4.7688,4.7801,4.79,4.7988,4.8067,4.8137,4.8201,4.8258,4.831,4.8358,4.8402,4.8442,4.8479,4.8513,4.8545,4.8575,4.8602
0.7969,0.7851,1.0076,1.584,2.0595,2.4474,2.7744,3.0548,3.2968,3.5058,3.6859,3.8403,3.972,4.0833,4.1764,4.2531,4.3152,4.3641,4.4012,4.4279,4.4451,4.4539,4.4553,4.4501,4.4389,4.4226,4.4018,4.3769,4.3485,4.3171,4.283,4.2467
1.9962,2.0148,2.1024,2.3759,2.6727,2.9389,3.1611,3.3412,3.4858,3.6021,3.6965,3.7739,3.8382,3.8922,3.9381,3.9775,4.0118,4.0417,4.0682,4.0917,4.1128,4.1317,4.1489,4.1645,4.1787,4.1918,4.2038,4.2148,4.2251,4.2346,4.2435,4.2518
4.2824,4.258,4.1996,4.0931,4.0356,4.029,4.0594,4.1122,4.1757,4.2423,4.3072,4.3681,4.4238,4.474,4.519,4.559,4.5947,4.6266,4.6551,4.6807,4.7037,4.7245,4.7434,4.7606,4.7764,4.7908,4.8041,4.8163,4.8277,4.8383,4.8481,4.8573
3.6331,3.7209,3.7924,3.797,3.7793,3.7751,3.7839,3.8011,3.8228,3.8464,3.8701,3.8931,3.9147,3.9347,3.953,3.9697,3.9848,3.9985,4.011,4.0223,4.0325,4.0418,4.0504,4.0581,4.0653,4.0719,4.0779,4.0835,4.0888,4.0936,4.0981,4.1023
3.8401,3.8842,3.8804,3.7979,3.7637,3.7852,3.84,3.9099,3.984,4.056,4.123,4.1838,4.2382,4.2865,4.3292,4.3671,4.4006,4.4305,4.4571,4.481,4.5025,4.5219,4.5395,4.5555,4.5702,4.5836,4.596,4.6075,4.618,4.6279,4.637,4.6456
3.8121,3.8558,3.9132,3.9704,4.0079,4.0485,4.0948,4.1441,4.1932,4.2399,4.283,4.3221,4.357,4.388,4.4154,4.4398,4.4614,4.4806,4.4978,4.5132,4.527,4.5395,4.5509,4.5612,4.5707,4.5794,4.5874,4.5947,4.6016,4.6079,4.6138,4.6193
0.4621,0.4576,0.7667,1.4619,1.9983,2.4286,2.7884,3.0945,3.3564,3.5808,3.7725,3.9356,4.0736,4.1894,4.2855,4.3643,4.4278,4.4776,4.5155,4.5428,4.5608,4.5707,4.5734,4.5699,4.5609,4.5472,4.5294,4.5081,4.4838,4.457,4.428,4.3973
1.0084,0.9831,1.0648,1.4625,1.9195,2.3368,2.6964,3.0015,3.2593,3.4769,3.66,3.8133,3.9405,4.045,4.1295,4.1963,4.2476,4.2851,4.3105,4.3252,4.3304,4.3274,4.3172,4.3006,4.2784,4.2515,4.2205,4.1859,4.1483,4.1081,4.0658,4.0218
3.8601,4.0338,4.2269,4.3412,4.3511,4.3458,4.3436,4.3469,4.3548,4.366,4.3792,4.3935,4.4082,4.4228,4.437,4.4507,4.4637,4.4759,4.4874,4.498,4.508,4.5173,4.5259,4.5339,4.5413,4.5482,4.5546,4.5606,4.5662,4.5714,4.5763,4.5809
4.2157,4.2293,4.2148,4.1351,4.0812,4.0763,4.1095,4.1648,4.2297,4.2961,4.3594,4.4176,4.47,4.5165,4.5576,4.5939,4.626,4.6545,4.6799,4.7025,4.7229,4.7413,4.758,4.7731,4.787,4.7997,4.8114,4.8221,4.8321,4.8414,4.8501,4.8581
0.4951,0.5052,0.7478,1.3874,1.935,2.3824,2.7552,3.0697,3.3362,3.5619,3.7525,3.9125,4.0457,4.1554,4.2444,4.3152,4.3702,4.4112,4.44,4.4581,4.4668,4.4675,4.4612,4.4488,4.4312,4.4091,4.3832,4.3541,4.3224,4.2884,4.2526,4.2154
2.1528,2.1554,2.2103,2.4316,2.701,2.9602,3.1882,3.3807,3.5403,3.6719,3.7807,3.8711,3.9469,4.0109,4.0656,4.1128,4.1538,4.1897,4.2215,4.2497,4.275,4.2977,4.3183,4.337,4.3541,4.3698,4.3842,4.3975,4.4098,4.4213,4.4319,4.4419
2.2895,2.2667,2.2785,2.4449,2.6952,2.9595,3.2065,3.4244,3.6114,3.7697,3.9032,4.0158,4.1112,4.1926,4.2625,4.323,4.3758,4.4221,4.4631,4.4995,4.5322,4.5616,4.5883,4.6125,4.6346,4.6548,4.6735,4.6907,4.7066,4.7214,4.7352,4.7481
1.4048,1.3289,1.417,1.8398,2.2337,2.5553,2.8222,3.0486,3.2431,3.411,3.5561,3.6813,3.7889,3.8805,3.958,4.0227,4.0759,4.1187,4.1521,4.177,4.1942,4.2046,4.2087,4.2073,4.2009,4.19,4.175,4.1565,4.1349,4.1104,4.0834,4.0543
0.754,0.7427,0.9607,1.5341,2.0124,2.4047,2.737,3.0232,3.2714,3.487,3.6738,3.8353,3.974,4.0924,4.1925,4.2761,4.345,4.4006,4.4443,4.4772,4.5006,4.5153,4.5224,4.5226,4.5167,4.5053,4.4892,4.4688,4.4447,4.4173,4.387,4.3543
1.4046,1.3165,1.4172,1.8715,2.2778,2.605,2.8763,3.1072,3.3066,3.4798,3.6305,3.7615,3.8749,3.9726,4.0561,4.1269,4.1861,4.2348,4.274,4.3046,4.3274,4.3431,4.3525,4.3561,4.3545,4.3482,4.3377,4.3235,4.3058,4.2852,4.2618,4.2361
2.029,1.9794,2.0145,2.307,2.6304,2.8927,3.0892,3.2343,3.3428,3.4256,3.4905,3.5424,3.585,3.6204,3.6503,3.676,3.6982,3.7177,3.7348,3.7501,3.7637,3.776,3.7871,3.7972,3.8064,3.8149,3.8227,3.8299,3.8365,3.8427,3.8484,3.8538
0.7961,0.7711,0.928,1.4811,2.0122,2.4601,2.8366,3.1564,3.4299,3.6643,3.865,4.0362,4.1814,4.3036,4.4052,4.4887,4.556,4.6088,4.6488,4.6774,4.6958,4.7053,4.7068,4.7013,4.6896,4.6726,4.6508,4.6249,4.5954,4.5629,4.5277,4.4903
3.9803,4.1055,4.2196,4.2598,4.2544,4.2525,4.2586,4.2709,4.2869,4.3047,4.3231,4.3412,4.3586,4.3748,4.39,4.4039,4.4167,4.4284,4.439,4.4487,4.4576,4.4657,4.4732,4.48,4.4863,4.4921,4.4974,4.5023,4.5069,4.5112,4.5152,4.5189
3.9101,4.0603,4.231,4.3452,4.3719,4.3847,4.3987,4.4158,4.4351,4.4556,4.4762,4.4963,4.5155,4.5335,4.5502,4.5656,4.5798,4.5928,4.6046,4.6155,4.6254,4.6345,4.6428,4.6505,4.6575,4.6641,4.6701,4.6757,4.6808,4.6857,4.6902,4.6944
1.4849,1.3889,1.4484,1.8588,2.2618,2.5927,2.8655,3.095,3.2906,3.4584,3.6027,3.7264,3.832,3.9216,3.9967,4.0589,4.1095,4.1496,4.1804,4.2026,4.2172,4.225,4.2266,4.2226,4.2138,4.2005,4.1833,4.1625,4.1387,4.1121,4.0832,4.0521
0.6645,0.6425,0.8179,1.3903,1.9191,2.3601,2.7309,3.0468,3.3179,3.551,3.7512,3.9225,4.0682,4.1912,4.2939,4.3786,4.4472,4.5015,4.5429,4.5729,4.5928,4.6037,4.6065,4.6023,4.5919,4.576,4.5552,4.5303,4.5017,4.47,4.4355,4.3988
3.8375,3.8944,3.9731,4.0524,4.0925,4.126,4.1623,4.2024,4.2444,4.2867,4.3276,4.3661,4.4019,4.4347,4.4646,4.4916,4.516,4.538,4.5579,4.5759,4.5923,4.6071,4.6207,4.6331,4.6444,4.6549,4.6645,4.6734,4.6816,4.6893,4.6964,4.7031
4.1965,4.2948,4.4172,4.4986,4.5017,4.4968,4.504,4.5248,4.5552,4.5908,4.6279,4.6644,4.6989,4.7307,4.7597,4.7858,4.8093,4.8304,4.8494,4.8664,4.8818,4.8958,4.9084,4.92,4.9305,4.9402,4.9491,4.9574,4.965,4.9721,4.9787,4.9849
3.8868,4.0082,4.1452,4.203,4.1764,4.1578,4.1669,4.1999,4.2481,4.3035,4.3607,4.4162,4.4682,4.516,4.5592,4.5982,4.6331,4.6645,4.6926,4.7179,4.7408,4.7614,4.7802,4.7974,4.813,4.8274,4.8407,4.8529,4.8643,4.8748,4.8846,4.8937
0.4884,0.5105,0.7364,1.3403,1.8761,2.3207,2.6933,3.0089,3.2773,3.5054,3.6987,3.8616,3.9979,4.1107,4.203,4.2771,4.3352,4.3794,4.4112,4.4322,4.4438,4.4471,4.4433,4.4334,4.418,4.3981,4.3742,4.347,4.317,4.2846,4.2503,4.2145
3.8379,3.7284,3.5621,3.3885,3.3532,3.3971,3.4832,3.5888,3.7004,3.8104,3.9145,4.0107,4.0985,4.1778,4.2492,4.3133,4.3708,4.4224,4.4689,4.5109,4.5488,4.5832,4.6146,4.6432,4.6694,4.6935,4.7157,4.7362,4.7553,4.7729,4.7894,4.8048
0.6757,0.6728,0.8611,1.4199,1.9282,2.3541,2.7148,3.0241,3.2911,3.5219,3.721,3.8923,4.0387,4.1631,4.2677,4.3546,4.4257,4.4826,4.5268,4.5597,4.5825,4.5963,4.6021,4.6008,4.5932,4.5801,4.5621,4.5397,4.5137,4.4843,4.4522,4.4176
3.988,4.127,4.278,4.3586,4.3588,4.3513,4.3497,4.3546,4.3643,4.3769,4.3912,4.4061,4.4211,4.4357,4.4496,4.4627,4.475,4.4865,4.4971,4.5068,4.5159,4.5242,4.5319,4.539,4.5456,4.5516,4.5573,4.5625,4.5674,4.5719,4.5762,4.5801
3.9864,4.1261,4.2827,4.3752,4.3822,4.3779,4.3775,4.3823,4.3911,4.4026,4.4155,4.429,4.4426,4.4557,4.4683,4.4802,4.4913,4.5016,4.5112,4.52,4.5282,4.5357,4.5427,4.5491,4.555,4.5605,4.5656,4.5704,4.5748,4.5789,4.5827,4.5863
3.8867,4.0088,4.1471,4.2048,4.1744,4.1503,4.1541,4.1829,4.2281,4.2818,4.3382,4.3937,4.4462,4.4947,4.539,4.579,4.615,4.6474,4.6766,4.7029,4.7267,4.7482,4.7678,4.7856,4.802,4.817,4.8308,4.8436,4.8554,4.8664,4.8766,4.8862
3.5534,3.6895,3.8325,3.918,3.9383,3.951,3.9656,3.9827,4.0011,4.0197,4.0379,4.0551,4.0712,4.0859,4.0994,4.1117,4.1229,4.133,4.1421,4.1504,4.158,4.1649,4.1711,4.1769,4.1822,4.187,4.1915,4.1957,4.1995,4.2031,4.2064,4.2095
3.8707,3.9238,3.985,4.0253,4.0412,4.0644,4.0981,4.1385,4.1818,4.2249,4.266,4.3042,4.3391,4.3706,4.3989,4.4243,4.447,4.4674,4.4857,4.5023,4.5172,4.5307,4.543,4.5542,4.5645,4.5739,4.5826,4.5906,4.5981,4.605,4.6114,4.6174
1.235,1.1223,1.3106,1.9056,2.3643,2.7177,3.0067,3.2507,3.4597,3.6398,3.7949,3.9283,4.0423,4.1392,4.2205,4.288,4.3431,4.3868,4.4204,4.4449,4.4612,4.4701,4.4724,4.4688,4.4598,4.4461,4.4282,4.4065,4.3815,4.3536,4.3231,4.2904
3.5076,3.6515,3.7882,3.853,3.8625,3.8713,3.8857,3.9045,3.9255,3.9472,3.9685,3.9888,4.0077,4.0251,4.041,4.0555,4.0685,4.0804,4.0911,4.1009,4.1097,4.1178,4.1251,4.1318,4.138,4.1437,4.1489,4.1538,4.1582,4.1624,4.1663,4.1699
3.5495,3.6739,3.7875,3.8347,3.8419,3.8544,3.8746,3.8993,3.9258,3.9521,3.9772,4.0004,4.0216,4.0408,4.058,4.0734,4.0872,4.0996,4.1107,4.1208,4.1298,4.138,4.1455,4.1523,4.1585,4.1643,4.1695,4.1744,4.1789,4.1831,4.187,4.1907
1.0139,1.0134,1.1589,1.6496,2.1415,2.566,2.9244,3.2272,3.4838,3.701,3.8843,4.0381,4.1658,4.2706,4.3551,4.4216,4.4722,4.5087,4.5328,4.5458,4.5491,4.5439,4.5312,4.5119,4.4869,4.457,4.4228,4.3849,4.3439,4.3003,4.2544,4.2068
3.8679,3.9088,3.9474,3.9584,3.9638,3.987,4.025,4.071,4.1196,4.1671,4.2118,4.2527,4.2896,4.3226,4.3521,4.3783,4.4017,4.4225,4.4411,4.4579,4.473,4.4866,4.499,4.5103,4.5207,4.5302,4.5389,4.547,4.5545,4.5614,4.5679,4.5739
4.2419,4.2303,4.1984,4.1332,4.0946,4.0886,4.1088,4.1464,4.1936,4.2445,4.2956,4.3445,4.39,4.4316,4.4694,4.5033,4.5338,4.5612,4.5858,4.608,4.628,4.6461,4.6626,4.6776,4.6914,4.704,4.7156,4.7263,4.7363,4.7455,4.7541,4.7622
3.8836,4.0476,4.2348,4.3255,4.3038,4.2869,4.299,4.3358,4.3876,4.446,4.5054,4.5625,4.6154,4.6637,4.7072,4.7462,4.781,4.8121,4.8401,4.8651,4.8877,4.9082,4.9268,4.9437,4.9591,4.9733,4.9864,4.9985,5.0097,5.0201,5.0297,5.0388
3.7937,3.9126,4.0039,4.0081,4.0032,4.0294,4.0773,4.1354,4.196,4.2546,4.3091,4.3585,4.4028,4.4421,4.477,4.5079,4.5353,4.5598,4.5816,4.6011,4.6187,4.6346,4.6491,4.6622,4.6743,4.6853,4.6954,4.7048,4.7135,4.7216,4.7291,4.7361
3.8344,3.6625,3.4175,3.2023,3.1988,3.2955,3.4325,3.5787,3.7192,3.8474,3.9614,4.0614,4.1486,4.2245,4.2907,4.3486,4.3995,4.4445,4.4845,4.5201,4.5521,4.581,4.6071,4.6309,4.6526,4.6726,4.6909,4.7078,4.7235,4.7381,4.7516,4.7643
2.1386,2.1241,2.1549,2.3566,2.6292,2.9027,3.1494,3.3613,3.5394,3.6877,3.8112,3.9145,4.0014,4.0751,4.1381,4.1926,4.24,4.2815,4.3183,4.3509,4.3802,4.4065,4.4304,4.452,4.4718,4.49,4.5067,4.5221,4.5363,4.5496,4.5619,4.5734
3.8169,3.7326,3.6174,3.5228,3.5277,3.5833,3.664,3.7554,3.8487,3.9389,4.0233,4.1007,4.1708,4.2339,4.2904,4.3409,4.3861,4.4266,4.4629,4.4957,4.5252,4.552,4.5764,4.5986,4.619,4.6377,4.6549,4.6708,4.6855,4.6992,4.712,4.7239
3.9996,4.1389,4.2689,4.3288,4.3351,4.3387,4.3465,4.3581,4.3722,4.3874,4.4029,4.4181,4.4327,4.4463,4.459,4.4707,4.4815,4.4913,4.5003,4.5085,4.516,4.5229,4.5292,4.5349,4.5403,4.5452,4.5497,4.5539,4.5578,4.5614,4.5648,4.568
3.9001,4.0731,4.2641,4.3842,4.4083,4.4178,4.4283,4.4419,4.4578,4.475,4.4925,4.5098,4.5264,4.5421,4.5568,4.5704,4.5829,4.5944,4.605,4.6146,4.6235,4.6316,4.6391,4.646,4.6523,4.6581,4.6636,4.6686,4.6732,4.6776,4.6816,4.6854
0.8197,0.7779,1.0082,1.676,2.2278,2.6633,3.0181,3.3128,3.56,3.7682,3.9434,4.0908,4.2143,4.3173,4.4026,4.4728,4.5299,4.5757,4.6119,4.6398,4.6605,4.6752,4.6846,4.6896,4.6909,4.689,4.6845,4.6777,4.6691,4.659,4.6477,4.6354
3.8264,3.6547,3.4262,3.2594,3.2889,3.3976,3.5323,3.669,3.7973,3.9133,4.0162,4.1066,4.1858,4.2551,4.3159,4.3693,4.4164,4.4581,4.4953,4.5285,4.5584,4.5854,4.6098,4.6321,4.6525,4.6711,4.6883,4.7042,4.7189,4.7325,4.7452,4.7571
3.8833,4.0468,4.2447,4.3948,4.4356,4.452,4.4654,4.4805,4.4978,4.5165,4.5359,4.5552,4.5741,4.5922,4.6093,4.6254,4.6404,4.6543,4.6671,4.679,4.6899,4.7,4.7094,4.718,4.726,4.7333,4.7402,4.7466,4.7525,4.758,4.7632,4.768
3.9093,3.8965,3.8803,3.8774,3.9029,3.9469,4.0022,4.0637,4.128,4.1926,4.2558,4.3166,4.3744,4.4288,4.4797,4.5272,4.5712,4.6121,4.6499,4.6848,4.7172,4.7471,4.7747,4.8004,4.8242,4.8463,4.8668,4.886,4.9038,4.9205,4.9361,4.9507
3.8823,3.9267,3.9762,4.0056,4.0185,4.0416,4.0763,4.1183,4.1632,4.2078,4.2504,4.2899,4.3259,4.3585,4.3877,4.414,4.4374,4.4585,4.4774,4.4945,4.5098,4.5238,4.5365,4.5481,4.5586,4.5684,4.5773,4.5856,4.5933,4.6004,4.6071,4.6133
3.6718,3.7888,3.8766,3.8738,3.8428,3.8254,3.8223,3.8295,3.8433,3.8611,3.8808,3.9011,3.9213,3.9407,3.9591,3.9763,3.9924,4.0072,4.0208,4.0334,4.0449,4.0556,4.0653,4.0743,4.0827,4.0903,4.0974,4.104,4.1102,4.1159,4.1212,4.1262
1.0219,1.0502,1.1868,1.6052,2.0556,2.4681,2.8272,3.1343,3.3949,3.6149,3.7996,3.9534,4.0802,4.1833,4.2655,4.3292,4.3768,4.4099,4.4305,4.44,4.4398,4.431,4.4148,4.3921,4.3637,4.3306,4.2933,4.2525,4.2087,4.1624,4.114,4.064
3.894,3.8997,3.8923,3.8592,3.8458,3.8612,3.8982,3.9476,4.0022,4.0572,4.1099,4.1588,4.2034,4.2437,4.2797,4.312,4.3408,4.3666,4.3898,4.4106,4.4294,4.4464,4.4619,4.4759,4.4888,4.5007,4.5116,4.5217,4.531,4.5397,4.5477,4.5553
3.8271,3.6868,3.4872,3.3087,3.2973,3.3649,3.466,3.5769,3.686,3.7877,3.88,3.9625,4.0357,4.1003,4.1574,4.2079,4.2527,4.2925,4.328,4.3599,4.3886,4.4145,4.4381,4.4595,4.4791,4.4971,4.5137,4.529,4.5432,4.5563,4.5686,4.58
3.5223,3.6706,3.8123,3.881,3.8909,3.8976,3.9081,3.922,3.9379,3.9544,3.9709,3.9867,4.0016,4.0154,4.0281,4.0397,4.0502,4.0598,4.0684,4.0764,4.0835,4.0901,4.0961,4.1016,4.1066,4.1113,4.1156,4.1195,4.1232,4.1267,4.1298,4.1328
3.9372,4.1505,4.3924,4.5011,4.4545,4.406,4.3899,4.404,4.438,4.4825,4.531,4.5794,4.6255,4.6682,4.7071,4.7422,4.7738,4.8022,4.8278,4.8508,4.8715,4.8903,4.9074,4.923,4.9372,4.9503,4.9624,4.9735,4.9838,4.9934,5.0023,5.0107
3.852,3.9343,4.0009,4.0143,4.0261,4.0627,4.1148,4.1727,4.2301,4.2839,4.3327,4.3761,4.4144,4.448,4.4775,4.5035,4.5265,4.5468,4.5649,4.581,4.5955,4.6087,4.6205,4.6314,4.6412,4.6503,4.6586,4.6663,4.6735,4.6801,4.6863,4.692
3.8505,3.7055,3.5322,3.4655,3.5646,3.7097,3.8535,3.9802,4.0868,4.1748,4.2474,4.3076,4.3577,4.4001,4.4361,4.4671,4.4941,4.5177,4.5385,4.5571,4.5737,4.5886,4.6021,4.6144,4.6256,4.6359,4.6453,4.654,4.6621,4.6696,4.6766,4.6831
0.7917,0.7654,0.9752,1.61,2.1604,2.6026,2.9644,3.2654,3.5182,3.7311,3.9105,4.0614,4.188,4.2937,4.3815,4.4537,4.5126,4.56,4.5975,4.6266,4.6484,4.664,4.6743,4.6801,4.6821,4.6808,4.6768,4.6706,4.6624,4.6528,4.6418,4.6299
3.821,3.8889,3.9771,4.0588,4.1024,4.1444,4.191,4.2406,4.2899,4.3369,4.3803,4.4195,4.4545,4.4856,4.5132,4.5376,4.5593,4.5785,4.5958,4.6112,4.625,4.6376,4.649,4.6593,4.6688,4.6775,4.6855,4.6929,4.6997,4.7061,4.712,4.7175
0.7587,0.7599,0.9662,1.5163,1.988,2.3779,2.7077,2.9909,3.2352,3.4463,3.6281,3.784,3.9168,4.0289,4.1226,4.1998,4.2621,4.3112,4.3483,4.3749,4.3919,4.4005,4.4016,4.396,4.3845,4.3679,4.3466,4.3213,4.2925,4.2606,4.2262,4.1894
0.7409,0.6783,0.8603,1.4509,1.9526,2.3563,2.6921,2.9777,3.2231,3.4346,3.6167,3.7731,3.9066,4.0198,4.1147,4.1933,4.2573,4.3082,4.3474,4.376,4.3952,4.406,4.4094,4.406,4.3968,4.3822,4.3631,4.3399,4.3131,4.2831,4.2505,4.2155
3.8614,3.9042,3.9421,3.9352,3.9187,3.9311,3.9727,4.0341,4.1055,4.1795,4.2514,4.3188,4.3805,4.4361,4.486,4.5304,4.5701,4.6054,4.6371,4.6655,4.6911,4.7143,4.7353,4.7544,4.7719,4.788,4.8028,4.8164,4.8291,4.8408,4.8517,4.8619
3.812,3.9641,4.1169,4.1915,4.194,4.1912,4.1942,4.2032,4.2168,4.2332,4.2512,4.2697,4.2882,4.3062,4.3233,4.3395,4.3546,4.3687,4.3818,4.3939,4.4051,4.4154,4.425,4.4338,4.4419,4.4495,4.4565,4.4631,4.4692,4.4748,4.4801,4.4851
3.8891,3.9069,3.9317,3.9588,3.9784,4.0014,4.0302,4.0641,4.101,4.1393,4.1773,4.214,4.2489,4.2815,4.3116,4.3394,4.3648,4.388,4.4091,4.4285,4.4461,4.4622,4.477,4.4906,4.5031,4.5146,4.5252,4.535,4.5442,4.5527,4.5606,4.568
3.8702,3.7153,3.4888,3.2747,3.2529,3.329,3.4493,3.5843,3.7184,3.8441,3.9583,4.0601,4.1502,4.2296,4.2994,4.361,4.4155,4.4638,4.5068,4.5453,4.58,4.6113,4.6396,4.6654,4.689,4.7107,4.7306,4.749,4.7661,4.7819,4.7966,4.8104
4.1985,3.7792,3.3127,3.134,3.2929,3.4987,3.6771,3.8177,3.9264,4.011,4.0779,4.1318,4.1761,4.213,4.2443,4.2711,4.2943,4.3147,4.3326,4.3486,4.3628,4.3757,4.3873,4.3979,4.4075,4.4163,4.4245,4.432,4.4389,4.4454,4.4514,4.457
4.2842,4.243,4.1547,4.0062,3.9285,3.9166,3.9504,4.0108,4.0837,4.1599,4.234,4.3031,4.3662,4.4229,4.4736,4.5187,4.5588,4.5946,4.6266,4.6553,4.6811,4.7045,4.7256,4.7449,4.7626,4.7787,4.7936,4.8074,4.8201,4.832,4.843,4.8532
4.2254,4.289,4.3766,4.4593,4.4915,4.5126,4.5359,4.5637,4.5947,4.6272,4.6593,4.6899,4.7183,4.7444,4.768,4.7893,4.8083,4.8255,4.8408,4.8547,4.8672,4.8785,4.8888,4.8982,4.9067,4.9146,4.9219,4.9285,4.9348,4.9405,4.9459,4.9509
4.2073,4.3317,4.4941,4.6194,4.6361,4.629,4.6267,4.6353,4.6534,4.6774,4.7043,4.7318,4.7585,4.7836,4.8068,4.8279,4.847,4.8643,4.8798,4.8939,4.9066,4.9181,4.9285,4.9381,4.9468,4.9548,4.9622,4.969,4.9754,4.9812,4.9867,4.9918
3.465,3.6258,3.77,3.8283,3.8307,3.8334,3.8425,3.8568,3.8742,3.8931,3.9123,3.931,3.9488,3.9655,3.9809,3.9951,4.0081,4.0199,4.0307,4.0406,4.0495,4.0577,4.0653,4.0721,4.0785,4.0843,4.0897,4.0947,4.0993,4.1037,4.1077,4.1114
3.6193,3.7052,3.768,3.7625,3.745,3.7449,3.7588,3.7809,3.8067,3.8335,3.8597,3.8845,3.9073,3.9281,3.9469,3.9638,3.9791,3.9928,4.0051,4.0162,4.0263,4.0354,4.0438,4.0514,4.0583,4.0647,4.0706,4.076,4.0811,4.0858,4.0901,4.0942
4.2551,4.2307,4.1726,4.0646,4.0026,3.9897,4.014,4.0615,4.1212,4.1852,4.2487,4.309,4.3647,4.4153,4.4608,4.5016,4.5382,4.5708,4.6001,4.6265,4.6502,4.6717,4.6913,4.709,4.7253,4.7403,4.754,4.7667,4.7785,4.7894,4.7996,4.8091
0.8569,0.8382,1.0761,1.7513,2.3199,2.7699,3.1336,3.4321,3.679,3.8834,4.0524,4.1915,4.3054,4.3977,4.4718,4.5303,4.5756,4.6096,4.6342,4.6507,4.6605,4.6646,4.664,4.6594,4.6515,4.641,4.6283,4.6138,4.598,4.5812,4.5635,4.5452
2.7715,3.1628,2.9264,2.7721,3.0401,3.3325,3.5646,3.738,3.8679,3.9671,4.0448,4.1072,4.1583,4.2008,4.2369,4.2677,4.2945,4.3179,4.3386,4.357,4.3734,4.3882,4.4016,4.4138,4.4249,4.435,4.4444,4.4531,4.4611,4.4685,4.4754,4.4819
3.5516,3.6773,3.8018,3.8649,3.8743,3.8809,3.8914,3.9054,3.9214,3.9382,3.9548,3.9708,3.9858,3.9997,4.0125,4.0242,4.0348,4.0445,4.0532,4.0612,4.0685,4.0751,4.0811,4.0867,4.0917,4.0964,4.1007,4.1047,4.1085,4.1119,4.1151,4.1181
3.653,3.75,3.8234,3.8192,3.7951,3.7869,3.7934,3.8093,3.8304,3.8539,3.878,3.9014,3.9236,3.9443,3.9633,3.9807,3.9965,4.0109,4.024,4.0358,4.0466,4.0565,4.0655,4.0737,4.0813,4.0882,4.0946,4.1006,4.1061,4.1112,4.116,4.1204
0.5964,0.6012,0.817,1.4437,2.0076,2.4706,2.853,3.1728,3.4421,3.6695,3.8615,4.0235,4.1597,4.2737,4.3687,4.4473,4.5117,4.5639,4.6056,4.6384,4.6634,4.6818,4.6946,4.7026,4.7064,4.7068,4.7044,4.6994,4.6925,4.6839,4.6739,4.6628
0.7295,0.678,0.9071,1.5472,2.0648,2.4785,2.8232,3.1167,3.3688,3.5858,3.7725,3.9324,4.0685,4.1835,4.2797,4.359,4.4231,4.4738,4.5124,4.5402,4.5584,4.568,4.5701,4.5653,4.5546,4.5386,4.5179,4.4932,4.4649,4.4335,4.3995,4.3632
3.4506,3.6182,3.7549,3.8005,3.8004,3.8037,3.814,3.8292,3.8471,3.866,3.8849,3.903,3.9199,3.9356,3.95,3.9631,3.975,3.9858,3.9956,4.0044,4.0125,4.0199,4.0266,4.0327,4.0384,4.0436,4.0483,4.0528,4.0569,4.0607,4.0643,4.0676
1.0032,0.9959,1.1181,1.5596,2.0135,2.4096,2.746,3.0316,3.2747,3.4818,3.6578,3.8067,3.9316,4.0354,4.1205,4.1889,4.2425,4.2829,4.3116,4.3299,4.3391,4.3401,4.3339,4.3214,4.3034,4.2805,4.2534,4.2226,4.1887,4.152,4.1131,4.0723
4.0433,4.2485,4.4793,4.5909,4.5666,4.5402,4.5365,4.5512,4.5759,4.6044,4.6329,4.6596,4.6837,4.7051,4.7239,4.7405,4.7551,4.768,4.7794,4.7896,4.7988,4.807,4.8145,4.8213,4.8275,4.8332,4.8385,4.8433,4.8478,4.8519,4.8558,4.8594
3.8618,3.7987,3.7037,3.6099,3.6021,3.6454,3.7171,3.8028,3.8934,3.9835,4.0699,4.1509,4.2257,4.2943,4.3568,4.4135,4.465,4.5116,4.5538,4.5922,4.6272,4.659,4.6881,4.7148,4.7393,4.7618,4.7827,4.802,4.8198,4.8365,4.852,4.8665
3.7758,3.5782,3.3266,3.1552,3.1846,3.2877,3.4143,3.5436,3.6665,3.7793,3.881,3.9715,4.0517,4.1226,4.1852,4.2406,4.2898,4.3335,4.3726,4.4077,4.4392,4.4677,4.4936,4.5172,4.5388,4.5586,4.5768,4.5937,4.6093,4.6237,4.6372,4.6498
4.0761,4.0364,3.9774,3.9247,3.9338,3.9812,4.0503,4.1299,4.2125,4.2936,4.3706,4.4421,4.5076,4.5671,4.6208,4.6692,4.7127,4.7519,4.7872,4.8191,4.848,4.8742,4.8981,4.9199,4.9399,4.9583,4.9752,4.9908,5.0053,5.0188,5.0314,5.0431
3.8053,3.6192,3.3711,3.1853,3.2072,3.3129,3.4469,3.5845,3.7146,3.8331,3.939,4.0325,4.1147,4.1869,4.2504,4.3064,4.3559,4.3998,4.439,4.4741,4.5056,4.5341,4.56,4.5835,4.605,4.6248,4.643,4.6597,4.6753,4.6897,4.7032,4.7157
4.23,4.2779,4.3124,4.2779,4.231,4.2166,4.234,4.2724,4.3213,4.3733,4.4241,4.4715,4.5145,4.553,4.5871,4.6174,4.6442,4.668,4.6892,4.7082,4.7252,4.7406,4.7546,4.7673,4.7789,4.7895,4.7993,4.8084,4.8167,4.8245,4.8317,4.8385
3.895,3.9058,3.9039,3.8742,3.8624,3.8798,3.919,3.9705,4.0266,4.0827,4.1361,4.1853,4.2299,4.27,4.3058,4.3377,4.3661,4.3916,4.4143,4.4347,4.4532,4.4698,4.485,4.4988,4.5114,4.523,4.5336,4.5435,4.5526,4.5611,4.569,4.5764
3.5545,3.6864,3.8032,3.8482,3.8532,3.8638,3.882,3.905,3.9298,3.9547,3.9784,4.0006,4.0208,4.0392,4.0557,4.0705,4.0837,4.0957,4.1064,4.1161,4.1248,4.1327,4.1399,4.1465,4.1525,4.158,4.1631,4.1679,4.1722,4.1763,4.18,4.1836
1.6322,1.6749,1.7972,2.1067,2.425,2.7169,2.9743,3.1977,3.3902,3.555,3.6953,3.8139,3.9131,3.995,4.0614,4.114,4.1542,4.1833,4.2024,4.2128,4.2152,4.2107,4.1999,4.1835,4.1623,4.1369,4.1076,4.0751,4.0397,4.0019,3.962,3.9203
3.8506,3.8799,3.8679,3.7874,3.7539,3.7744,3.8281,3.8978,3.9723,4.0454,4.1138,4.1763,4.2324,4.2825,4.3269,4.3664,4.4015,4.4327,4.4607,4.4857,4.5083,4.5287,4.5472,4.564,4.5794,4.5936,4.6066,4.6186,4.6298,4.6401,4.6497,4.6587
3.6585,3.7756,3.8564,3.8448,3.8146,3.8025,3.8058,3.8193,3.8386,3.8608,3.8838,3.9066,3.9283,3.9488,3.9677,3.9851,4.0009,4.0154,4.0286,4.0406,4.0515,4.0615,4.0707,4.0791,4.0868,4.0938,4.1004,4.1064,4.1121,4.1173,4.1222,4.1267
3.8845,3.8762,3.8284,3.7316,3.6991,3.7239,3.7819,3.8545,3.9303,4.0032,4.0704,4.1308,4.1846,4.232,4.2738,4.3107,4.3433,4.3722,4.398,4.421,4.4418,4.4605,4.4774,4.4929,4.507,4.5199,4.5319,4.5429,4.553,4.5625,4.5713,4.5795
3.5954,3.732,3.8545,3.9032,3.9076,3.9153,3.9295,3.948,3.9684,3.9891,4.0091,4.0279,4.0452,4.0609,4.0751,4.088,4.0995,4.1099,4.1192,4.1277,4.1353,4.1423,4.1486,4.1543,4.1596,4.1645,4.169,4.1731,4.1769,4.1805,4.1838,4.1869
3.9808,4.0658,4.1512,4.1937,4.204,4.2196,4.2425,4.2698,4.2986,4.3269,4.3537,4.3783,4.4008,4.4209,4.439,4.4552,4.4696,4.4826,4.4942,4.5046,4.5141,4.5226,4.5304,4.5375,4.544,4.5499,4.5554,4.5605,4.5652,4.5695,4.5736,4.5774
3.875,3.8558,3.8221,3.7838,3.7859,3.8192,3.8721,3.9353,4.0021,4.0682,4.1312,4.1896,4.2431,4.2916,4.3353,4.3745,4.4098,4.4415,4.47,4.4957,4.519,4.5401,4.5593,4.5769,4.5929,4.6077,4.6213,4.6339,4.6456,4.6564,4.6665,4.6759
0.7407,0.7275,0.957,1.6167,2.1842,2.6394,3.0112,3.3196,3.5773,3.7934,3.9744,4.1257,4.2517,4.3561,4.4419,4.5118,4.5681,4.6128,4.6475,4.6737,4.6927,4.7054,4.713,4.7162,4.7157,4.7121,4.7059,4.6975,4.6875,4.676,4.6634,4.6499
3.9279,3.9326,3.9404,3.9573,3.9817,4.0143,4.0531,4.0952,4.1385,4.1812,4.2221,4.2606,4.2963,4.3291,4.3591,4.3864,4.4112,4.4337,4.4542,4.4727,4.4896,4.5051,4.5191,4.5321,4.5439,4.5548,4.5649,4.5742,4.5829,4.5909,4.5984,4.6055
0.9355,0.8834,1.0446,1.6003,2.0935,2.4954,2.83,3.1139,3.357,3.5655,3.7442,3.8967,4.026,4.1345,4.2246,4.2981,4.3567,4.4021,4.4356,4.4585,4.4718,4.4767,4.474,4.4647,4.4494,4.4288,4.4036,4.3744,4.3417,4.3058,4.2673,4.2266
4.2178,4.2287,4.2259,4.181,4.1406,4.1271,4.1404,4.1732,4.218,4.2685,4.3204,4.371,4.4187,4.4628,4.503,4.5394,4.5722,4.6017,4.6284,4.6524,4.6741,4.6938,4.7117,4.7281,4.743,4.7568,4.7695,4.7812,4.792,4.8021,4.8114,4.8202
3.8049,3.8531,3.9145,3.9706,4.0048,4.0433,4.0889,4.1384,4.1883,4.2361,4.2804,4.3207,4.3567,4.3888,4.4172,4.4425,4.4649,4.4848,4.5027,4.5187,4.533,4.5461,4.5579,4.5686,4.5784,4.5875,4.5958,4.6034,4.6105,4.6171,4.6233,4.629
0.8922,0.8611,0.9925,1.4919,1.9813,2.3961,2.7452,3.0415,3.2947,3.5117,3.6972,3.8551,3.9888,4.1008,4.1935,4.269,4.329,4.3753,4.4092,4.4322,4.4454,4.4498,4.4465,4.4362,4.4199,4.3983,4.3719,4.3414,4.3073,4.2701,4.2302,4.188
4.1962,4.3168,4.4783,4.6131,4.6403,4.6399,4.6404,4.6492,4.666,4.6881,4.713,4.7386,4.7636,4.7872,4.8091,4.8291,4.8473,4.8638,4.8786,4.8921,4.9042,4.9153,4.9253,4.9345,4.9428,4.9505,4.9576,4.9642,4.9703,4.9759,4.9812,4.9861
0.6504,0.63,0.8438,1.4912,2.0601,2.5199,2.8971,3.2114,3.4756,3.6983,3.8863,4.0448,4.1779,4.2894,4.3821,4.4588,4.5216,4.5725,4.6132,4.6451,4.6694,4.6872,4.6996,4.7072,4.7109,4.7111,4.7085,4.7036,4.6967,4.6881,4.6782,4.6672
0.8604,0.8043,0.9821,1.5577,2.0498,2.4462,2.7753,3.0543,3.2929,3.4975,3.6726,3.8217,3.9479,4.0537,4.1412,4.2123,4.2689,4.3123,4.3441,4.3654,4.3774,4.381,4.3773,4.367,4.3509,4.3296,4.3039,4.2742,4.2411,4.205,4.1663,4.1254
3.7149,3.8326,3.9366,3.9632,3.9478,3.9401,3.9446,3.9586,3.9787,4.0022,4.0271,4.0523,4.0767,4.1,4.1219,4.1423,4.1611,4.1784,4.1943,4.2089,4.2223,4.2346,4.2459,4.2563,4.2658,4.2746,4.2828,4.2904,4.2974,4.304,4.3101,4.3158
4.228,4.284,4.356,4.4056,4.4042,4.3953,4.3951,4.4069,4.4293,4.4591,4.4933,4.5294,4.5657,4.601,4.6345,4.6658,4.6948,4.7215,4.746,4.7684,4.7889,4.8076,4.8248,4.8405,4.855,4.8683,4.8806,4.892,4.9026,4.9124,4.9216,4.9301
3.9173,3.9378,3.9641,3.99,4.0111,4.0393,4.075,4.1156,4.1579,4.1999,4.2399,4.2772,4.3115,4.3426,4.3707,4.396,4.4188,4.4393,4.4577,4.4744,4.4894,4.5031,4.5156,4.5269,4.5374,4.5469,4.5558,4.5639,4.5715,4.5785,4.585,4.5911
4.2,4.2823,4.3964,4.5006,4.5299,4.5383,4.547,4.5626,4.5852,4.6129,4.6435,4.6752,4.7065,4.7365,4.7647,4.7909,4.815,4.8371,4.8572,4.8755,4.8922,4.9074,4.9213,4.9341,4.9458,4.9566,4.9665,4.9757,4.9842,4.9921,4.9995,5.0064
3.9483,3.9432,3.9387,3.9495,3.9804,4.0238,4.0736,4.125,4.1753,4.2227,4.2663,4.3058,4.3414,4.3732,4.4016,4.4269,4.4495,4.4696,4.4878,4.504,4.5187,4.5321,4.5442,4.5552,4.5653,4.5746,4.5831,4.591,4.5983,4.6051,4.6115,4.6174
3.8186,3.6704,3.4485,3.2238,3.1835,3.2436,3.3537,3.4845,3.6194,3.7494,3.8702,3.9801,4.0788,4.167,4.2455,4.3152,4.3774,4.4329,4.4825,4.5271,4.5673,4.6037,4.6368,4.6669,4.6945,4.7198,4.7431,4.7646,4.7845,4.803,4.8203,4.8364
3.8164,3.8692,3.9372,4.0011,4.0394,4.0802,4.1272,4.1774,4.2277,4.2755,4.3197,4.3596,4.3953,4.427,4.4551,4.48,4.5021,4.5218,4.5393,4.555,4.5692,4.582,4.5936,4.6041,4.6138,4.6227,4.6308,4.6384,4.6453,4.6518,4.6578,4.6635
4.2463,4.2088,4.1309,4.0024,3.9349,3.9244,3.9546,4.0093,4.0763,4.1472,4.2169,4.2827,4.3432,4.3981,4.4474,4.4915,4.5309,4.5661,4.5977,4.626,4.6516,4.6747,4.6957,4.7149,4.7324,4.7485,4.7633,4.7769,4.7896,4.8013,4.8123,4.8225
4.0221,4.2532,4.5018,4.5871,4.5197,4.4598,4.4355,4.4401,4.462,4.492,4.5246,4.5565,4.5862,4.6132,4.6374,4.6589,4.678,4.695,4.7102,4.7238,4.736,4.747,4.757,4.7661,4.7744,4.782,4.789,4.7955,4.8015,4.8071,4.8123,4.8171
0.4977,0.5204,0.7492,1.3688,1.9211,2.377,2.7559,3.0742,3.3427,3.5695,3.7605,3.9209,4.0546,4.1653,4.256,4.3294,4.3876,4.4328,4.4666,4.4907,4.5063,4.5147,4.5169,4.5137,4.5061,4.4946,4.48,4.4626,4.4431,4.4217,4.3989,4.3749
3.9593,4.0995,4.2116,4.2411,4.2344,4.2342,4.2425,4.2569,4.2746,4.2937,4.313,4.3317,4.3493,4.3658,4.3809,4.3947,4.4072,4.4187,4.429,4.4385,4.4471,4.4549,4.462,4.4686,4.4746,4.4801,4.4852,4.49,4.4944,4.4984,4.5022,4.5058
4.1932,4.3038,4.4554,4.5918,4.6302,4.6411,4.6504,4.6653,4.686,4.7105,4.7368,4.7631,4.7885,4.8123,4.8342,4.8542,4.8722,4.8885,4.9033,4.9166,4.9286,4.9395,4.9494,4.9585,4.9668,4.9744,4.9814,4.9879,4.9939,4.9995,5.0047,5.0095
1.6641,1.6969,1.818,2.1348,2.4435,2.7137,2.9452,3.1428,3.3113,3.4542,3.5749,3.6758,3.7591,3.8267,3.8803,3.9215,3.9514,3.9715,3.9826,3.9859,3.9822,3.9723,3.9569,3.9367,3.9122,3.8841,3.8527,3.8186,3.7822,3.7436,3.7034,3.6618
3.8962,3.8979,3.8835,3.8428,3.8293,3.8488,3.8913,3.9462,4.0056,4.0646,4.1204,4.1717,4.2181,4.2597,4.2968,4.3298,4.3592,4.3855,4.409,4.4301,4.4491,4.4662,4.4819,4.4961,4.5091,4.521,4.532,4.5422,4.5516,4.5603,4.5684,4.576
4.2007,4.2564,4.3106,4.314,4.2922,4.2901,4.3111,4.3479,4.3925,4.4393,4.4846,4.5266,4.5647,4.5987,4.6289,4.6556,4.6792,4.7002,4.7189,4.7356,4.7507,4.7642,4.7765,4.7877,4.7979,4.8073,4.8159,4.8239,4.8313,4.8381,4.8445,4.8504
1.297,1.1874,1.3782,1.9832,2.4539,2.8177,3.1156,3.367,3.5821,3.7672,3.9263,4.0628,4.1792,4.2778,4.3602,4.4283,4.4834,4.5269,4.5599,4.5835,4.5986,4.6061,4.6068,4.6013,4.5905,4.5748,4.5548,4.5309,4.5037,4.4736,4.4408,4.4058
3.8499,4.0149,4.1896,4.2836,4.2888,4.2842,4.2839,4.2892,4.2991,4.3119,4.3266,4.3421,4.3578,4.3733,4.3883,4.4026,4.416,4.4287,4.4405,4.4515,4.4617,4.4711,4.4799,4.488,4.4956,4.5026,4.5091,4.5152,4.5208,4.5261,4.531,4.5357
2.4693,2.4225,2.402,2.5397,2.7866,3.0575,3.312,3.5349,3.7238,3.8815,4.0127,4.1222,4.2141,4.2919,4.3583,4.4156,4.4654,4.5091,4.5477,4.582,4.6127,4.6404,4.6654,4.6881,4.7089,4.728,4.7455,4.7616,4.7766,4.7905,4.8035,4.8155
3.7482,3.8716,3.9933,4.0461,4.043,4.041,4.0482,4.0635,4.0842,4.1079,4.1329,4.1581,4.1826,4.206,4.228,4.2484,4.2674,4.2848,4.3009,4.3156,4.3292,4.3416,4.353,4.3636,4.3733,4.3822,4.3905,4.3982,4.4054,4.412,4.4183,4.4241
3.8906,4.0443,4.2357,4.3882,4.4326,4.4513,4.4665,4.4835,4.5027,4.5233,4.5445,4.5657,4.5863,4.6059,4.6245,4.6419,4.6581,4.673,4.6869,4.6997,4.7114,4.7223,4.7323,4.7416,4.7501,4.7581,4.7654,4.7722,4.7786,4.7845,4.79,4.7952
0.7489,0.7153,0.926,1.5727,2.1311,2.5784,2.9443,3.2489,3.5048,3.7206,3.9028,4.0564,4.1855,4.2935,4.3835,4.4578,4.5187,4.568,4.6073,4.6381,4.6614,4.6785,4.6902,4.6973,4.7005,4.7004,4.6975,4.6922,4.6851,4.6763,4.6662,4.655
3.9007,4.0561,4.2542,4.4177,4.466,4.4852,4.5,4.5164,4.5351,4.5555,4.5765,4.5975,4.6179,4.6375,4.6559,4.6731,4.6892,4.704,4.7177,4.7303,4.7419,4.7526,4.7625,4.7716,4.78,4.7877,4.795,4.8017,4.8079,4.8137,4.8191,4.8242
0.8307,0.7757,1.0113,1.6964,2.2526,2.6874,3.0397,3.3313,3.5751,3.7797,3.9516,4.0956,4.2159,4.3158,4.3983,4.4658,4.5203,4.5638,4.5978,4.6236,4.6424,4.6553,4.6632,4.6667,4.6666,4.6635,4.6578,4.65,4.6404,4.6294,4.6172,4.6042
2.0175,1.9825,2.1034,2.4695,2.7738,3.0185,3.2229,3.3972,3.5471,3.6763,3.7874,3.8823,3.9629,4.0304,4.0862,4.1313,4.1669,4.1938,4.2128,4.2247,4.2302,4.2299,4.2244,4.2142,4.1998,4.1817,4.1601,4.1356,4.1085,4.079,4.0474,4.0141
0.7967,0.7615,0.9154,1.5055,2.0859,2.5734,2.9772,3.3141,3.5969,3.8351,4.0356,4.2038,4.3444,4.4609,4.5565,4.634,4.6958,4.7438,4.7799,4.8058,4.8226,4.8318,4.8343,4.8312,4.8231,4.8109,4.7952,4.7765,4.7554,4.7323,4.7074,4.6813
3.8381,3.8858,3.9401,3.9716,3.9806,3.9988,4.0298,4.0694,4.113,4.1571,4.1994,4.2389,4.2749,4.3075,4.3367,4.3629,4.3862,4.4072,4.4259,4.4428,4.458,4.4718,4.4844,4.4958,4.5063,4.5159,4.5247,4.5329,4.5404,4.5475,4.554,4.5601
4.2079,4.2673,4.3202,4.308,4.2709,4.2593,4.2759,4.3117,4.3573,4.4059,4.4535,4.4979,4.5381,4.5742,4.6062,4.6345,4.6597,4.682,4.7018,4.7196,4.7356,4.75,4.7631,4.775,4.7859,4.7958,4.805,4.8135,4.8213,4.8286,4.8354,4.8417
4.2806,4.2534,4.1766,4.0227,3.9328,3.9124,3.9419,4.0004,4.0724,4.1479,4.2212,4.2894,4.3513,4.4068,4.4562,4.5,4.5389,4.5735,4.6044,4.6321,4.657,4.6795,4.6999,4.7185,4.7354,4.751,4.7653,4.7786,4.7908,4.8022,4.8128,4.8227
1.036,1.0069,1.0861,1.4829,1.936,2.3477,2.7018,3.0027,3.2579,3.4741,3.657,3.811,3.9398,4.0464,4.1335,4.2033,4.2579,4.2989,4.3278,4.3462,4.3551,4.3558,4.3492,4.3361,4.3175,4.2939,4.2661,4.2347,4.2,4.1627,4.1231,4.0815
2.0045,1.9244,1.9726,2.2987,2.6079,2.853,3.0477,3.2049,3.3329,3.437,3.521,3.5877,3.6394,3.6779,3.7049,3.7217,3.7295,3.7294,3.7225,3.7094,3.691,3.668,3.6409,3.6104,3.5769,3.5408,3.5025,3.4624,3.4208,3.378,3.3343,3.2898
