z1,z2,z3,z4,z5,z6,z7,z8,z9,z10,z11,z12,z13
0.0,1.5308425,0.0,0.0,0.4713657,4.6280804,0.0,1.5221366,1.5904738,2.453591,0.0,3.0403152,1.3281122
0.0,2.1622531,0.0,0.0,0.25857544,5.821499,0.0,1.8088129,2.5068061,2.8779614,0.0,3.8695095,1.5400544
0.19759089,0.0,2.251557,0.0,7.664106,3.0330358,0.0,5.8010387,4.3811226,4.3449235,0.7516415,0.0,1.9833257
0.0,2.0859044,0.0,0.0,0.50778663,5.5158587,0.0,1.8058424,1.9921577,3.0375917,0.0,3.7240498,1.8626693
0.050926156,0.0,0.9099772,0.0,3.5307906,1.7143168,0.042667747,2.995446,2.2892468,1.8699977,0.4292076,0.0,0.61308086
0.0,0.0,0.5186907,0.0,2.6036968,1.4245138,0.65595067,2.1384816,1.5018631,1.5126867,0.4219207,0.0,0.0
0.0,2.4184992,0.0,0.0,0.29407975,6.341855,0.0,1.9276296,2.6411493,3.20537,0.0,4.2752485,1.8675407
0.19272831,0.0,0.11997667,0.0,1.5639898,1.5023984,0.8417091,1.3559548,1.2843525,1.2111572,0.38461244,0.0,0.0
0.0,2.0347629,0.0,0.0,0.4440907,5.543771,0.0,1.7759142,2.0146918,2.957454,0.0,3.7023869,1.737609
0.0,0.0,0.37809813,0.0,1.9397938,1.7698653,0.90428853,1.6131411,1.2857628,1.1956664,0.3907061,0.0,0.0
0.0,1.4530122,0.0,0.0,0.18165405,4.4551296,0.100619,1.4555959,2.0224895,2.1112487,0.0,2.7558353,0.681499
0.0,0.0,1.2631134,0.0,5.146325,1.8652916,1.1718532,4.028012,2.627715,3.1139245,0.79428685,0.0,0.0
0.0,2.5766501,0.0,0.0,0.3307238,6.61553,0.0,2.0133607,2.738798,3.384982,0.0,4.481948,2.06604
0.0,0.0,0.95525473,0.0,4.2439165,1.8681366,1.06468,3.3195376,2.215251,2.4997041,0.7444882,0.0,0.0
0.0,0.0,0.52839726,0.0,2.598215,1.4082692,0.31443265,2.4449131,1.67611,1.2788236,0.42110813,0.0,0.0
0.0,0.0,1.9583153,0.0,6.6415586,2.337711,0.28721324,5.178426,3.757388,3.876094,0.7343717,0.0,1.0830948
0.0,2.35457,0.0,0.0,0.26884136,6.203368,0.0,1.8862408,2.6372905,3.0839913,0.0,4.1479583,1.7618815
0.0,1.9564414,0.0,0.0,0.43671703,5.509245,0.0,1.7573981,1.9549168,2.890641,0.0,3.623491,1.7504964
0.0,2.125629,0.0,0.0,0.47531793,5.7518606,0.0,1.8430034,2.0360801,3.0653484,0.0,3.8315516,1.8982383
0.19797833,0.0,2.2423115,0.0,7.6134953,3.0444074,0.0,5.7733426,4.359521,4.3331923,0.7430431,0.0,1.9971676
0.0,0.0,0.3195392,0.0,1.5799016,1.4780365,0.92411906,1.2169802,1.0466434,1.2324632,0.3009568,0.0,0.0
0.0,2.487148,0.0,0.0,0.48087177,6.5005455,0.0,2.0373683,2.310024,3.4983065,0.0,4.339123,2.299438
0.0,2.2297013,0.0,0.0,0.26846656,5.952524,0.0,1.8325943,2.5026593,2.9763212,0.0,3.9592435,1.632527
0.0,2.426628,0.0,0.0,0.28827116,6.405058,0.0,1.9338927,2.6473472,3.2302876,0.0,4.302637,1.9085493
0.0,2.2956448,0.0,0.0,0.28748846,6.0460978,0.0,1.8663877,2.5439205,3.0621753,0.0,4.0423017,1.7019602
0.0,0.0,2.002516,0.0,6.671438,2.302187,0.3791773,5.217088,3.790591,4.00702,0.73067945,0.0,1.0788116
0.07740015,0.0,2.3741825,0.0,7.7493634,2.7419462,0.0,5.8868437,4.4693537,4.4226165,0.7868539,0.0,1.6995493
0.07433464,0.0,2.4495986,0.0,7.991647,2.7795177,0.0028201472,6.053923,4.5506434,4.6276064,0.74657774,0.0,1.7644982
0.0,2.385989,0.0,0.0,0.26164562,6.290637,0.0,1.8864796,2.6852205,3.1160975,0.0,4.2162843,1.8062531
0.0,2.366258,0.0,0.0,0.53978455,6.102051,0.0,1.9783237,2.1668646,3.353951,0.0,4.1200867,2.1660457
0.0,0.0,0.9139966,0.0,3.9312437,1.7447231,0.94625187,3.1668363,2.1320229,2.3289917,0.6209023,0.0,0.0
0.0,2.2390587,0.0,0.0,0.50264645,5.819319,0.0,1.8603964,2.1139402,3.2542858,0.0,3.9845927,1.9766392
0.0,0.0,0.9491931,0.0,3.8142188,1.6252513,1.04552,3.0340755,2.0461977,2.4650433,0.5928358,0.0,0.0
0.14351878,0.0,0.17445773,0.0,1.8335525,1.7236396,1.0451708,1.4958586,1.4030995,1.482649,0.43465805,0.0,0.0
0.0,0.0,0.86965275,0.0,3.9362383,1.6518276,0.85630226,3.154003,2.0740545,2.3250146,0.6616866,0.0,0.0
0.049955923,0.0,0.19009796,0.0,1.2816819,1.801212,0.89801395,1.0346302,0.9984999,0.83957326,0.31287116,0.037120465,0.0
0.046773586,0.0,2.435257,0.0,7.9817934,2.7038808,0.09131384,6.048534,4.51092,4.5646653,0.8080244,0.0,1.6032917
0.16645557,0.0,2.3279624,0.0,7.8017797,3.007535,0.0,5.910315,4.4709516,4.4305315,0.7945362,0.0,1.9437562
0.0,0.0,0.82178396,0.0,3.6738436,1.986477,1.0641797,2.956446,2.0475717,2.1835022,0.5938627,0.0,0.0
0.0,0.0,0.83336014,0.0,3.6020868,1.7408831,0.95909107,2.8878706,1.9706337,2.1564069,0.61332685,0.0,0.0
0.0,2.2026136,0.0,0.0,0.25136295,5.9410744,0.0,1.810432,2.5427718,2.950743,0.0,3.9709818,1.6111242
0.0,2.3484986,0.0,0.0,0.4548086,6.2221413,0.0,1.9621384,2.2187705,3.2972574,0.0,4.1372757,2.1321368
0.0,1.5579665,0.0,0.0,0.15473214,4.6311016,0.046847474,1.4841325,2.0966032,2.2150714,0.0,2.9207332,0.7713675
0.0,1.753509,0.0,0.0,0.44447425,5.0708456,0.0,1.6523551,1.8307073,2.7003672,0.0,3.3726687,1.4638854
0.17932145,0.0,2.3022263,0.0,7.7242546,3.018568,0.0,5.8556395,4.4284525,4.3861194,0.7905634,0.0,1.9649168
0.0,0.0,0.5605161,0.0,2.7587526,1.411642,0.66292673,2.242963,1.5327835,1.6134307,0.44009072,0.0,0.0
0.0,0.9277072,0.0,0.0,0.4936209,3.3753498,0.07292785,1.2561419,1.1981964,1.7809645,0.0,2.0223954,0.7123636
0.09786378,0.0,0.76265204,0.0,3.0217037,1.6443324,0.0,2.587411,2.0542734,1.5719062,0.3580515,0.0,0.6391838
0.01888872,0.0,1.835761,0.0,6.1289024,2.2260573,0.07738465,4.7696176,3.544147,3.5033534,0.691699,0.0,1.1425734
0.0,2.4085352,0.0,0.0,0.29824573,6.317294,0.0,1.9239467,2.6523685,3.191992,0.0,4.269981,1.8637339
0.0,0.0,1.2604921,0.0,5.0103793,1.761202,1.1052723,3.9920504,2.5930681,3.0808792,0.75510186,0.0,0.0
0.16824554,0.33497757,0.0,0.0,1.1347961,2.3122768,0.91707075,1.0600005,1.2374072,1.0028745,0.15742484,0.5826601,0.0
0.0,1.8082759,0.0,0.0,0.1830513,5.1194534,0.0,1.6078439,2.2976792,2.4848323,0.0,3.3495066,1.076718
0.09568243,0.0,1.1246033,0.0,4.4700866,1.998783,0.0,3.5743515,2.61142,2.329798,0.64111847,0.0,0.7847656
0.0,0.0,1.4222383,0.0,5.3164816,2.06922,0.08052978,4.239394,2.9954956,2.9094543,0.75383264,0.0,0.75935996
0.0,2.1718495,0.0,0.0,0.5042735,5.778432,0.0,1.8640599,2.0548656,3.1725543,0.0,3.8423214,1.9981812
0.0,0.0,1.3965609,0.0,4.9680295,1.7414173,0.5760513,3.9856985,2.8400908,3.0208344,0.68463475,0.0,0.49244666
0.11889488,0.0,0.24889165,0.0,2.5439367,2.2847416,1.3907433,1.9718227,1.715185,1.893081,0.67446536,0.0,0.0
0.13873626,0.0,0.22048049,0.0,2.2192388,1.9119698,1.1191095,1.7808369,1.5512981,1.6635308,0.55573916,0.0,0.0
0.028389167,0.0,0.7150162,0.0,2.7526143,1.3873032,0.10728909,2.4009237,1.8939521,1.4983364,0.33914748,0.0,0.45126706
0.0,0.0,2.104769,0.0,7.152485,2.4769244,0.37036753,5.581395,4.0452967,4.228945,0.8105063,0.0,1.1425837
0.0,0.0,0.4630151,0.0,2.1786978,1.8453714,0.9765378,1.804257,1.394148,1.3660535,0.42879012,0.0,0.0
0.0,2.4391968,0.0,0.0,0.30972043,6.3768463,0.0,1.9355948,2.6588838,3.2320974,0.0,4.3114376,1.9197811
0.0,1.1373639,0.0,0.0,0.7434749,3.18515,0.4086287,1.3977778,1.6569315,1.9117017,0.0,1.8677725,0.39795423
0.060807005,0.0,0.35762465,0.0,1.9877026,1.5095545,0.4525772,1.928426,1.3836851,0.97419405,0.44772136,0.0,0.0
0.0,2.7673247,0.0,0.0,0.5456279,6.93124,0.0,2.2023618,2.4645622,3.779773,0.0,4.680341,2.6056478
0.0,1.852956,0.0,0.0,0.6308028,4.3750963,0.0,1.6874274,2.220459,2.7720582,0.0,3.1780052,0.9865647
0.0,0.0,0.6917135,0.0,3.1619658,1.7006994,0.66409904,2.847281,1.9337286,1.7442663,0.5798433,0.0,0.0
0.0,0.65819734,0.0,0.0,0.61782336,2.9327786,0.18935412,1.2154253,0.9625952,1.5456489,0.0,1.608516,0.5456373
0.0,2.4497895,0.0,0.0,0.30870086,6.43536,0.0,1.9601189,2.6595912,3.2758904,0.0,4.331914,1.9429604
0.0,0.0,2.4374835,0.0,7.937754,2.6758277,0.3182649,6.165055,4.5379677,4.6839886,0.8823777,0.0,1.4123268
0.030306052,0.0,2.4480693,0.0,8.126795,2.8690464,0.05132048,6.269098,4.667389,4.6267333,0.8752249,0.0,1.6100912
0.0,0.0,0.8906001,0.0,3.9646888,1.863361,0.920722,3.1627734,2.10929,2.209223,0.6093857,0.0,0.0
0.071703635,0.0,2.4141514,0.0,7.957782,2.8064563,0.0025995653,6.0485997,4.5735183,4.5154324,0.8134374,0.0,1.7067544
0.0,0.8494682,0.0,0.0,0.67605567,2.3673267,0.6097676,1.115511,1.2709113,1.35354,0.0,1.1498997,0.09063213
0.0,1.9456663,0.0,0.0,0.18860613,5.407526,0.0,1.6560932,2.3652263,2.6190672,0.0,3.527881,1.251299
0.0,0.0,1.7501018,0.0,6.1348557,2.2453058,0.15348189,4.803784,3.4686,3.495569,0.7200367,0.0,1.0053569
0.0,0.0,0.79210675,0.0,3.4443579,1.661093,0.6094877,3.0997305,2.0599644,1.9456439,0.5564418,0.0,0.0
0.009989481,0.6618035,0.0,0.0,0.7928182,2.2103012,0.6330276,1.1131873,1.2304499,1.199102,0.0,0.9791222,0.0
0.0,1.9484911,0.0,0.0,0.19117749,5.366624,0.0,1.6834009,2.3983305,2.6254969,0.0,3.488707,1.1892602
0.0,0.0,2.0735693,0.0,6.7957397,2.2723472,0.5798738,5.3284407,3.847292,4.2005925,0.74649596,0.0,1.001779
0.018222414,0.0,0.24241747,0.0,1.8188308,1.8890702,1.0997468,1.4505814,1.2512858,1.4181042,0.40570825,0.0,0.0
0.0,0.0,2.0796256,0.0,6.7888308,2.24726,0.62083924,5.316294,3.8310723,4.224206,0.7701111,0.0,0.9744367
0.0,2.3592036,0.0,0.0,0.29767296,6.225321,0.0,1.9091436,2.5890489,3.1714134,0.0,4.19016,1.8258778
0.0,2.5627792,0.0,0.0,0.51746696,6.499655,0.0,2.068049,2.315367,3.5325825,0.0,4.358992,2.3491747
0.0,2.095557,0.0,0.0,0.4418623,5.6744175,0.0,1.8110027,2.0660148,3.0186584,0.0,3.790123,1.800355
0.0,0.0,0.81893706,0.0,3.6537046,1.7772862,0.8519745,2.9435906,1.9800447,2.0320318,0.5546252,0.0,0.0
0.0,1.3478336,0.0,0.0,0.68320733,3.459476,0.28746268,1.4711698,1.8405088,2.0922914,0.0,2.1687405,0.5052496
0.0,1.7424653,0.0,0.0,0.47324434,4.9708643,0.0,1.6391455,1.7526911,2.6378636,0.0,3.2823887,1.4803658
0.0,1.5078084,0.0,0.0,0.4702169,4.7546644,0.0,1.6020223,1.6993603,2.493706,0.0,3.0754814,1.2765706
0.0,2.3956583,0.0,0.0,0.52715224,6.244632,0.0,2.0024989,2.1914496,3.39128,0.0,4.141156,2.2214463
0.0,1.795423,0.0,0.0,0.4596808,5.0980043,0.0,1.6642675,1.809138,2.6962972,0.0,3.363925,1.5381577
0.0,2.3431537,0.0,0.0,0.2679833,6.1710587,0.0,1.881517,2.623364,3.0697927,0.0,4.117576,1.7413579
0.0,1.491173,0.0,0.0,0.5566751,3.4869342,0.24774621,1.4280834,1.9090866,2.120958,0.0,2.316804,0.5231314
0.0,2.0513096,0.0,0.0,0.23024243,5.622514,0.0,1.744184,2.442414,2.7457268,0.0,3.7181232,1.4001575
0.0,0.0,2.1262283,0.0,6.898829,2.204624,0.7252416,5.372174,3.8492208,4.271379,0.8031803,0.0,0.92248917
0.0,0.0,2.0017228,0.0,6.5417395,2.2172217,0.5291123,5.157927,3.7192192,4.0511103,0.7543872,0.0,0.9699631
0.0,2.3787227,0.0,0.0,0.2788159,6.2463055,0.0,1.8996804,2.6591485,3.1146452,0.0,4.179903,1.7940995
0.0,0.0,0.84541845,0.0,3.6797268,1.6307553,0.83588594,3.0132842,2.0064611,2.21627,0.5814795,0.0,0.0
0.0,2.4100728,0.0,0.0,0.29472232,6.273364,0.0,1.9359214,2.6372063,3.1833565,0.0,4.2039747,1.8344221
0.0,0.0,0.91194516,0.0,4.036603,1.8189542,0.99695665,3.2263675,2.1683435,2.3894231,0.6953637,0.0,0.0
0.0,1.9789193,0.0,0.0,0.45355484,5.47295,0.0,1.7644085,1.9773314,2.8997035,0.0,3.6504207,1.6830606
0.088599555,0.0,2.588763,0.0,8.68666,2.9702346,0.010959491,6.5467515,4.8781204,4.8878818,0.9023847,0.0,1.7739011
0.0,1.9408729,0.0,0.0,0.19545342,5.345789,0.0,1.6783476,2.3952315,2.6175542,0.0,3.479393,1.1878071
0.0,0.89062023,0.0,0.0,0.694499,2.3961494,0.5949868,1.1669388,1.3737704,1.3259575,0.0,1.1343589,0.02279665
0.0,1.8602664,0.0,0.0,0.1930968,5.1817007,0.0,1.639905,2.3094957,2.5447628,0.0,3.37545,1.1115615
0.0,2.4848328,0.0,0.0,0.30696276,6.460374,0.0,1.9765289,2.6973312,3.224672,0.0,4.3461685,1.9352559
0.07394862,0.0,0.3288475,0.0,2.348664,2.139204,1.3537041,1.907395,1.7481259,1.9263252,0.45007268,0.0,0.0
0.0,1.7784202,0.0,0.0,0.18256158,5.083684,0.0,1.5950772,2.2696218,2.4814343,0.0,3.3154182,1.0652575
0.048163153,0.0,0.29070914,0.0,1.750267,1.6319687,0.6909459,1.5845644,1.2343212,0.9686314,0.38426834,0.0,0.0
0.0,1.8767025,0.0,0.0,0.18601438,5.192956,0.0,1.6675242,2.321865,2.5891826,0.0,3.3549464,1.0623515
0.0,0.0,2.814214,0.0,9.419315,3.0881789,0.5395311,7.202146,5.1597924,5.5480456,1.1079965,0.0,1.4823062
0.0,0.0,2.1535313,0.0,7.435812,2.548495,0.3159858,5.7132335,4.1295624,4.2466564,0.8448502,0.0,1.1891052
0.0,1.9764309,0.0,0.0,0.45355898,5.3349133,0.0,1.7236373,1.9415306,2.8885627,0.0,3.5371444,1.7401834
0.0,1.9863267,0.0,0.0,0.49576813,5.317153,0.0,1.7442265,1.9212853,2.914728,0.0,3.5812736,1.7591355
0.0,2.07147,0.0,0.0,0.50173587,5.4735765,0.0,1.7933445,1.9887244,3.0115674,0.0,3.6915221,1.8293242
0.18314707,0.0,0.13729867,0.0,2.055202,2.3322177,1.292528,1.6002744,1.5305817,1.4928087,0.5736754,0.030604627,0.0
0.0,2.2753277,0.0,0.0,0.525529,5.971814,0.0,1.9304067,2.122145,3.2887805,0.0,3.9909718,2.1184106
0.0,0.0,0.60728306,0.0,2.7266078,1.4393964,0.50018036,2.5247855,1.7495886,1.5054486,0.44204244,0.0,0.0
0.049260356,0.0,2.6089683,0.0,8.532963,2.872575,0.07909587,6.456229,4.8086357,4.904562,0.84406173,0.0,1.7473236
0.08467439,0.0,2.424339,0.0,7.9401464,2.7500153,0.0026883483,5.9968176,4.523677,4.6017222,0.7341568,0.0,1.772143
0.0,0.75299484,0.0,0.0,0.5900809,3.0516238,0.12342912,1.2370704,1.0266306,1.6411245,0.0,1.7486333,0.6009729
0.0,2.342139,0.0,0.0,0.28428856,6.159753,0.0,1.9024082,2.603249,3.1049829,0.0,4.1298513,1.7537355
0.0,2.6139958,0.0,0.0,0.32931978,6.7013016,0.0,2.045113,2.7317178,3.4585555,0.0,4.5224752,2.101562
0.0,2.240364,0.0,0.0,0.25991353,5.9695454,0.0,1.8367676,2.5668783,2.9376903,0.0,3.987809,1.6175168
0.0,1.8321168,0.0,0.0,0.18714818,5.1359873,0.0,1.6195513,2.3059752,2.492501,0.0,3.3482215,1.0849555
0.0,0.0,2.8815322,0.0,9.646874,3.1071305,0.69662267,7.3637934,5.2523994,5.765339,1.1387899,0.0,1.4349104
0.0,1.8982897,0.0,0.0,0.451167,5.1759386,0.0,1.6744485,1.8827329,2.826778,0.0,3.4463398,1.6527406
0.0,2.3660772,0.0,0.0,0.53287584,6.182762,0.0,1.9850135,2.177022,3.3845801,0.0,4.1456094,2.2115266
0.0,2.5310977,0.0,0.0,0.31273693,6.5320606,0.0,1.9960232,2.7293293,3.346058,0.0,4.3874903,1.9832491
0.0,2.0341814,0.0,0.0,0.45195577,5.597666,0.0,1.8032432,2.0210164,2.9617188,0.0,3.7292044,1.7711078
0.0,2.019457,0.0,0.0,0.23007685,5.4727116,0.0,1.7539879,2.427004,2.7746084,0.0,3.608448,1.2461787
0.2443624,0.0,0.04283157,0.0,1.605335,2.2592616,1.1987369,1.2738413,1.3389165,1.1855158,0.5187952,0.09384793,0.0
0.0,0.0,2.1210842,0.0,7.089965,2.423708,0.41502953,5.526745,4.0009627,4.2530107,0.7920105,0.0,1.1307358
0.0,0.0,2.8579247,0.0,9.324163,3.0764818,0.52528673,7.196401,5.210829,5.5896235,1.0042139,0.0,1.5609509
0.0,2.3569367,0.0,0.0,0.29005715,6.2352304,0.0,1.9166446,2.6254838,3.1001072,0.0,4.180286,1.7927067
0.065820076,0.0,1.1923568,0.0,4.609868,1.9760646,0.0,3.7061915,2.7174885,2.435276,0.6346356,0.0,0.7408704
0.0,0.0,1.9628023,0.0,6.573102,2.293801,0.23487215,5.095051,3.7284667,3.850611,0.7234352,0.0,1.138556
0.0,0.0,1.7794262,0.0,6.0853405,2.2456481,0.13151656,4.807277,3.50518,3.5037115,0.67522573,0.0,1.0542767
0.0,1.4420431,0.0,0.0,0.18525523,4.41996,0.107822776,1.4546235,2.0068822,2.104684,0.0,2.7232437,0.6709697
0.0,0.0,0.65719527,0.0,3.147013,1.6271611,0.7618064,2.576249,1.762434,1.8028014,0.5342115,0.0,0.0
0.0,1.0993276,0.0,0.0,0.440284,3.719804,0.016295698,1.2948121,1.3067487,1.9701998,0.0,2.3036716,0.85667014
0.0,1.8481667,0.0,0.0,0.45646933,5.086871,0.0,1.6433392,1.8363863,2.7728245,0.0,3.402985,1.5909162
0.1319694,0.0,2.4590461,0.0,8.299088,2.9536204,0.0,6.237065,4.6843033,4.6642013,0.8427521,0.0,1.848137
0.06367229,0.0,2.5026145,0.0,8.314286,2.897606,0.011415506,6.3156967,4.736037,4.67738,0.87567097,0.0,1.7134912
0.0,2.0963812,0.0,0.0,0.21255232,5.7110434,0.0,1.734179,2.5006607,2.779656,0.0,3.7684453,1.434733
0.0,2.3659558,0.0,0.0,0.5167031,6.159113,0.0,1.9592313,2.1589231,3.3473718,0.0,4.113419,2.1829016
0.0,2.3631024,0.0,0.0,0.28265816,6.192034,0.0,1.9078993,2.618292,3.116497,0.0,4.1425743,1.769564
0.0,2.055303,0.0,0.0,0.48279962,5.4505796,0.0,1.776145,1.9892164,2.985728,0.0,3.6769283,1.8215618
0.0,2.4453435,0.0,0.0,0.28126007,6.447097,0.0,1.9253818,2.702364,3.1978033,0.0,4.336349,1.9167614
0.0,2.0311372,0.0,0.0,0.47782746,5.405982,0.0,1.7616279,1.9717647,2.9576542,0.0,3.631975,1.7952116
0.0,1.6132066,0.0,0.0,0.1629715,4.697776,0.008916041,1.5264013,2.1355937,2.2865398,0.0,2.9989111,0.81703246
0.0,2.3185625,0.0,0.0,0.50567573,5.979088,0.0,1.92039,2.1681242,3.308836,0.0,4.0479712,2.1058059
0.0,2.3189132,0.0,0.0,0.29217046,6.1201315,0.0,1.8988025,2.5932906,3.0390186,0.0,4.1094003,1.7301171
0.0,1.9908772,0.0,0.0,0.4741357,5.355777,0.0,1.737526,1.941209,2.9380767,0.0,3.5987833,1.7706189
0.0,0.0,1.9772782,0.0,6.541136,2.270266,0.35975483,5.1368885,3.7497158,3.9585302,0.7102097,0.0,1.0860635
0.0,0.0,0.9241281,0.0,4.048719,1.8857229,0.96253127,3.2684696,2.1855712,2.3070567,0.6419943,0.0,0.0
0.0,0.0,0.8284328,0.0,3.5899982,1.6730436,0.878923,2.9228127,2.00061,2.1287017,0.54919386,0.0,0.0
0.0,1.9641631,0.0,0.0,0.43870205,5.3260345,0.0,1.699485,1.9035221,2.8597777,0.0,3.54549,1.6629722
0.0,1.8180206,0.0,0.0,0.45708254,5.1101456,0.0,1.6529773,1.7899313,2.7221162,0.0,3.3742943,1.5966614
0.083393894,0.0,0.8342635,0.0,3.2658267,1.6885233,0.0,2.7728717,2.1601746,1.7242527,0.37289202,0.0,0.6557544
0.0,0.0,0.7516753,0.0,3.3789136,1.6432436,0.8204756,2.7516198,1.8815582,1.9897696,0.49845427,0.0,0.0
0.22581142,0.0,0.081789665,0.0,1.7960309,2.2609181,1.2142106,1.4208355,1.4339168,1.3311774,0.52005714,0.056462493,0.0
0.006291181,0.0,0.28627056,0.0,1.5661323,1.8041832,0.8991649,1.3638933,1.1753094,0.98307407,0.38402748,0.0,0.0
0.0,2.11542,0.0,0.0,0.46573547,5.655714,0.0,1.7957387,2.0273638,3.0989532,0.0,3.774848,1.9024494
0.0,1.9153359,0.0,0.0,0.17504317,5.328334,0.0,1.6392287,2.3515692,2.5620005,0.0,3.4713857,1.1936303
0.0,0.0,0.84189224,0.0,3.7746956,1.7455568,0.91005737,3.0354056,2.0635903,2.197291,0.5904275,0.0,0.0
0.0,2.1847885,0.0,0.0,0.48102763,5.7276335,0.0,1.8216841,2.071598,3.176855,0.0,3.8879137,1.9358157
0.19119045,0.0,2.2990117,0.0,7.8107057,3.0378866,0.0,5.8981605,4.4594603,4.421406,0.7730451,0.0,1.9812862
0.0,0.0,2.674221,0.0,8.728158,2.9617112,0.23913537,6.7310143,4.9496856,5.1292386,0.9183494,0.0,1.6428456
0.0,2.0976183,0.0,0.0,0.42214376,5.681916,0.0,1.8000792,2.044,2.982587,0.0,3.7540379,1.8610512
0.0,2.3028219,0.0,0.0,0.2806924,6.0939894,0.0,1.8715991,2.5564735,3.060912,0.0,4.0727906,1.7157052
0.0,0.0,0.3310651,0.0,1.8078752,1.7228252,0.84647095,1.5192915,1.2298361,1.1044372,0.32762456,0.0,0.0
0.0,1.9332573,0.0,0.0,0.19026892,5.3672085,0.0,1.6638795,2.3621483,2.621651,0.0,3.5026808,1.208871
0.0575839,0.0,0.2661749,0.0,1.5975883,1.5786471,0.6688431,1.4732759,1.1885018,0.9065926,0.33136243,0.0,0.0
0.0,2.2443147,0.0,0.0,0.25829825,6.036127,0.0,1.830959,2.5640042,2.9762373,0.0,4.0280976,1.6701466
0.0,2.1619368,0.0,0.0,0.23421645,5.8758793,0.0,1.7811272,2.5033817,2.8836677,0.0,3.8936212,1.5605228
0.0,1.7031705,0.0,0.0,0.44967213,5.0071344,0.0,1.632232,1.7954638,2.6647909,0.0,3.327574,1.431165
0.0,2.2159204,0.0,0.0,0.24005893,6.0215263,0.0,1.8205538,2.5691066,2.9822323,0.0,4.0155287,1.6175778
0.0,1.8298218,0.0,0.0,0.4691246,5.1149406,0.0,1.658589,1.8004056,2.7281358,0.0,3.4143152,1.5941832
0.16103229,0.0,2.4046986,0.0,8.100053,2.9924238,0.0,6.0949593,4.5953465,4.591919,0.80341625,0.0,1.9435104
0.0,0.0,2.8589225,0.0,9.600824,3.1214552,0.6275192,7.328293,5.224629,5.6889772,1.147053,0.0,1.4503691
0.0,2.0891857,0.0,0.0,0.24491878,5.6938925,0.0,1.772151,2.4703362,2.7983534,0.0,3.779806,1.4548215
0.0,2.3810072,0.0,0.0,0.5336257,6.159505,0.0,1.9909282,2.1772876,3.3608842,0.0,4.1190825,2.1974654
0.11703426,0.0,2.5033832,0.0,8.436927,2.9617784,0.0,6.3438625,4.7597675,4.730525,0.8632085,0.0,1.8258895
0.0,2.3737075,0.0,0.0,0.30491373,6.221037,0.0,1.9184816,2.5924027,3.1778333,0.0,4.188825,1.8276219
0.0,1.2301519,0.0,0.0,0.45549017,3.951199,0.0,1.3621126,1.3866078,2.1123316,0.0,2.4672835,0.9959359
0.07440673,0.0,0.16597384,0.0,1.8994874,2.0512972,1.147738,1.4669149,1.3264887,1.4818115,0.3624555,0.0058829226,0.0
0.0,1.9199302,0.0,0.0,0.18950395,5.320856,0.0,1.6556728,2.3523016,2.6086228,0.0,3.4762988,1.1942718
0.0,2.3257337,0.0,0.0,0.2793339,6.1217146,0.0,1.8876984,2.593777,3.0729492,0.0,4.082312,1.7232966
0.0,2.088164,0.0,0.0,0.21759103,5.661828,0.0,1.7407707,2.4615636,2.7669053,0.0,3.7288659,1.412549
0.0,2.2186456,0.0,0.0,0.23698582,5.9772882,0.0,1.7943572,2.5917144,2.9508877,0.0,3.993437,1.6212068
0.0,2.3012993,0.0,0.0,0.5514193,5.989047,0.0,1.951893,2.130114,3.330129,0.0,4.032485,2.1313517
0.07259346,0.0,2.5544686,0.0,8.386666,2.856194,0.032736998,6.325056,4.741096,4.823412,0.8128735,0.0,1.7893887
0.0,2.5048597,0.0,0.0,0.54149705,6.359149,0.0,2.0475476,2.2573175,3.4921339,0.0,4.2851286,2.3124907
0.010980777,0.0,2.0383885,0.0,6.8331013,2.4411466,0.10752453,5.3170547,3.9456553,3.8942072,0.75770444,0.0,1.2664604
0.012072602,0.0,1.4039919,0.0,5.225909,2.0592256,0.045809917,4.185115,2.9813397,2.8580859,0.7100683,0.0,0.7934993
0.0,1.0564995,0.0,0.0,0.47524294,3.6828434,0.02627727,1.3105407,1.2816626,1.9598817,0.0,2.2506258,0.8617429
0.0,0.6633591,0.0,0.0,0.6385735,2.9313633,0.18072273,1.2337893,0.95568836,1.5644735,0.0,1.6166551,0.5545137
0.0,1.6735697,0.0,0.0,0.43576947,4.954747,0.0,1.6044089,1.7728982,2.636032,0.0,3.274347,1.4102128
0.0,2.4718301,0.0,0.0,0.28753862,6.478692,0.0,1.9536299,2.7071054,3.2405717,0.0,4.3682494,1.9228269
0.0,1.847116,0.0,0.0,0.44523188,5.0506325,0.0,1.6436284,1.8257365,2.7242355,0.0,3.323213,1.6199746
0.05509002,0.0,2.4364326,0.0,7.916383,2.7195525,0.046163104,6.002298,4.521711,4.544793,0.8015819,0.0,1.6731234
0.0,1.9743328,0.0,0.0,0.21749166,5.4225473,0.0,1.7064471,2.3870916,2.6706116,0.0,3.559121,1.2735294
0.0,1.4017992,0.0,0.0,0.46054345,4.4125853,0.0,1.4744431,1.5592232,2.3332207,0.0,2.8881524,1.1016393
0.0,1.8651962,0.0,0.0,0.19187164,5.164955,0.0,1.670566,2.3093374,2.5826461,0.0,3.33774,1.0511562
0.0,0.0,2.0413373,0.0,6.725967,2.2703762,0.5778151,5.2901034,3.8196037,4.14761,0.7571943,0.0,0.97016644
0.0,0.0,2.7844825,0.0,9.389455,3.0876646,0.4810026,7.1516395,5.144442,5.4821916,1.0869194,0.0,1.5148169
0.0912485,0.0,2.45841,0.0,8.1129265,2.8234885,0.0,6.1213813,4.6104984,4.6687202,0.77536726,0.0,1.7992101
0.0,2.3636642,0.0,0.0,0.2837491,6.212371,0.0,1.9066452,2.6310797,3.1142342,0.0,4.1549907,1.7809349
0.0,2.339297,0.0,0.0,0.27922946,6.1598635,0.0,1.8888868,2.636859,3.0611367,0.0,4.1336975,1.7485625
0.0,2.1770432,0.0,0.0,0.51798207,5.6566696,0.0,1.8568312,2.0539181,3.1220706,0.0,3.8189454,1.9459847
0.0,2.413822,0.0,0.0,0.30215868,6.328167,0.0,1.946146,2.6648078,3.180558,0.0,4.253807,1.8546016
0.0,0.0,0.7160076,0.0,3.3331501,1.6407264,0.7749408,2.734348,1.8540729,1.9134467,0.5401539,0.0,0.0
0.0,1.6949775,0.0,0.0,0.4544017,4.8697767,0.0,1.6008061,1.7216301,2.5739856,0.0,3.2016091,1.423545
0.0,0.7526216,0.0,0.0,0.5898408,3.0769608,0.13121188,1.2425236,1.0343258,1.6621873,0.0,1.7411386,0.6034284
0.0,2.1527004,0.0,0.0,0.2277842,5.772249,0.0,1.7864578,2.5443065,2.8442807,0.0,3.8084338,1.4446023
0.0,2.0250182,0.0,0.0,0.46838844,5.5627604,0.0,1.791457,1.967482,2.9567134,0.0,3.6849716,1.8067935
0.0,1.8946109,0.0,0.0,0.42099473,5.3099422,0.0,1.710927,1.9272015,2.7825665,0.0,3.458336,1.5891694
0.0,0.0,1.9604975,0.0,6.307068,2.125559,0.49789158,4.969263,3.6302652,3.9447026,0.6752417,0.0,0.9994183
0.0,1.574908,0.0,0.0,0.15783395,4.6661835,0.022859503,1.5047659,2.111632,2.2588902,0.0,2.9635465,0.79750735
0.0,0.7033573,0.0,0.0,0.6218266,2.9611223,0.14701147,1.2453997,0.9957748,1.5859247,0.0,1.6838182,0.56178176
0.15399833,0.0,0.16447765,0.0,1.7318896,1.6524528,1.0093203,1.4421871,1.3813386,1.423888,0.41394916,0.0,0.0
0.0,2.2257147,0.0,0.0,0.23844278,6.0144186,0.0,1.8202227,2.5540009,2.9963708,0.0,4.0338607,1.6090947
0.0,2.2888951,0.0,0.0,0.2819556,6.110574,0.0,1.8709728,2.5436034,3.0693703,0.0,4.083084,1.7432168
0.22629921,0.0,0.067777164,0.0,1.7573466,2.1559348,1.1632866,1.3856136,1.3869133,1.3204693,0.49891916,0.04651464,0.0
0.0,1.9723544,0.0,0.0,0.18612926,5.4161596,0.0,1.6658117,2.3872418,2.624408,0.0,3.5403013,1.2579819
0.0,2.0161138,0.0,0.0,0.22152196,5.4623394,0.0,1.7487066,2.4135294,2.7602627,0.0,3.5760353,1.2318195
0.0,1.8859522,0.0,0.0,0.42243287,5.265828,0.0,1.7070838,1.9144018,2.7629797,0.0,3.4222476,1.5912126
0.0,2.0840206,0.0,0.0,0.21249583,5.667042,0.0,1.7356917,2.461,2.7696893,0.0,3.7313962,1.4142343
0.0,0.0,1.5284524,0.0,5.373901,2.0045223,0.2250265,4.300669,3.056353,3.0959752,0.73626465,0.0,0.7585328
0.0,0.0,1.5680199,0.0,5.7993035,2.1878817,0.12789,4.572599,3.228335,3.202821,0.8180331,0.0,0.8285637
0.016467512,0.0,2.6664155,0.0,8.735391,2.9137414,0.14550704,6.6225367,4.9107075,5.041488,0.8850534,0.0,1.726822
0.05657335,0.0,0.9974238,0.0,3.7774444,1.7533303,0.029162575,3.145669,2.4149253,2.0574105,0.46827778,0.0,0.6897252
0.1341678,0.0,2.3575745,0.0,7.8985863,2.988516,0.0,6.0107093,4.553399,4.431017,0.81579214,0.0,1.852194
0.0,2.3928359,0.0,0.0,0.56520855,6.1206036,0.0,1.994698,2.1679668,3.4090567,0.0,4.123306,2.2227664
0.0,0.0,1.5232766,0.0,5.155924,1.8941939,0.39824742,4.227007,3.071394,3.162409,0.63829607,0.0,0.7124654
0.16340272,0.0,2.3523612,0.0,7.910011,3.0173562,0.0,5.9854174,4.4988365,4.483753,0.8002614,0.0,1.9417446
0.0,2.1685603,0.0,0.0,0.45095068,5.671259,0.0,1.8112944,2.0602326,3.0892465,0.0,3.7782137,1.8938432
0.0,0.0,0.58245707,0.0,2.8339672,1.555849,0.8003673,2.3045993,1.5946745,1.7483726,0.5046242,0.0,0.0
0.0,1.991281,0.0,0.0,0.48462585,5.304839,0.0,1.7446781,1.9311509,2.9191833,0.0,3.5542123,1.7519076
0.0,0.0,2.6282227,0.0,8.708647,2.9926786,0.16290209,6.7105994,4.927555,5.0325503,0.9431492,0.0,1.6421328
0.0,1.6922531,0.0,0.0,0.42639324,5.070366,0.0,1.6488745,1.8337193,2.657914,0.0,3.270201,1.4466512
0.021364145,0.0,1.8688984,0.0,6.290976,2.2813127,0.097656384,4.9044695,3.6401687,3.571957,0.6949045,0.0,1.1520845
0.025144558,0.0,2.0979753,0.0,7.136399,2.5750222,0.061080895,5.545577,4.0888915,3.9513986,0.82492554,0.0,1.2990181
0.0,1.9730561,0.0,0.0,0.4498124,5.4953737,0.0,1.7617868,1.982906,2.9398582,0.0,3.663013,1.6995909
0.0,0.0,2.0264332,0.0,6.734316,2.284716,0.36351037,5.2116313,3.7847993,3.951255,0.80350924,0.0,1.0606214
0.26692978,0.0,0.0,0.0,1.354117,2.2273085,1.1273797,1.1428403,1.2243719,1.0200909,0.38264883,0.21719986,0.0
0.034189172,0.0,0.3276713,0.0,2.844476,2.4019759,1.5112804,2.1386783,1.7786367,2.2098806,0.6235377,0.0,0.0
0.0,2.4388855,0.0,0.0,0.5256699,6.2612133,0.0,2.0182433,2.2276514,3.4110098,0.0,4.1836658,2.2459128
0.0,1.8428268,0.0,0.0,0.4205939,5.214617,0.0,1.6692944,1.8911337,2.7652786,0.0,3.4676478,1.5429327
0.0,1.5178201,0.0,0.0,0.16881466,4.5710354,0.06225262,1.4811386,2.0791254,2.1719086,0.0,2.879091,0.7408392
0.0,1.3586059,0.0,0.0,0.54403913,3.079603,0.32039246,1.2944571,1.7121946,1.8822428,0.0,1.9502752,0.4026961
0.0,1.9910448,0.0,0.0,0.4065666,5.457279,0.0,1.716497,1.9585768,2.882012,0.0,3.6142516,1.7649344
0.0,0.0,1.4180744,0.0,4.8471713,1.7712655,0.41635525,3.9701583,2.8656878,2.9779258,0.6018406,0.0,0.6346797
0.058744,0.0,2.341172,0.0,7.855763,2.8243074,0.0056889765,6.0360503,4.5341673,4.439267,0.84507596,0.0,1.608821
0.0,1.9012854,0.0,0.0,0.4176326,5.300993,0.0,1.7016037,1.9244463,2.7887359,0.0,3.4736056,1.6169138
0.0,0.98342735,0.0,0.0,0.5106417,3.5567665,0.051703807,1.2929962,1.2178761,1.9082454,0.0,2.144279,0.82040817
0.0,0.0,1.3848091,0.0,4.530763,1.6275816,0.50433064,3.7337527,2.7304845,2.9338021,0.5346344,0.0,0.5779765
0.0,2.746017,0.0,0.0,0.34780914,6.9115553,0.0,2.103454,2.8608708,3.5616162,0.0,4.68275,2.2287338
0.0,0.0,0.7732558,0.0,3.397738,1.674827,0.6444096,3.0422282,2.0501413,1.8954713,0.56035036,0.0,0.0
0.0,0.0,2.4360118,0.0,8.016202,2.7477415,0.198608,6.2173514,4.608489,4.623335,0.8573133,0.0,1.4940715
0.0,0.826911,0.0,0.0,0.50438344,3.2149339,0.09862384,1.2262838,1.1336371,1.6810278,0.0,1.8661362,0.6352196
0.0,2.5094101,0.0,0.0,0.5159824,6.4690237,0.0,2.0502932,2.2939353,3.5334108,0.0,4.327858,2.3391469
0.0,2.5725117,0.0,0.0,0.33104804,6.616987,0.0,2.009682,2.7407103,3.3809175,0.0,4.4913926,2.0654144
0.0,1.9936504,0.0,0.0,0.43592384,5.5557833,0.0,1.7686198,1.9713813,2.9044502,0.0,3.6498828,1.7861884
0.0,2.3300726,0.0,0.0,0.26024958,6.224518,0.0,1.8662406,2.6538846,3.080919,0.0,4.176975,1.7664897
0.0,1.9411869,0.0,0.0,0.4588845,5.410099,0.0,1.7456841,1.9350722,2.8739433,0.0,3.6025026,1.6615455
0.0,1.2831867,0.0,0.0,0.44788656,4.0906925,0.0,1.3865436,1.44492,2.1732285,0.0,2.677134,0.9443139
0.047869027,0.0,0.39833248,0.0,2.1800132,1.7866882,0.6852472,2.045449,1.5102458,1.111169,0.5599157,0.0,0.0
0.0,0.0,2.7691164,0.0,9.069093,3.023427,0.42974734,7.0008774,5.0936546,5.4011154,0.9781338,0.0,1.5736617
0.0,2.504998,0.0,0.0,0.31173262,6.48452,0.0,1.9651582,2.7071905,3.295218,0.0,4.3938923,1.9735426
0.06362883,0.0,2.4787328,0.0,8.02978,2.7581184,0.036095005,6.081847,4.572795,4.670504,0.7395136,0.0,1.7622951
0.0,1.3593872,0.0,0.0,0.19362025,4.3057985,0.16061613,1.433988,1.9339194,2.0150506,0.0,2.5637832,0.6109628
0.0,0.0,1.3804753,0.0,4.7931547,1.7394583,0.43250257,3.8904233,2.8404922,2.910891,0.6191833,0.0,0.59407324
0.18456206,0.0,2.2649138,0.0,7.645229,3.0587795,0.0,5.819979,4.392223,4.3212676,0.7836741,0.0,1.9673218
0.0,0.0,0.88544273,0.0,3.879395,1.7856417,1.0105426,3.068984,2.0732844,2.3122134,0.6789197,0.0,0.0
0.0,0.0,2.0358214,0.0,6.971794,2.4147651,0.28848082,5.3765993,3.8939404,3.9885812,0.82637626,0.0,1.1089501
0.0,0.0,0.8614597,0.0,3.8346105,1.8167821,0.89508,3.115815,2.0902796,2.164705,0.60659266,0.0,0.0
0.0,0.0,0.71853966,0.0,3.3693125,1.7271739,0.77003723,2.7507243,1.8724595,1.8203111,0.53040385,0.0,0.0
0.0,0.0,0.7336341,0.0,3.391031,1.5496184,0.7443577,2.747832,1.8517418,1.9697502,0.54931873,0.0,0.0
0.070181996,0.0,2.54698,0.0,8.350857,2.846983,0.035716295,6.3057427,4.7228265,4.7945566,0.8119128,0.0,1.7738184
0.0,1.933229,0.0,0.0,0.43606874,5.277155,0.0,1.6951296,1.9199626,2.8366337,0.0,3.4854708,1.7012459
0.18406509,0.0,2.312196,0.0,7.8329167,3.024803,0.0,5.917373,4.46373,4.4446287,0.76956964,0.0,1.9788184
0.0,0.0,0.7483066,0.0,3.2435987,1.6364878,0.5948757,2.9740145,2.0097861,1.8178357,0.52013034,0.0,0.0
0.0,2.4708438,0.0,0.0,0.5344042,6.3757086,0.0,2.0294747,2.250364,3.5020654,0.0,4.30123,2.2982337
0.0,1.6903574,0.0,0.0,0.45410728,4.925069,0.0,1.6082041,1.7422299,2.6014495,0.0,3.2406232,1.4466541
0.05802683,0.0,2.5955346,0.0,8.550559,2.9023905,0.05937119,6.4688277,4.820064,4.885366,0.8506055,0.0,1.755074
0.0,2.7538157,0.0,0.0,0.3584043,6.931245,0.0,2.1141765,2.8523757,3.587823,0.0,4.6968694,2.2566528
0.0,2.4176915,0.0,0.0,0.5334946,6.232457,0.0,2.012545,2.2049332,3.3969343,0.0,4.1595426,2.234732
0.0,2.1295295,0.0,0.0,0.24945745,5.796982,0.0,1.792246,2.4902973,2.8600385,0.0,3.8606856,1.5174598
0.0,1.0637026,0.0,0.0,0.48599043,3.7644625,0.05942313,1.3185598,1.314846,1.9969229,0.0,2.3978128,0.7931512
0.0,2.2325373,0.0,0.0,0.476368,5.9473457,0.0,1.8943695,2.1162539,3.1877491,0.0,3.9868176,2.025309
0.0,2.043428,0.0,0.0,0.45354462,5.5832596,0.0,1.7929507,2.0124998,2.9832983,0.0,3.723376,1.7605146
0.0,2.1244009,0.0,0.0,0.24017893,5.6775084,0.0,1.8048283,2.4845293,2.8840523,0.0,3.7411313,1.3793823
0.0,2.362829,0.0,0.0,0.49644575,6.065009,0.0,1.9206841,2.1852698,3.3710392,0.0,4.1048613,2.150417
0.0,1.7905359,0.0,0.0,0.4657511,5.0604954,0.0,1.6523995,1.7943375,2.713241,0.0,3.369638,1.5664424
0.0,0.0,1.247693,0.0,4.315225,1.6006023,0.32829717,3.5111964,2.55848,2.63288,0.5665968,0.0,0.57496476
0.020955008,0.0,2.4678943,0.0,8.256951,2.7832513,0.14340015,6.247094,4.6080995,4.696116,0.8811586,0.0,1.5615591
0.0,2.3822021,0.0,0.0,0.26335022,6.291998,0.0,1.8859885,2.683766,3.125397,0.0,4.2286415,1.8115062
0.0,0.0,0.5708587,0.0,2.4731681,1.315812,0.59845096,2.195456,1.5605232,1.5195061,0.36089274,0.0,0.007409016
0.0,0.0,1.1560057,0.0,4.5470004,1.7782165,1.1742598,3.5950456,2.3985307,2.8769598,0.675647,0.0,0.0
0.0,1.9931245,0.0,0.0,0.44652748,5.522703,0.0,1.7446269,1.9467595,2.9463456,0.0,3.6769457,1.7878592
0.0,2.4162061,0.0,0.0,0.2783414,6.400818,0.0,1.924199,2.6740375,3.1930492,0.0,4.291183,1.8812459
0.0,0.0,0.9576784,0.0,4.09515,1.8769798,1.0983742,3.2445436,2.1971836,2.4632435,0.72491133,0.0,0.0
0.0,2.3746333,0.0,0.0,0.56732213,6.084857,0.0,1.9833375,2.1520221,3.396467,0.0,4.103599,2.2103834
0.0,0.0,0.495246,0.0,2.5736098,1.3815007,0.6114078,2.101463,1.4375825,1.499219,0.41824132,0.0,0.0
0.0,1.586216,0.0,0.0,0.16108058,4.68266,0.022712097,1.5033863,2.1362667,2.2443178,0.0,3.0007815,0.8095498
0.0,1.4489789,0.0,0.0,0.18383037,4.430414,0.103414476,1.4541924,2.0275657,2.1011448,0.0,2.7541454,0.672478
0.11091343,0.0,0.14617424,0.0,1.1724337,1.6939539,0.62918115,1.182374,1.0368116,0.5918001,0.3301293,0.004340023,0.0
0.24450278,0.0,0.06783329,0.0,1.6073034,2.1949773,1.1809651,1.2849135,1.3632917,1.2215894,0.5418722,0.06462386,0.0
0.0,0.0,0.6272905,0.0,2.9830165,1.5242736,0.72560585,2.4689577,1.6682111,1.7722031,0.4968889,0.0,0.0
0.039180964,0.0,0.42274037,0.0,2.2633426,1.6520138,0.5492065,2.1404285,1.529214,1.1327584,0.51947683,0.0,0.0
0.12677765,0.0,0.25728637,0.0,2.5772595,2.3585865,1.4287548,1.9943962,1.7748287,1.8813837,0.6701298,0.0,0.0
0.0,1.5526431,0.0,0.0,0.47728243,4.6388054,0.0,1.5363659,1.6011395,2.469886,0.0,3.0587964,1.3496088
0.04545887,0.0,2.6190467,0.0,8.591204,2.8902287,0.09400761,6.5054774,4.838712,4.934418,0.8475127,0.0,1.7384301
0.0,2.3791428,0.0,0.0,0.5331458,6.145055,0.0,1.9819772,2.168039,3.358607,0.0,4.112221,2.1938038
0.0,2.4052424,0.0,0.0,0.29636866,6.2720337,0.0,1.9390719,2.6420963,3.1814277,0.0,4.211917,1.8269233
0.21144895,0.0,2.2451563,0.0,7.64281,3.0273964,0.0,5.7615128,4.3651357,4.3419256,0.73853284,0.0,2.0201175
0.03674441,0.0,2.005331,0.0,6.789981,2.4871562,0.050687484,5.281792,3.9412313,3.803644,0.7485009,0.0,1.2928455
0.0,0.0,2.6005046,0.0,8.707569,2.9306138,0.19564748,6.6119494,4.8402514,4.972216,0.9560351,0.0,1.5978054
0.0,2.0198755,0.0,0.0,0.4710346,5.39316,0.0,1.7523181,1.9667654,2.9420218,0.0,3.6098073,1.7672994
0.0,2.3683512,0.0,0.0,0.55451,6.0818787,0.0,1.9696741,2.1600876,3.4010518,0.0,4.107256,2.2086685
0.0,0.0,0.65977913,0.0,2.909033,1.5221268,0.5018169,2.6959941,1.8412356,1.5802395,0.49075016,0.0,0.0
0.0,1.357209,0.0,0.0,0.20756632,4.28831,0.16072895,1.4424306,1.9207042,2.025117,0.0,2.5670514,0.61306214
0.0,1.8011718,0.0,0.0,0.1896094,5.090561,0.0,1.6015201,2.2785964,2.4718492,0.0,3.3195677,1.0703706
0.0,1.5370152,0.0,0.0,0.4545678,4.830922,0.0,1.6023248,1.7299683,2.5305624,0.0,3.1018345,1.3246114
0.0,2.1412158,0.0,0.0,0.22498043,5.7451887,0.0,1.7828974,2.5372443,2.8459706,0.0,3.7918625,1.4193786
0.0,0.0,2.7604706,0.0,9.113549,2.9624763,0.5763386,6.973172,5.022289,5.442318,1.0378658,0.0,1.4481823
0.09761844,0.0,0.24933538,0.0,2.4165564,2.1910636,1.3609471,1.8925136,1.6724977,1.9182159,0.5823336,0.0,0.0
0.0,2.2805023,0.0,0.0,0.5159589,5.8633823,0.0,1.9013218,2.1168334,3.2432919,0.0,3.9623234,2.067317
0.0,0.0,0.93289256,0.0,4.168958,1.8670834,1.0477242,3.285237,2.2058933,2.4677327,0.7110039,0.0,0.0
0.0,1.9944234,0.0,0.0,0.43002298,5.3891487,0.0,1.7212317,1.9473684,2.8681724,0.0,3.5987737,1.6759523
0.0,0.0,1.2706904,0.0,4.146414,1.5961612,0.24128811,3.435339,2.632419,2.5931263,0.3974367,0.0,0.7342119
0.0,2.3093598,0.0,0.0,0.48558766,5.9792347,0.0,1.8971304,2.180013,3.3247569,0.0,4.0635858,2.083442
0.017357491,0.0,0.4819182,0.0,2.483118,1.754438,0.6652169,2.2960184,1.6395211,1.2937909,0.59496194,0.0,0.0
0.0,0.0,0.5590565,0.0,2.3946984,1.1140788,0.32562688,2.1849537,1.5678041,1.3783164,0.3219005,0.0,0.08695815
0.0,2.4841523,0.0,0.0,0.52443445,6.2735586,0.0,2.022137,2.242186,3.447447,0.0,4.2233224,2.2659538
0.26070973,0.0,0.045999303,0.0,1.7181554,2.3605397,1.214191,1.3489721,1.4094498,1.2930893,0.5043545,0.082844555,0.0
0.0,1.638319,0.0,0.0,0.66444427,4.1469965,0.0,1.6030699,2.111988,2.616737,0.0,3.0048141,0.9101675
0.0,2.6541986,0.0,0.0,0.5602177,6.7291727,0.0,2.1546736,2.3674915,3.6794248,0.0,4.51977,2.5142477
0.094435535,0.0,2.3575969,0.0,7.7806444,2.8166075,0.0,5.915888,4.4905033,4.423659,0.78440136,0.0,1.7445629
0.0,0.0,2.7064931,0.0,8.730073,2.831372,0.5441324,6.708036,4.9127693,5.3166924,0.87991977,0.0,1.5055156
0.08556701,0.0,0.36556336,0.0,2.1714704,1.6284776,1.0514994,1.8845427,1.6656193,1.7939256,0.4092865,0.0,0.0
0.0,2.658944,0.0,0.0,0.32686126,6.743167,0.0,2.0499382,2.7999852,3.4496772,0.0,4.5566616,2.1173565
0.0,2.2694933,0.0,0.0,0.28045398,6.068612,0.0,1.8582515,2.5334635,3.0562172,0.0,4.066979,1.7142906
0.0,0.0,2.163749,0.0,6.642886,2.0046744,0.88257575,5.1878858,3.7050905,4.343291,0.8944674,0.0,0.8265674
0.0,1.630585,0.0,0.0,0.15625437,4.7570314,0.000462614,1.5178955,2.1454146,2.3224792,0.0,3.0481935,0.84983647
0.050096504,0.0,2.4991364,0.0,8.224652,2.8500583,0.03417106,6.255226,4.69763,4.6534295,0.85054886,0.0,1.7042503
0.0,1.0187631,0.0,0.0,0.49464366,3.6477566,0.03645473,1.3057556,1.2557249,1.9518967,0.0,2.2299416,0.853448
0.0,2.4865372,0.0,0.0,0.3001147,6.4806366,0.0,1.9607949,2.6845503,3.295242,0.0,4.3723683,1.9560803
0.0,0.0,1.994632,0.0,6.6260314,2.2844248,0.4123558,5.1838512,3.7598846,3.9499488,0.7259498,0.0,1.0310411
0.0,1.9292877,0.0,0.0,0.45807928,5.2359066,0.0,1.7024294,1.9012381,2.8415067,0.0,3.4755557,1.6764867
0.0,0.0,2.8551173,0.0,9.174426,2.9160726,0.73039526,7.065524,5.109194,5.6339593,0.9961706,0.0,1.4432979
0.0,2.0537567,0.0,0.0,0.4682787,5.438924,0.0,1.76763,1.9925638,2.9664092,0.0,3.6441169,1.802173
0.0,1.6305377,0.0,0.0,0.43156692,4.8311453,0.0,1.563475,1.7167366,2.5537248,0.0,3.188394,1.3496853
0.0,2.171335,0.0,0.0,0.49621078,5.7975683,0.0,1.8617597,2.0597756,3.1696088,0.0,3.8390598,2.0152907
0.0,0.0,2.6540914,0.0,8.861775,2.9274764,0.29942715,6.7049894,4.8762093,5.138418,0.9826134,0.0,1.5744638
0.0,0.0,0.75449723,0.0,3.3593802,1.8807464,1.0593153,2.6784265,1.8788079,2.0487704,0.56027514,0.0,0.0
0.0,0.0,0.7938876,0.0,3.5578623,1.772316,0.86241347,2.8462934,1.9448515,1.9710708,0.54141265,0.0,0.0
0.0,0.0,2.8222573,0.0,9.450977,3.045385,0.6658794,7.202103,5.127487,5.6197524,1.1288673,0.0,1.401653
0.0,1.7510347,0.0,0.0,0.4765754,5.0570297,0.0,1.6514794,1.7792089,2.7046175,0.0,3.361895,1.5386088
0.0716859,0.0,2.3895814,0.0,7.8143377,2.7098475,0.019611591,5.9145536,4.481582,4.48179,0.7823461,0.0,1.6923314
0.03392211,0.0,1.3255024,0.0,4.8745856,2.0484643,0.0,3.945624,2.863571,2.6568327,0.6425475,0.0,0.83833504
0.0,1.9683421,0.0,0.0,0.19041878,5.4147024,0.0,1.6706762,2.3814902,2.625546,0.0,3.5344718,1.2485105
0.14731103,0.0,2.3413377,0.0,7.8433757,3.0201652,0.0,5.9737167,4.51396,4.406082,0.8155061,0.0,1.8829927
0.0,2.1468494,0.0,0.0,0.2272258,5.902648,0.0,1.7872041,2.4934978,2.9010174,0.0,3.8988652,1.5536448
0.0,0.0,1.2312739,0.0,5.0528693,1.8453327,1.123045,3.9492972,2.5759947,3.0098655,0.78273904,0.0,0.0
0.051591918,0.0,2.4454098,0.0,8.00807,2.776616,0.046535615,6.092295,4.590484,4.558445,0.82249653,0.0,1.6654617
0.0,1.439177,0.0,0.0,0.47395873,4.6774397,0.0,1.5723974,1.661918,2.4618094,0.0,3.023912,1.2287079
0.0,0.0,2.7907238,0.0,9.40351,3.0952868,0.5141827,7.1750956,5.1426315,5.5018735,1.0907054,0.0,1.4858496
0.07843329,0.0,2.3934643,0.0,7.890132,2.8096056,0.0,5.9973454,4.541784,4.475822,0.80461186,0.0,1.7189914
0.0,0.0,1.2358452,0.0,4.1311607,1.5147557,0.407504,3.3927271,2.4855242,2.621795,0.480198,0.0,0.54385144
0.0,2.1303735,0.0,0.0,0.24134083,5.672533,0.0,1.8080286,2.4899802,2.8878434,0.0,3.745409,1.3702425
0.0,0.0,0.8120823,0.0,3.3389804,1.9345213,1.2300725,2.594341,1.8602136,2.1716716,0.5503062,0.0,0.0
0.0,0.0,2.0033736,0.0,6.749771,2.3791614,0.19430897,5.2330456,3.8130302,3.8988855,0.7570124,0.0,1.1679974
0.0,0.0,0.42625377,0.0,2.2553165,1.7038716,0.77723235,1.9255297,1.4219953,1.2986947,0.41838598,0.0,0.0
0.0,1.9380856,0.0,0.0,0.43869704,5.457385,0.0,1.7491643,1.9400433,2.8612,0.0,3.5923557,1.7342644
0.06347147,0.0,2.5782492,0.0,8.434032,2.8551254,0.059378654,6.3702006,4.7651663,4.857787,0.8168991,0.0,1.7735798
0.0,0.0,2.6682038,0.0,8.948351,2.952668,0.32713675,6.7721186,4.9166822,5.1677423,1.0090604,0.0,1.5528193
0.0,2.3965456,0.0,0.0,0.30331364,6.354678,0.0,1.9362694,2.629054,3.2148294,0.0,4.28013,1.8932929
0.02706024,0.0,2.6510894,0.0,8.693105,2.8927968,0.14031419,6.5799594,4.893282,5.020927,0.868734,0.0,1.7336911
0.112566166,0.0,2.4980223,0.0,8.42998,2.951464,0.0,6.3381233,4.759062,4.732907,0.8622021,0.0,1.813276
0.0,0.0,0.66901195,0.0,3.072775,1.520175,0.7594499,2.4941475,1.694338,1.8132044,0.5309008,0.0,0.0
0.0,2.6318858,0.0,0.0,0.33361498,6.727501,0.0,2.0439205,2.7590704,3.4452217,0.0,4.550047,2.1299298
0.0,0.0,2.8239691,0.0,9.2246895,2.9872043,0.6162554,7.0863476,5.112946,5.5666537,1.026073,0.0,1.4768999
0.0,2.237073,0.0,0.0,0.25723627,5.8632402,0.0,1.8638667,2.5463827,3.006946,0.0,3.8707483,1.4918158
0.0,1.933882,0.0,0.0,0.44701684,5.4273853,0.0,1.7394251,1.9476376,2.891285,0.0,3.6204185,1.69987
0.091487914,0.0,2.423116,0.0,8.051613,2.894605,0.0,6.1254153,4.6275883,4.5132775,0.8417499,0.0,1.7417902
0.0,0.0,1.8226755,0.0,6.2874827,2.308835,0.12441243,4.9402843,3.5874462,3.589629,0.7187102,0.0,1.0763922
0.0,0.0,0.5041693,0.0,2.3719733,1.3170762,0.32270694,2.269942,1.5841132,1.2236935,0.35203815,0.0,0.014511991
0.0,0.0,2.6053987,0.0,8.651647,2.9763806,0.15446271,6.6644235,4.8905773,4.9835844,0.94368637,0.0,1.6259521
0.0,0.0,0.7192477,0.0,3.3307471,1.6519376,0.8085918,2.7145457,1.8416663,1.945145,0.55174637,0.0,0.0
0.0,0.0,2.1422522,0.0,7.061049,2.413712,0.44687828,5.5249085,4.003525,4.2965207,0.7705358,0.0,1.1329465
0.0,2.4100509,0.0,0.0,0.29404,6.3269043,0.0,1.9330581,2.6673577,3.1264997,0.0,4.259365,1.8446348
0.0,2.0323598,0.0,0.0,0.42527494,5.4599276,0.0,1.740576,1.9896059,2.912172,0.0,3.64793,1.6967362
0.0,0.0,1.1123984,0.0,4.685414,1.7746557,1.0081148,3.6824467,2.4177244,2.7206573,0.71908945,0.0,0.0
0.0,2.7047966,0.0,0.0,0.33749,6.841852,0.0,2.0815387,2.8277295,3.5136902,0.0,4.6283484,2.1794863
0.14279011,0.0,1.0086366,0.0,3.9997199,1.9463463,0.0,3.2174,2.4071057,2.1005907,0.54388034,0.0,0.84810305
0.0,0.0,0.60937715,0.0,2.6652176,1.2064601,0.38620403,2.393054,1.6747139,1.5285145,0.38671392,0.0,0.060281515
